<?xml version="1.0" encoding="UTF-8"?>
<request 
    xmlns:xsi="http://www.w3.org/2001/XMLSchema-instance" 
    xsi:noNamespaceSchemaLocation="PortalConfig_1.3.xsd"
    type="update" create-oids="true">
    <!-- sample for creating a user and adding the user to a group -->
        <portal action="locate">
        <user action="update" name="@USERID@" firstname="@FIRST_NAME@" lastname="@LAST_NAME@"
                 password="@PASSWORD@">
            <description>@DESCRIPTION@</description>
            <parameter name="preferredLanguage" type="string" update="set">@LANGUAGE@</parameter>
            <parameter name="cn" type="string" update="set">@USERID@</parameter>
        </user>
        </portal>
</request>
