<?xml version="1.0" encoding="UTF-8"?>
<request xmlns:xsi="http://www.w3.org/2001/XMLSchema-instance"
    xsi:noNamespaceSchemaLocation="PortalConfig_1.3.xsd"
    type="update"
    create-oids="true">

    <!-- Started as a sample for creating a page that contains an existing portlet. 
         Copied from http://publib.boulder.ibm.com/pvc/wp/502/ent/en/InfoCenter/index.html -->
    <portal action="locate">

        
        <!-- uid must match uid attribute of portlet-app in portlet.xml -->
<!--        <web-app action="locate" uid="@PORTLET_APP_UID@"> -->
           <!-- uid must match uid attribute of concrete-portlet-app in portlet.xml -->
<!--           <portlet-app action="locate" uid="@CONCRETE_PORTLET_APP_UID@"> -->
                <!-- name must match content of portlet-name subtag  of concrete-portlet in portlet.xml -->
<!--                <portlet action="locate" objectid="portlet1" name="@CONCRETE_PORTLET_NAME@">
                </portlet>
            </portlet-app>
        </web-app>
 -->
 
 		@OID_COMMANDS@

        <!-- Parent element under which the new page is inserted -->
        <content-node action="locate" objectid="parentPage" uniquename="@PARENT_PAGE_NAME@"/>

        <!-- Note that the preceding elements are needed because the XML request uses ID generating mode
             and the new page must refer to the portlet and the parent place, so the object IDs
             thePortlet and wps.content.root.My_Portal must be defined.
             If you use ID preserving mode and have the correct objectid values for these two resources,
             you do not need to locate them. -->
        
        <!-- The new page. contentparentref attribute must match the objectid of the parent. 
             Change the uniquename attribute to create another page. -->
        <content-node action="update" uniquename="@UNIQUE_PAGE_NAME@"  ordinal="last" 
		         content-parentref="parentPage" active="true" allportletsallowed="true" 
				 create-type="explicit" type="page">
            <supported-markup markup="html" update="set"/>
            <!-- The title and description for the page are read from properties files. The property keys must end with 
			          the strings title, description, and keywords. (Pages do not support keywords.) The prefix attribute 
					  specifies a string that is prepended to the property key so that you can keep titles for different 
					  resources in the same properties file. -->
            <localedata locale="en">
                <title>@PAGE_TITLE@</title>
            </localedata>
            <parameter name="bookmarkable" type="string" update="set">Yes</parameter>
            <access-control externalized="false" owner="uid=wpsadmin,o=default organization" private="false"/>
            
            @COMPONENT_COMMANDS@

<!--
            <component action="create" ordinal="100" type="container" orientation="H">
            <component action="create" ordinal="100" type="container" orientation="V">
                <component action="create" ordinal="100" type="control"> -->
                    <!-- portletref must match the objectid attribute of portlet -->
<!--                    <portletinstance action="update" portletref="portlet1"/>
                </component>
                <component action="create" ordinal="200" type="control"> -->
                    <!-- portletref must match the objectid attribute of portlet -->
<!--                    <portletinstance action="update" portletref="portlet1"/>
                </component>
            </component>
 -->

<!--
            <component action="update" active="true" ordinal="100" orientation="V" type="container">
                <component action="update" active="true" ordinal="300" orientation="H" type="container">
                    <component action="update" active="true" ordinal="100" type="control">
                        <portletinstance action="update" portletref="portlet1"/>
                    </component>
                </component>
                <component action="update" active="true" ordinal="400" orientation="H" type="container">
                    <component action="update" active="true" ordinal="100" orientation="V" type="container">
                        <component action="update" active="true" ordinal="100" type="control">
                            <portletinstance action="update" portletref="portlet1"/>
                        </component>
                    </component>
                    <component action="update" active="true" ordinal="200" orientation="V" type="container">
                        <component action="update" active="true" ordinal="100" orientation="V" type="container">
                            <component action="update" active="true" ordinal="100" type="control">
                                <portletinstance action="update" portletref="portlet1"/>
                            </component>
                        </component>
                        <component action="update" active="true" ordinal="200" orientation="V" type="container"/>
                    </component>
                </component>
            </component>
 -->

        </content-node>

    </portal>
</request>
