<?xml version="1.0" encoding="UTF-8"?>
<request 
    xmlns:xsi="http://www.w3.org/2001/XMLSchema-instance" 
    xsi:noNamespaceSchemaLocation="PortalConfig_1.3.xsd"
    type="update" create-oids="true">
	<portal action="locate">
        <!-- Sample for deploying themes and skins in an XML script. Note that this only created the database entries;
             you still need to provide the rendering JSPs under the resource root directories specified in the XML. -->

		<skin action="update" active="true" objectid="@SKIN_REF_ID@" 
		         uniquename="@SKIN_NAME@" resourceroot="@SKIN_ROOT@">
			<localedata locale="en">
				<title>@SKIN_TITLE@</title>
                <description>@SKIN_DESCRIPTION@</description>
			</localedata>
		</skin>
		<theme action="update" active="true" defaultskinref="@SKIN_REF_ID@" 
		         uniquename="@THEME_NAME@" resourceroot="@THEME_ROOT@">
			<localedata locale="en">
				<title>@THEME_TITLE@</title>
			</localedata>
            <!-- There's only one skin that may be combined with this theme. -->
			<allowed-skin skin="@SKIN_REF_ID@" update="set"/>
		</theme>

	</portal>
</request>
