<?xml version="1.0" encoding="UTF-8"?>
<request
    xmlns:xsi="http://www.w3.org/2001/XMLSchema-instance"
    xsi:noNamespaceSchemaLocation="PortalConfig_1.3.xsd"
    type="update"
    create-oids="true">

    <portal action="locate">
        
        <!-- uid must match uid attribute of portlet-app in portlet.xml -->
        <web-app action="update" active="true" uid="@PORTLET_APP_UID@">
        	<url>@WAR_FILE_URL@</url>
<!--            <url>file://localhost/$server_root$/installableApps/EProdLCVersionConfigPortlet.war</url> -->
           <!-- uid must match uid attribute of concrete-portlet-app in portlet.xml -->
<!--            <portlet-app action="update" active="true" name="EProdLCVersionConfigPortlet application" uid="@CONCRETE_PORTLET_APP_UID@"> -->
            <portlet-app action="update" active="true" uid="@CONCRETE_PORTLET_APP_UID@">
                <!-- Name must match content of portlet-name subtag  of concrete-portlet in portlet.xml -->
                <portlet action="update" active="true" name="@CONCRETE_PORTLET_NAME@">
<!--
                    <parameter name="FilterChain" type="string" update="set">StrutsTranscoding</parameter>
                    <parameter name="ejbDeployBpelJndiName" type="string" update="set">ejb/com/ibm/eprod/bpelgeneration/facade/BpelGenerationFacadeHome</parameter>
                    <parameter name="ejbJndiName" type="string" update="set">ejb/com/ibm/eprod/version/facade/EProdVersionConfiguratorHome</parameter>
                    <access-control externalized="false" owner="uid=wpsadmin,o=default organization" private="false"/>
 -->
                </portlet>
            </portlet-app>
        </web-app>

    </portal>
</request>
