<?xml version="1.0"?>

<!DOCTYPE project [
    <!ENTITY elements SYSTEM "elements.xml">
]>

<!-- Generated from ids.local.xml. -->

<project name="ids" xmlns:ids="ids" xmlns:ids.local="ids.local">
  <import file="../asc/asc.xml" />
  <import file="ids.local.xml" />
  <description>IBM Directory Server</description>

  <!-- ===================================================================== -->
  <!-- Artifacts for remote invocation of addPortalUsers -->
  <!-- ===================================================================== -->
  <macrodef name="addPortalUsers" uri="ids" >
    <attribute name="idsclienthome" />
    <attribute name="idsusername" default="cn=root" />
    <attribute name="idspassword" />
    <attribute name="ldapsuffix" />
    <attribute name="ldapsuffixline1" />
    <attribute name="ldapsuffixline2" />
    <attribute name="wpsadminusername" default="wpsadmin" />
    <attribute name="wpsadminpassword" />
    <attribute name="wpsbindusername" default="wpsbind" />
    <attribute name="wpsbindpassword" />
    <attribute name="wpsadmingroup" default="wpsadmins" />
    <attribute name="agent" description="ASC agent handle for remoting execution." />
    <sequential>
      <_asc_init agent="@{agent}" />

      <invokeRemoteAnt fileName="library/ids/ids.xml" target="_ids:addPortalUsers" isPutFile="false" agent="@{agent}">
        <remoteAntProperty name="idsclienthome" value="@{idsclienthome}" />
        <remoteAntProperty name="idsusername" value="@{idsusername}" />
        <remoteAntProperty name="idspassword" value="@{idspassword}" />
        <remoteAntProperty name="ldapsuffix" value="@{ldapsuffix}" />
        <remoteAntProperty name="ldapsuffixline1" value="@{ldapsuffixline1}" />
        <remoteAntProperty name="ldapsuffixline2" value="@{ldapsuffixline2}" />
        <remoteAntProperty name="wpsadminusername" value="@{wpsadminusername}" />
        <remoteAntProperty name="wpsadminpassword" value="@{wpsadminpassword}" />
        <remoteAntProperty name="wpsbindusername" value="@{wpsbindusername}" />
        <remoteAntProperty name="wpsbindpassword" value="@{wpsbindpassword}" />
        <remoteAntProperty name="wpsadmingroup" value="@{wpsadmingroup}" />
      </invokeRemoteAnt>
    </sequential>
  </macrodef>

  <target name="_ids:addPortalUsers" >
    <ids.local:addPortalUsers idsclienthome="${idsclienthome}" idsusername="${idsusername}" idspassword="${idspassword}" ldapsuffix="${ldapsuffix}" ldapsuffixline1="${ldapsuffixline1}" ldapsuffixline2="${ldapsuffixline2}" wpsadminusername="${wpsadminusername}" wpsadminpassword="${wpsadminpassword}" wpsbindusername="${wpsbindusername}" wpsbindpassword="${wpsbindpassword}" wpsadmingroup="${wpsadmingroup}" >
    </ids.local:addPortalUsers>
  </target>

  <!-- ===================================================================== -->
  <!-- Artifacts for remote invocation of configureDatabase -->
  <!-- ===================================================================== -->
  <macrodef name="configureDatabase" uri="ids" >
    <attribute name="location" description="Specifies the location of the DB2 database. For UNIX systems, this is a directory name such as /home/ldapdb. For Windows systems, this is a drive letter such as C:" />
    <attribute name="databasename" default="LDAPDB" />
    <attribute name="db2adminuserid" default="db2admin" />
    <attribute name="db2adminpassword" />
    <attribute name="agent" description="ASC agent handle for remoting execution." />
    <sequential>
      <_asc_init agent="@{agent}" />

      <invokeRemoteAnt fileName="library/ids/ids.xml" target="_ids:configureDatabase" isPutFile="false" agent="@{agent}">
        <remoteAntProperty name="location" value="@{location}" />
        <remoteAntProperty name="databasename" value="@{databasename}" />
        <remoteAntProperty name="db2adminuserid" value="@{db2adminuserid}" />
        <remoteAntProperty name="db2adminpassword" value="@{db2adminpassword}" />
      </invokeRemoteAnt>
    </sequential>
  </macrodef>

  <target name="_ids:configureDatabase" >
    <ids.local:configureDatabase location="${location}" databasename="${databasename}" db2adminuserid="${db2adminuserid}" db2adminpassword="${db2adminpassword}" >
    </ids.local:configureDatabase>
  </target>

  <!-- ===================================================================== -->
  <!-- Artifacts for remote invocation of createSuffix -->
  <!-- ===================================================================== -->
  <macrodef name="createSuffix" uri="ids" >
    <attribute name="failonerror" default="false" />
    <attribute name="suffix" />
    <attribute name="agent" description="ASC agent handle for remoting execution." />
    <sequential>
      <_asc_init agent="@{agent}" />

      <invokeRemoteAnt fileName="library/ids/ids.xml" target="_ids:createSuffix" isPutFile="false" agent="@{agent}">
        <remoteAntProperty name="failonerror" value="@{failonerror}" />
        <remoteAntProperty name="suffix" value="@{suffix}" />
      </invokeRemoteAnt>
    </sequential>
  </macrodef>

  <target name="_ids:createSuffix" >
    <ids.local:createSuffix failonerror="${failonerror}" suffix="${suffix}" >
    </ids.local:createSuffix>
  </target>

  <!-- ===================================================================== -->
  <!-- Artifacts for remote invocation of ldapadd -->
  <!-- ===================================================================== -->
  <macrodef name="ldapadd" uri="ids" >
    <attribute name="idsclienthome" />
    <attribute name="username" default="cn=root" />
    <attribute name="password" />
    <attribute name="ldiffile" />
    <attribute name="agent" description="ASC agent handle for remoting execution." />
    <sequential>
      <_asc_init agent="@{agent}" />

      <invokeRemoteAnt fileName="library/ids/ids.xml" target="_ids:ldapadd" isPutFile="false" agent="@{agent}">
        <remoteAntProperty name="idsclienthome" value="@{idsclienthome}" />
        <remoteAntProperty name="username" value="@{username}" />
        <remoteAntProperty name="password" value="@{password}" />
        <remoteAntProperty name="ldiffile" value="@{ldiffile}" />
      </invokeRemoteAnt>
    </sequential>
  </macrodef>

  <target name="_ids:ldapadd" >
    <ids.local:ldapadd idsclienthome="${idsclienthome}" username="${username}" password="${password}" ldiffile="${ldiffile}" >
    </ids.local:ldapadd>
  </target>

  <!-- ===================================================================== -->
  <!-- Artifacts for remote invocation of setAdminInfo -->
  <!-- ===================================================================== -->
  <macrodef name="setAdminInfo" uri="ids" >
    <attribute name="admindn" default="cn=root" />
    <attribute name="adminpassword" />
    <attribute name="agent" description="ASC agent handle for remoting execution." />
    <sequential>
      <_asc_init agent="@{agent}" />

      <invokeRemoteAnt fileName="library/ids/ids.xml" target="_ids:setAdminInfo" isPutFile="false" agent="@{agent}">
        <remoteAntProperty name="admindn" value="@{admindn}" />
        <remoteAntProperty name="adminpassword" value="@{adminpassword}" />
      </invokeRemoteAnt>
    </sequential>
  </macrodef>

  <target name="_ids:setAdminInfo" >
    <ids.local:setAdminInfo admindn="${admindn}" adminpassword="${adminpassword}" >
    </ids.local:setAdminInfo>
  </target>

  <!-- ===================================================================== -->
  <!-- Artifacts for remote invocation of startIDS -->
  <!-- ===================================================================== -->
  <macrodef name="startIDS" uri="ids" >
    <attribute name="failonerror" default="false" />
    <attribute name="version" default="5.2" />
    <attribute name="agent" description="ASC agent handle for remoting execution." />
    <sequential>
      <_asc_init agent="@{agent}" />

      <invokeRemoteAnt fileName="library/ids/ids.xml" target="_ids:startIDS" isPutFile="false" agent="@{agent}">
        <remoteAntProperty name="failonerror" value="@{failonerror}" />
        <remoteAntProperty name="version" value="@{version}" />
      </invokeRemoteAnt>
    </sequential>
  </macrodef>

  <target name="_ids:startIDS" >
    <ids.local:startIDS failonerror="${failonerror}" version="${version}" >
    </ids.local:startIDS>
  </target>

  <!-- ===================================================================== -->
  <!-- Artifacts for remote invocation of stopIDS -->
  <!-- ===================================================================== -->
  <macrodef name="stopIDS" uri="ids" >
    <attribute name="failonerror" default="false" />
    <attribute name="version" default="5.2" />
    <attribute name="agent" description="ASC agent handle for remoting execution." />
    <sequential>
      <_asc_init agent="@{agent}" />

      <invokeRemoteAnt fileName="library/ids/ids.xml" target="_ids:stopIDS" isPutFile="false" agent="@{agent}">
        <remoteAntProperty name="failonerror" value="@{failonerror}" />
        <remoteAntProperty name="version" value="@{version}" />
      </invokeRemoteAnt>
    </sequential>
  </macrodef>

  <target name="_ids:stopIDS" >
    <ids.local:stopIDS failonerror="${failonerror}" version="${version}" >
    </ids.local:stopIDS>
  </target>

  <!-- ===================================================================== -->
  <!-- Artifacts for remote invocation of updateDB2AdminPassword -->
  <!-- ===================================================================== -->
  <macrodef name="updateDB2AdminPassword" uri="ids" description="Update IDS config with a new DB2 administrator password.  Assumes that the password is also changed through the operating system." >
    <attribute name="db2adminpassword" description="New DB2 administrator password." />
    <attribute name="agent" description="ASC agent handle for remoting execution." />
    <sequential>
      <_asc_init agent="@{agent}" />

      <invokeRemoteAnt fileName="library/ids/ids.xml" target="_ids:updateDB2AdminPassword" isPutFile="false" agent="@{agent}">
        <remoteAntProperty name="db2adminpassword" value="@{db2adminpassword}" />
      </invokeRemoteAnt>
    </sequential>
  </macrodef>

  <target name="_ids:updateDB2AdminPassword" >
    <ids.local:updateDB2AdminPassword db2adminpassword="${db2adminpassword}" >
    </ids.local:updateDB2AdminPassword>
  </target>

  <!-- ===================================================================== -->
  <!-- Verification target for syntax checking -->
  <!-- ===================================================================== -->
  <target name="_verify" >
    <ids:addPortalUsers idsclienthome="test" idsusername="test" idspassword="test" ldapsuffix="test" ldapsuffixline1="test" ldapsuffixline2="test" wpsadminusername="test" wpsadminpassword="test" wpsbindusername="test" wpsbindpassword="test" wpsadmingroup="test" agent="test" />
    <ids:configureDatabase location="test" databasename="test" db2adminuserid="test" db2adminpassword="test" agent="test" />
    <ids:createSuffix failonerror="test" suffix="test" agent="test" />
    <ids:ldapadd idsclienthome="test" username="test" password="test" ldiffile="test" agent="test" />
    <ids:setAdminInfo admindn="test" adminpassword="test" agent="test" />
    <ids:startIDS failonerror="test" version="test" agent="test" />
    <ids:stopIDS failonerror="test" version="test" agent="test" />
    <ids:updateDB2AdminPassword db2adminpassword="test" agent="test" />
  </target>
</project>
