<project name="ids.local" basedir="." xmlns:ids="ids.local" xmlns:os="os.local">
	<description>IBM Directory Server</description>
	
	<import file="../os/os.local.xml" />

<!-- Relative file references must be relative to this buildfile;
		since this buildfile is typically imported by other buildfiles,
		a property that points to the directory containing this buildfile is created. -->
	<dirname file="${ant.file.ids.local}" property="ids.local.basedir" />

	
	<macrodef name="startIDS" uri="ids.local">
		<attribute name="failonerror" default="false" />
		<attribute name="version" default="5.2" />
		<sequential>
			<os:windowsStartService name="IBM Tivoli Directory Server V@{version}" />
		</sequential>
	</macrodef>

	<macrodef name="stopIDS" uri="ids.local">
		<attribute name="failonerror" default="false" />
		<attribute name="version" default="5.2" />
		<sequential>
			<os:windowsStopService name="IBM Tivoli Directory Server V@{version}" />
		</sequential>
	</macrodef>

	<macrodef name="createSuffix" uri="ids.local">
		<attribute name="failonerror" default="false" />
		<attribute name="suffix" />
		<sequential>
			<os:runCmd cmd="ldapcfg" failonerror="@{failonerror}">
				<arg value="-s" />
				<arg value="@{suffix}" />
				<arg value="-n" />
			</os:runCmd>
		</sequential>
	</macrodef>

	
	<macrodef name="configureDatabase" uri="ids.local">
		<attribute name="location" description="Specifies the location of the DB2 database. For UNIX systems, this is a directory name such as /home/ldapdb. For Windows systems, this is a drive letter such as C:" />
		<attribute name="databaseName" default="LDAPDB" />
		<attribute name="db2AdminUserid" default="db2admin" />
		<attribute name="db2AdminPassword" />
		<sequential>
			<os:runCmd cmd="ldapcfg" failonerror="true">
				<arg value="-l" />
				<arg value="@{location}" />
				<arg value="-d" />
				<arg value="@{databaseName}" />
				<arg value="-a" />
				<arg value="@{db2AdminUserid}" />
				<arg value="-w" />
				<arg value="@{db2AdminPassword}" />
				<arg value="-i" />
				<arg value="-o" />
				<arg value="-r" />
				<arg value="-n" />
			</os:runCmd>
		</sequential>
	</macrodef>

	<macrodef name="setAdminInfo" uri="ids.local">
		<attribute name="adminDN" default="cn=root" />
		<attribute name="adminPassword" />
		<sequential>
			<os:runCmd cmd="ldapcfg" failonerror="true">
				<arg value="-u" />
				<arg value="@{adminDN}" />
				<arg value="-p" />
				<arg value="@{adminPassword}" />
				<arg value="-n" />
			</os:runCmd>
		</sequential>
	</macrodef>

	<macrodef name="updateDB2AdminPassword" uri="ids.local" description="Update IDS config with a new DB2 administrator password.  Assumes that the password is also changed through the operating system.">
		<attribute name="db2AdminPassword" description="New DB2 administrator password." />
		<sequential>
			<os:runCmd cmd="ldapcfg">
				<arg value="-w" />
				<arg value="@{db2AdminPassword}" />
			</os:runCmd>
		</sequential>
	</macrodef>

	<macrodef name="ldapadd" uri="ids.local">
		<attribute name="idsClientHome" />
		<attribute name="userName" default="cn=root" />
		<attribute name="password" />
		<attribute name="ldifFile" />
		<sequential>
			<os:runCmd cmd="@{idsClientHome}/bin/ldapadd" failonerror="true">
				<arg value="-a" />
				<arg value="-c" />
				<arg value="-D" />
				<arg value="@{userName}" />
				<arg value="-w" />
				<arg value="@{password}" />
				<arg value="-f" />
				<arg value="@{ldifFile}" />
			</os:runCmd>
		</sequential>
	</macrodef>

	<macrodef name="addPortalUsers" uri="ids.local">
		<attribute name="idsClientHome" />
		<attribute name="idsUserName" default="cn=root" />
		<attribute name="idsPassword" />
		<attribute name="ldapSuffix" />
		<attribute name="ldapSuffixLine1" />
		<attribute name="ldapSuffixLine2" />
		<attribute name="wpsAdminUserName" default="wpsadmin" />
		<attribute name="wpsAdminPassword" />
		<attribute name="wpsBindUserName" default="wpsbind" />
		<attribute name="wpsBindPassword" />
		<attribute name="wpsAdminGroup" default="wpsadmins" />
		<sequential>
			<copy file="${ids.local.basedir}/files/portalUsers.ldif.template" tofile="${ids.local.basedir}/files/portalUsers.ldif" overwrite="true">
				<filterset>
					<filter token="FULL_LDAP_SUFFIX" value="@{ldapSuffix}" />
					<filter token="LDAP_SUFFIX_LINE1" value="@{ldapSuffixLine1}" />
					<filter token="LDAP_SUFFIX_LINE2" value="@{ldapSuffixLine2}" />
					<filter token="WPS_ADMIN_USER" value="@{wpsAdminUserName}" />
					<filter token="WPS_ADMIN_PSWD" value="@{wpsAdminPassword}" />
					<filter token="WPS_BIND_USER" value="@{wpsBindUserName}" />
					<filter token="WPS_BIND_PSWD" value="@{wpsBindPassword}" />
					<filter token="WPS_ADMIN_GRP" value="@{wpsAdminGroup}" />
				</filterset>
			</copy>
			<ids:ldapadd idsClientHome="@{idsClientHome}"  userName="@{idsUserName}" password="@{idsPassword}"
						 ldifFile="${ids.local.basedir}/files/portalUsers.ldif" />
		</sequential>
	</macrodef>
</project>