<project name="os.local" basedir="." xmlns:os="os.local">
	<description>Provides generic tasks for platform commands.  By centralizing
	platform-specific implementations here, macros in other libraries can be
	developed without concern for platform specifics.  Additional platform support
	can be added by updating library/os/os.xml.</description>


	<!-- Relative file references must be relative to this buildfile;
		since this buildfile is typically imported by other buildfiles,
		a property that points to the directory containing this buildfile is created. -->
	<dirname file="${ant.file.os.local}" property="os.local.basedir" />


	<macrodef name="runCmd" uri="os.local" description="Invoke an executable.">
		<attribute name="cmd" description="Command to execute.  If needed, only platform-specific file separators should be used." />
		<attribute name="dir" default="."
			description="Directory in which to execute the command.  Defaults to the current directory.  File separators are corrected." />
		<attribute name="runAsUser" default=""
			description="User to run as (currently applies only to Linux)" />
		<attribute name="spawn" default="false"
			description="Whether to run the command in a separate process. Defaults to false." />
		<attribute name="failonerror" default="true"
			description="Stop the ant process if the command exits with a return code signaling failure. Defaults to true." />
		<element name="args" implicit="true" optional="true"
			description="Contains nested arg elements.  File separators are not corrected." />
		<sequential>
			<if>
				<os family="windows" />
				<then>
					<if>
						<equals arg1="@{spawn}" arg2="true" />
						<then>
							<exec dir="@{dir}" executable="@{cmd}" vmlauncher="false" spawn="true">
								<args />
							</exec>
<!-- Removed invocation via command interpreter 20060110 steveims
     Do we need to set vmlauncher=="false"?  Any reason not to?
							<exec dir="@{dir}" executable="cmd.exe" spawn="true">
								<arg value="/C" />
								<arg value="@{cmd}" />
								<args />
							</exec>
 -->
						</then>

						<else>
							<exec dir="@{dir}" executable="@{cmd}" vmlauncher="false" failonerror="@{failonerror}">
								<args />
							</exec>
<!-- Removed invocation via command interpreter 20060110 steveims
     Do we need to set vmlauncher=="false"?  Any reason not to?
							<exec dir="@{dir}" executable="cmd.exe" failonerror="@{failonerror}">
								<arg value="/C" />
								<arg value="@{cmd}" />
								<args />
							</exec>
 -->
						</else>
					</if>
				</then>

				<elseif>
					<os name="Linux" />
					<then>
						<if>
							<equals arg1="@{runAsUser}" arg2="" />
							<then>
								<if>
									<equals arg1="@{spawn}" arg2="true" />
									<then>
										<exec dir="@{dir}" executable="@{cmd}" spawn="true">
											<args />
										</exec>
									</then>

									<else>
										<exec dir="@{dir}" executable="@{cmd}"
											failonerror="@{failonerror}">
											<args />
										</exec>
									</else>
								</if>
							</then>

							<else>
								<!-- Invoke the command + args via su.  Requires conversion of cmd + nested args to one arg. -->
								<!-- Also, su is invoked with "-" so that the user's login setup is processed.  The "-" argument
                                     causes the process to start at that user's home directory, which means the dir attribute
									 on the exec task is useless.  To compensate, the command will start with "cd @{dir};".
									 Further, transform @{dir} into an absolute reference to cover all cases. -->
								<pathconvert targetos="${os.family}" property="_os.dir">
									<path location="@{dir}" />
								</pathconvert>

								<java classname="com.ibm.asc.utils.asc.NestedArgsToStdout"
									fork="true" outputproperty="_os.args" failonerror="true">
									<arg value="cd ${_os.dir};" />
									<arg value="@{cmd}" />
									<args />
									<classpath>
										<pathelement location="${os.local.basedir}/../asc/files/jar/asc.jar" />
									</classpath>
								</java>

								<if>
									<equals arg1="@{spawn}" arg2="true" />
									<then>
										<exec executable="su" dir="${_os.dir}" spawn="true">
											<arg value="-" />
											<arg value="-c" />
											<arg value="${_os.args}" />
											<arg value="@{runAsUser}" />
										</exec>
									</then>

									<else>
										<exec executable="su" dir="${_os.dir}"
											failonerror="@{failOnError}">
											<arg value="-" />
											<arg value="-c" />
											<arg value="${_os.args}" />
											<arg value="@{runAsUser}" />
										</exec>
									</else>
								</if>

								<unset name="_os.args" />
								<unset name="_os.dir" />
							</else>
						</if>
					</then>
				</elseif>

				<else>
					<fail message="runCmd invoked on unsupported platform (os.name=${os.name})." />
				</else>
			</if>
		</sequential>
	</macrodef>

	<macrodef name="runShellScript" uri="os.local"
		description="Invoke a script via the shell interpreter.">
		<attribute name="shellScript" description="Filename of the shell script.  File separators are corrected." />
		<attribute name="unixSuffix" default=".sh"
			description="Shell script suffix on Unix systems.  Defaults to .sh" />
		<attribute name="windowsSuffix" default=".bat"
			description="Shell script suffix on Windows systems.  Defaults to .bat." />
		<attribute name="dir" default="."
			description="the directory in which to execute the batch script. Defaults to the current directory." />
		<attribute name="runAsUser" default=""
			description="the user to run as (currently applies only to Linux)" />
		<attribute name="spawn" default="false"
			description="whether to run the command in a separate process. Defaults to false." />
		<attribute name="failonerror" default="true"
			description="Stop the ant process if the batch script exits with a return code signaling failure. Defaults to true." />
		<element name="args" implicit="true" optional="true"
			description="Contains nested arg elements.  File separators are not corrected." />
		<sequential>
			<if>
				<os family="windows" />
				<then>
					<!-- <exec executable="../mytest.bat" vmlauncher="true" /> works -->
					<!-- <exec executable="../mytest" vmlauncher="false" /> works -->
					<!-- <exec executable="../mytest" vmlauncher="true" /> doesn't -->
					
					<!-- <exec executable="dir" vmlauncher="false" /> works -->
					<!-- <exec executable="dir" vmlauncher="true" /> doesn't -->
					<os:runCmd cmd="@{shellScript}@{windowsSuffix}" dir="@{dir}"
						runAsUser="@{runAsUser}" spawn="@{spawn}" failonerror="@{failonerror}">
						<args />
					</os:runCmd>
				</then>

				<elseif>
					<os name="Linux" />
					<then>
						<os:runCmd cmd="/bin/sh" dir="@{dir}" runAsUser="@{runAsUser}"
							spawn="@{spawn}" failonerror="@{failonerror}">
							<arg value="@{shellScript}@{unixSuffix}" />
							<args />
						</os:runCmd>
					</then>
				</elseif>

				<else>
					<fail
						message="runShellScript invoked on unsupported platform (os.name=${os.name})." />
				</else>
			</if>
		</sequential>
	</macrodef>

	<macrodef name="changeUserPassword" uri="os.local" description="Change password for a given user.">
		<attribute name="username"
			description="Username of account for which the password will be changed." />
		<attribute name="password" description="New password." />
		<attribute name="runAsUser" default=""
			description="User under which to run the command (does not apply to Windows)." />
		<sequential>
			<if>
				<os family="windows" />
				<then>
					<os:runCmd cmd="net">
						<arg value="user" />
						<arg value="@{username}" />
						<arg value="@{password}" />
					</os:runCmd>
				</then>

				<else>
					<fail
						message="changeUserPassword invoked on unsupported platform (os.name=${os.name})." />
				</else>
			</if>
		</sequential>
	</macrodef>

	<macrodef name="windowsStopService" uri="os.local">
		<attribute name="name" />
		<attribute name="failonerror" default="false" />
		<sequential>
			<if>
				<os family="windows" />
				<then>
					<os:runCmd cmd="net" failonerror="@{failonerror}">
						<arg value="stop" />
						<arg value="@{name}" />
					</os:runCmd>
				</then>

				<else>
					<fail
						message="windowsStopService invoked on unsupported platform (os.name=${os.name})." />
				</else>
			</if>
		</sequential>
	</macrodef>

	<macrodef name="windowsStartService" uri="os.local">
		<attribute name="name" />
		<attribute name="failonerror" default="false" />
		<sequential>
			<if>
				<os family="windows" />
				<then>
					<os:runCmd cmd="net" failonerror="@{failonerror}">
						<arg value="start" />
						<arg value="@{name}" />
					</os:runCmd>
				</then>

				<else>
					<fail
						message="windowsStartService invoked on unsupported platform (os.name=${os.name})." />
				</else>
			</if>
		</sequential>
	</macrodef>

	<macrodef name="windowsUpdateServicePassword" uri="os.local"
		description="Change the password associated with a Windows service.">
		<attribute name="serviceName" />
		<attribute name="newPassword" />
		<sequential>
			<if>
				<os family="windows" />
				<then>
					<os:runCmd cmd="sc">
						<arg value="config" />
						<arg value="@{servicename}" />
						<arg value="password=" />
						<arg value="@{newPassword}" />
					</os:runCmd>
				</then>

				<else>
					<fail
						message="windowsUpdateServicePassword invoked on unsupported platform (os.name=${os.name})." />
				</else>
			</if>
		</sequential>
	</macrodef>
</project>
