<?xml version="1.0"?>

<!DOCTYPE project [
    <!ENTITY elements SYSTEM "elements.xml">
]>

<!-- Generated from os.local.xml. -->

<project name="os" xmlns:os="os" xmlns:os.local="os.local">
  <import file="../asc/asc.xml" />
  <import file="os.local.xml" />
  <description>Provides generic tasks for platform commands.  By centralizing
	platform-specific implementations here, macros in other libraries can be
	developed without concern for platform specifics.  Additional platform support
	can be added by updating library/os/os.xml.</description>

  <!-- ===================================================================== -->
  <!-- Artifacts for remote invocation of changeUserPassword -->
  <!-- ===================================================================== -->
  <macrodef name="changeUserPassword" uri="os" description="Change password for a given user." >
    <attribute name="username" description="Username of account for which the password will be changed." />
    <attribute name="password" description="New password." />
    <attribute name="runasuser" default="" description="User under which to run the command (does not apply to Windows)." />
    <attribute name="agent" description="ASC agent handle for remoting execution." />
    <sequential>
      <_asc_init agent="@{agent}" />

      <invokeRemoteAnt fileName="library/os/os.xml" target="_os:changeUserPassword" isPutFile="false" agent="@{agent}">
        <remoteAntProperty name="username" value="@{username}" />
        <remoteAntProperty name="password" value="@{password}" />
        <remoteAntProperty name="runasuser" value="@{runasuser}" />
      </invokeRemoteAnt>
    </sequential>
  </macrodef>

  <target name="_os:changeUserPassword" >
    <os.local:changeUserPassword username="${username}" password="${password}" runasuser="${runasuser}" >
    </os.local:changeUserPassword>
  </target>

  <!-- ===================================================================== -->
  <!-- Artifacts for remote invocation of runCmd -->
  <!-- ===================================================================== -->
  <macrodef name="runCmd" uri="os" description="Invoke an executable." >
    <attribute name="cmd" description="Command to execute.  If needed, only platform-specific file separators should be used." />
    <attribute name="dir" default="." description="Directory in which to execute the command.  Defaults to the current directory.  File separators are corrected." />
    <attribute name="runasuser" default="" description="User to run as (currently applies only to Linux)" />
    <attribute name="spawn" default="false" description="Whether to run the command in a separate process. Defaults to false." />
    <attribute name="failonerror" default="true" description="Stop the ant process if the command exits with a return code signaling failure. Defaults to true." />
    <attribute name="agent" description="ASC agent handle for remoting execution." />
    <element name="args" optional="true" implicit="true" description="Contains nested arg elements.  File separators are not corrected." />
    <sequential>
      <_asc_init agent="@{agent}" />

      <invokeRemoteAnt fileName="library/os/os.xml" target="_os:runCmd" isPutFile="false" agent="@{agent}">
        <remoteAntProperty name="cmd" value="@{cmd}" />
        <remoteAntProperty name="dir" value="@{dir}" />
        <remoteAntProperty name="runasuser" value="@{runasuser}" />
        <remoteAntProperty name="spawn" value="@{spawn}" />
        <remoteAntProperty name="failonerror" value="@{failonerror}" />
        <remoteAntElement name="args" implicit="true">
          <args />
        </remoteAntElement>
      </invokeRemoteAnt>
    </sequential>
  </macrodef>

  <target name="_os:runCmd" >
    <os.local:runCmd cmd="${cmd}" dir="${dir}" runasuser="${runasuser}" spawn="${spawn}" failonerror="${failonerror}" >
      &elements;
    </os.local:runCmd>
  </target>

  <!-- ===================================================================== -->
  <!-- Artifacts for remote invocation of runShellScript -->
  <!-- ===================================================================== -->
  <macrodef name="runShellScript" uri="os" description="Invoke a script via the shell interpreter." >
    <attribute name="shellscript" description="Filename of the shell script.  File separators are corrected." />
    <attribute name="unixsuffix" default=".sh" description="Shell script suffix on Unix systems.  Defaults to .sh" />
    <attribute name="windowssuffix" default=".bat" description="Shell script suffix on Windows systems.  Defaults to .bat." />
    <attribute name="dir" default="." description="the directory in which to execute the batch script. Defaults to the current directory." />
    <attribute name="runasuser" default="" description="the user to run as (currently applies only to Linux)" />
    <attribute name="spawn" default="false" description="whether to run the command in a separate process. Defaults to false." />
    <attribute name="failonerror" default="true" description="Stop the ant process if the batch script exits with a return code signaling failure. Defaults to true." />
    <attribute name="agent" description="ASC agent handle for remoting execution." />
    <element name="args" optional="true" implicit="true" description="Contains nested arg elements.  File separators are not corrected." />
    <sequential>
      <_asc_init agent="@{agent}" />

      <invokeRemoteAnt fileName="library/os/os.xml" target="_os:runShellScript" isPutFile="false" agent="@{agent}">
        <remoteAntProperty name="shellscript" value="@{shellscript}" />
        <remoteAntProperty name="unixsuffix" value="@{unixsuffix}" />
        <remoteAntProperty name="windowssuffix" value="@{windowssuffix}" />
        <remoteAntProperty name="dir" value="@{dir}" />
        <remoteAntProperty name="runasuser" value="@{runasuser}" />
        <remoteAntProperty name="spawn" value="@{spawn}" />
        <remoteAntProperty name="failonerror" value="@{failonerror}" />
        <remoteAntElement name="args" implicit="true">
          <args />
        </remoteAntElement>
      </invokeRemoteAnt>
    </sequential>
  </macrodef>

  <target name="_os:runShellScript" >
    <os.local:runShellScript shellscript="${shellscript}" unixsuffix="${unixsuffix}" windowssuffix="${windowssuffix}" dir="${dir}" runasuser="${runasuser}" spawn="${spawn}" failonerror="${failonerror}" >
      &elements;
    </os.local:runShellScript>
  </target>

  <!-- ===================================================================== -->
  <!-- Artifacts for remote invocation of windowsStartService -->
  <!-- ===================================================================== -->
  <macrodef name="windowsStartService" uri="os" >
    <attribute name="name" />
    <attribute name="failonerror" default="false" />
    <attribute name="agent" description="ASC agent handle for remoting execution." />
    <sequential>
      <_asc_init agent="@{agent}" />

      <invokeRemoteAnt fileName="library/os/os.xml" target="_os:windowsStartService" isPutFile="false" agent="@{agent}">
        <remoteAntProperty name="name" value="@{name}" />
        <remoteAntProperty name="failonerror" value="@{failonerror}" />
      </invokeRemoteAnt>
    </sequential>
  </macrodef>

  <target name="_os:windowsStartService" >
    <os.local:windowsStartService name="${name}" failonerror="${failonerror}" >
    </os.local:windowsStartService>
  </target>

  <!-- ===================================================================== -->
  <!-- Artifacts for remote invocation of windowsStopService -->
  <!-- ===================================================================== -->
  <macrodef name="windowsStopService" uri="os" >
    <attribute name="name" />
    <attribute name="failonerror" default="false" />
    <attribute name="agent" description="ASC agent handle for remoting execution." />
    <sequential>
      <_asc_init agent="@{agent}" />

      <invokeRemoteAnt fileName="library/os/os.xml" target="_os:windowsStopService" isPutFile="false" agent="@{agent}">
        <remoteAntProperty name="name" value="@{name}" />
        <remoteAntProperty name="failonerror" value="@{failonerror}" />
      </invokeRemoteAnt>
    </sequential>
  </macrodef>

  <target name="_os:windowsStopService" >
    <os.local:windowsStopService name="${name}" failonerror="${failonerror}" >
    </os.local:windowsStopService>
  </target>

  <!-- ===================================================================== -->
  <!-- Artifacts for remote invocation of windowsUpdateServicePassword -->
  <!-- ===================================================================== -->
  <macrodef name="windowsUpdateServicePassword" uri="os" description="Change the password associated with a Windows service." >
    <attribute name="servicename" />
    <attribute name="newpassword" />
    <attribute name="agent" description="ASC agent handle for remoting execution." />
    <sequential>
      <_asc_init agent="@{agent}" />

      <invokeRemoteAnt fileName="library/os/os.xml" target="_os:windowsUpdateServicePassword" isPutFile="false" agent="@{agent}">
        <remoteAntProperty name="servicename" value="@{servicename}" />
        <remoteAntProperty name="newpassword" value="@{newpassword}" />
      </invokeRemoteAnt>
    </sequential>
  </macrodef>

  <target name="_os:windowsUpdateServicePassword" >
    <os.local:windowsUpdateServicePassword servicename="${servicename}" newpassword="${newpassword}" >
    </os.local:windowsUpdateServicePassword>
  </target>

  <!-- ===================================================================== -->
  <!-- Verification target for syntax checking -->
  <!-- ===================================================================== -->
  <target name="_verify" >
    <os:changeUserPassword username="test" password="test" runasuser="test" agent="test" />
    <os:runCmd cmd="test" dir="test" runasuser="test" spawn="test" failonerror="test" agent="test" />
    <os:runShellScript shellscript="test" unixsuffix="test" windowssuffix="test" dir="test" runasuser="test" spawn="test" failonerror="test" agent="test" />
    <os:windowsStartService name="test" failonerror="test" agent="test" />
    <os:windowsStopService name="test" failonerror="test" agent="test" />
    <os:windowsUpdateServicePassword servicename="test" newpassword="test" agent="test" />
  </target>
</project>
