<project name="wp_5_1.local" basedir="." xmlns:wp_5_1="wp_5_1.local" xmlns:db2="db2.local" xmlns:os="os.local"
	xmlns:was_5_common.local="was_5_common.local">
	<import file="../asc/asc.xml" />
	<import file="../db2/db2.local.xml" />
	<import file="../os/os.local.xml" />
	<import file="../was_5_common/was_5_common.local.xml" />

	<!-- Relative file references must be relative to this buildfile;
		since this buildfile is typically imported by other buildfiles,
		a property that points to the directory containing this buildfile is created. -->
	<dirname file="${ant.file.wp_5_1.local}" property="wp_5_1.local.basedir" />

	<macrodef name="runXmlAccess" uri="wp_5_1.local"
		description="Run WebSphere Portal Server's XML configuration interface.">
		<attribute name="wpsHome"
			description="the root directory of the WebSphere Portal Server install" />
		<attribute name="xmlFile"
			description="the name of a file containing the XML request that should be processed" />
		<attribute name="wpsAdminPassword"
			description="password for the WebSphere Portal Server administrative user" />
		<attribute name="wpsConfigUrl"
			description="the URL to access the Portal configuration servlet" />
		<sequential>
			<os:runShellScript shellScript="@{wpsHome}/bin/xmlaccess">
				<arg value="-in" />
				<arg value="@{xmlFile}" />
				<arg value="-user" />
				<arg value="wpsadmin" />
				<arg value="-pwd" />
				<arg value="@{wpsAdminPassword}" />
				<arg value="-url" />
				<arg value="@{wpsConfigUrl}" />
			</os:runShellScript>
		</sequential>
	</macrodef>

	<macrodef name="runWpsConfig" uri="wp_5_1.local"
		description="Run WebSphere Portal Server's wpsconfig command.">
		<attribute name="wpsHome"
			description="the root directory of the WebSphere Portal Server install" />
		<element name="args" implicit="true" optional="true"
			description="Nested arg elements for wpsconfig" />
		<sequential>
			<os:runShellScript shellScript=".${file.separator}WPSconfig" dir="@{wpsHome}/config">
				<args />
			</os:runShellScript>
		</sequential>
	</macrodef>

	<macrodef name="runWpscript" uri="wp_5_1.local"
		description="Run WebSphere Portal Server's scripting interface.">
		<attribute name="wpsHome"
			description="Root directory of the WebSphere Portal Server install." />
		<attribute name="wpsConnectionPort" default="8882"
			description="Portal's SOAP connection port." />
		<attribute name="wpAdmin" description="Userid for the Portal admin user." />
		<attribute name="wpAdminPassword" description="Password for Portal admin user." />
		<attribute name="jaclFile" description="the filename of the script to execute" />
		<attribute name="dir" default="."
			description="Directory in which to execute wpscript. Defaults to the current directory." />
		<element name="args" implicit="true" optional="true"
			description="Nested arg elements for the JACL script." />
		<sequential>
			<os:runShellScript shellScript="@{wpsHome}/bin/wpscript" dir="@{dir}">
				<arg value="-port" />
				<arg value="@{wpsConnectionPort}" />
				<arg value="-f" />
				<arg value="@{jaclFile}" />
				<args />
			</os:runShellScript>
		</sequential>
	</macrodef>

	<macrodef name="backupWpConfigFile" uri="wp_5_1.local">
		<attribute name="wpsHome" />
		<attribute name="backupFileName" default="wpconfig.properties.backup" />
		<sequential>
			<copy file="@{wpsHome}/config/wpconfig.properties"
				tofile="@{wpsHome}/config/@{backupFileName}" overwrite="true" />
		</sequential>
	</macrodef>

	<macrodef name="enableSecurityLDAP" uri="wp_5_1.local">
		<attribute name="wpsHome" />
		<attribute name="wasUserId" default="wpsbind" />
		<attribute name="wasPassword" />
		<attribute name="ldapSuffix" />
		<attribute name="wpsHostName" />
		<attribute name="wpsAdminId" default="wpsadmin" />
		<attribute name="wpsAdminPassword" />
		<attribute name="wpsAdminGroupId" default="wpsadmins" />
		<attribute name="ldapHostName" />
		<attribute name="ldapAdminUid" default="cn=root" />
		<attribute name="ldapAdminPassword" />
		<attribute name="ldapBindId" default="wpsbind" />
		<attribute name="ldapBindPassword" />
		<attribute name="LTPAPassword" />
		<attribute name="SSODomainName" />
		<sequential>
			<wp_5_1:runWpsConfig wpsHome="@{wpsHome}">
				<arg value="-DparentProperties=config/helpers/security_ibm_dir_server.properties" />
				<arg value="-DSaveParentProperties=true" />
			</wp_5_1:runWpsConfig>
			<wp_5_1:runWpsConfig wpsHome="@{wpsHome}">
				<arg value="enable-security-ldap" />
				<arg value="-DWasUserid=uid=@{wasUserId},cn=users,@{ldapSuffix}" />
				<arg value="-DWasPassword=@{wasPassword}" />
				<arg value="-DWpsHostName=@{wpsHostName}" />
				<arg value="-DPortalAdminId=uid=@{wpsAdminId},cn=users,@{ldapSuffix}" />
				<arg value="-DPortalAdminShort=@{wpsAdminId}" />
				<arg value="-DPortalAdminPwd=@{wpsAdminPassword}" />
				<arg value="-DPortalAdminGroupId=cn=@{wpsAdminGroupId},cn=groups,@{ldapSuffix}" />
				<arg value="-DPortalAdminGroupIdShort=@{wpsAdminGroupId}" />
				<arg value="-DLDAPHostName=@{ldapHostName}" />
				<arg value="-DLDAPAdminUId=@{ldapAdminUid}" />
				<arg value="-DLDAPAdminPwd=@{ldapAdminPassword}" />
				<arg value="-DLDAPBindID=uid=@{ldapBindId},cn=users,@{ldapSuffix}" />
				<arg value="-DLDAPBindPassword=@{ldapBindPassword}" />
				<arg value="-DLDAPSuffix=@{ldapSuffix}" />
				<arg value="-DWmmSystemId=uid=@{wasUserId},cn=users,@{ldapSuffix}" />
				<arg value="-DWmmSystemIdPassword=@{wasPassword}" />
				<arg value="-DLTPAPassword=@{LTPAPassword}" />
				<arg value="-DSSODomainName=@{SSODomainName}" />
			</wp_5_1:runWpsConfig>
		</sequential>
	</macrodef>

	<macrodef name="securePortalLDAP" uri="wp_5_1.local">
		<attribute name="wpsHome" />
		<attribute name="wasUserId" default="wpsbind" />
		<attribute name="wasPassword" />
		<attribute name="ldapSuffix" />
		<attribute name="wpsHostName" />
		<attribute name="wpsAdminId" default="wpsadmin" />
		<attribute name="wpsAdminPassword" />
		<attribute name="wpsAdminGroupId" default="wpsadmins" />
		<attribute name="ldapHostName" />
		<attribute name="ldapAdminUid" default="cn=root" />
		<attribute name="ldapAdminPassword" />
		<attribute name="ldapBindId" default="wpsbind" />
		<attribute name="ldapBindPassword" />
		<attribute name="LTPAPassword" />
		<attribute name="SSODomainName" />
		<sequential>
			<wp_5_1:runWpsConfig wpsHome="@{wpsHome}">
				<arg value="-DparentProperties=config/helpers/security_ibm_dir_server.properties" />
				<arg value="-DSaveParentProperties=true" />
			</wp_5_1:runWpsConfig>
			<wp_5_1:runWpsConfig wpsHome="@{wpsHome}">
				<arg value="secure-portal-ldap" />
				<arg value="-DWasUserid=uid=@{wasUserId},cn=users,@{ldapSuffix}" />
				<arg value="-DWasPassword=@{wasPassword}" />
				<arg value="-DWpsHostName=@{wpsHostName}" />
				<arg value="-DPortalAdminId=uid=@{wpsAdminId},cn=users,@{ldapSuffix}" />
				<arg value="-DPortalAdminShort=@{wpsAdminId}" />
				<arg value="-DPortalAdminPwd=@{wpsAdminPassword}" />
				<arg value="-DPortalAdminGroupId=cn=@{wpsAdminGroupId},cn=groups,@{ldapSuffix}" />
				<arg value="-DPortalAdminGroupIdShort=@{wpsAdminGroupId}" />
				<arg value="-DLDAPHostName=@{ldapHostName}" />
				<arg value="-DLDAPAdminUId=@{ldapAdminUid}" />
				<arg value="-DLDAPAdminPwd=@{ldapAdminPassword}" />
				<arg value="-DLDAPBindID=uid=@{ldapBindId},cn=users,@{ldapSuffix}" />
				<arg value="-DLDAPBindPassword=@{ldapBindPassword}" />
				<arg value="-DLDAPSuffix=@{ldapSuffix}" />
				<arg value="-DWmmSystemId=uid=@{wasUserId},cn=users,@{ldapSuffix}" />
				<arg value="-DWmmSystemIdPassword=@{wasPassword}" />
				<arg value="-DLTPAPassword=@{LTPAPassword}" />
				<arg value="-DSSODomainName=@{SSODomainName}" />
			</wp_5_1:runWpsConfig>
		</sequential>
	</macrodef>

	<macrodef name="transferToLocalDB2" uri="wp_5_1.local"
		description="Move Portal database to a local DB2 database.">
		<attribute name="wpsHome"
			description="Root directory of the WebSphere Portal Server install" />
		<attribute name="dbLibrary" description="path to db2java.zip" />
		<attribute name="dbUser" description="an administrative user in the DB2 database" />
		<attribute name="dbPassword" description="the password for the dbUser user" />
		<attribute name="jmsUser"
			description="User id for the JMS service that the Workflow Engine will use to communicate with the DB2 Content Manager Runtime Edition." />
		<attribute name="jmsPassword" description="Password for the jmsUser user." />
		<sequential>
			<wp_5_1:runWpsConfig wpsHome="@{wpsHome}">
				<arg value="-DparentProperties=config/helpers/transfer_db2.properties" />
				<arg value="-DSaveParentProperties=true" />
			</wp_5_1:runWpsConfig>
			<wp_5_1:runWpsConfig wpsHome="@{wpsHome}">
				<arg value="create-local-database-db2" />
				<arg value="-DDbLibrary=@{dbLibrary}" />
				<arg value="-DDbUser=@{dbUser}" />
				<arg value="-DDbPassword=@{dbPassword}" />
				<arg value="-DJcrDbUser=@{dbUser}" />
				<arg value="-DJcrDbPassword=@{dbPassword}" />
				<arg value="-DFeedbackDbUser=@{dbUser}" />
				<arg value="-DFeedbackDbPassword=@{dbPassword}" />
				<arg value="-DLikemindsDbUser=@{dbUser}" />
				<arg value="-DLikemindsDbPassword=@{dbPassword}" />
				<arg value="-DWmmDbUser=@{dbUser}" />
				<arg value="-DWmmDbPassword=@{dbPassword}" />
			</wp_5_1:runWpsConfig>
			<wp_5_1:runWpsConfig wpsHome="@{wpsHome}">
				<arg value="database-transfer" />
				<arg value="-DDbLibrary=@{dbLibrary}" />
				<arg value="-DDbUser=@{dbUser}" />
				<arg value="-DDbPassword=@{dbPassword}" />
				<arg value="-DJcrDbUser=@{dbUser}" />
				<arg value="-DJcrDbPassword=@{dbPassword}" />
				<arg value="-DJcrJMSJAASUser=@{jmsUser}" />
				<arg value="-DJcrJMSJAASPassword=@{jmsPassword}" />
				<arg value="-DFeedbackDbUser=@{dbUser}" />
				<arg value="-DFeedbackDbPassword=@{dbPassword}" />
				<arg value="-DDbDriverDs=COM.ibm.db2.jdbc.DB2XADataSource" />
				<arg value="-DLikemindsDbUser=@{dbUser}" />
				<arg value="-DLikemindsDbPassword=@{dbPassword}" />
				<arg value="-DWmmDbUser=@{dbUser}" />
				<arg value="-DWmmDbPassword=@{dbPassword}" />
			</wp_5_1:runWpsConfig>

			<db2:executeDdl runAsUser="@{dbUser}" user="@{dbUser}" password="@{dbPassword}"
				dbName="fdbkdb" ddlFileName="files/ddl/local/fdbkdb.ddl" />
			<db2:executeDdl runAsUser="@{dbUser}" user="@{dbUser}" password="@{dbPassword}"
				dbName="wpsdb" ddlFileName="files/ddl/local/wpsdb.ddl" />
		</sequential>
	</macrodef>

	<macrodef name="installPortlet" uri="wp_5_1.local"
		description="Install a WAR file containing portlets into WebSphere Portal Server.">
		<attribute name="wpsHome"
			description="the root directory of the WebSphere Portal Server install" />
		<attribute name="warFile" description="the war file containing the portlets to install" />
		<attribute name="wpsAdminPassword"
			description="password for the WebSphere Portal Server administrative user" />
		<attribute name="wpsConfigUrl"
			description="the URL to access the portal configuration servlet" />
		<sequential>
			<java classname="com.ibm.asc.utils.wp.PortletInfoExtractor" fork="true"
				outputproperty="_portletAppUid" failonerror="true">
				<arg value="-f" />
				<arg value="@{warFile}" />
				<arg value="-p" />
				<arg value="portletAppUid" />
				<classpath>
					<pathelement location="${wp_5_1.local.basedir}/../asc/files/jar/asc.jar" />
				</classpath>
			</java>
			<!-- Set property so verify mode doesn't fail. -->
			<property name="_portletAppUid" value="test" />

			<java classname="com.ibm.asc.utils.wp.PortletInfoExtractor" fork="true"
				outputproperty="_concretePortletAppUid" failonerror="true">
				<arg value="-f" />
				<arg value="@{warFile}" />
				<arg value="-p" />
				<arg value="concretePortletAppUid" />
				<classpath>
					<pathelement location="${wp_5_1.local.basedir}/../asc/files/jar/asc.jar" />
				</classpath>
			</java>
			<property name="_concretePortletAppUid" value="test" />

			<java classname="com.ibm.asc.utils.wp.PortletInfoExtractor" fork="true"
				outputproperty="_concretePortletName" failonerror="true">
				<arg value="-f" />
				<arg value="@{warFile}" />
				<arg value="-p" />
				<arg value="concretePortletName" />
				<classpath>
					<pathelement location="${wp_5_1.local.basedir}/../asc/files/jar/asc.jar" />
				</classpath>
			</java>
			<property name="_concretePortletName" value="test" />

			<copy file="${wp_5_1.local.basedir}/files/installPortlet.xml" tofile="tmpInstallPortlet.xml"
				overwrite="true">
				<filterset>
					<filter token="PORTLET_APP_UID" value="${_portletAppUid}" />
					<filter token="CONCRETE_PORTLET_APP_UID" value="${_concretePortletAppUid}" />
					<filter token="CONCRETE_PORTLET_NAME" value="${_concretePortletName}" />
				</filterset>
			</copy>

			<if>
				<os family="windows" />
				<then>
					<replace file="tmpInstallPortlet.xml">
						<replacefilter token="@WAR_FILE_URL@" value="file:///@{warFile}" />
					</replace>
				</then>

				<else>
					<replace file="tmpInstallPortlet.xml">
						<replacefilter token="@WAR_FILE_URL@" value="file://@{warFile}" />
					</replace>
				</else>
			</if>

			<wp_5_1:runXmlAccess wpsHome="@{wpsHome}" xmlFile="tmpInstallPortlet.xml"
				wpsAdminPassword="@{wpsAdminPassword}" wpsConfigUrl="@{wpsConfigUrl}" />

			<!--  Unset local variables. -->
			<unset name="_portletAppUid" />
			<unset name="_concretePortletAppUid" />
			<unset name="_concretePortletName" />
		</sequential>
	</macrodef>

	<!--
		One column, vertical layout.
		portletLayout="{[${MSAP.home}/apps/EProdLCVersionConfigPortlet.war ${MSAP.home}/apps/EProdLCVersionConfigPortlet.war]}"
		
		T shape.
		portletLayout="[{${MSAP.home}/apps/EProdLCVersionConfigPortlet.war ${MSAP.home}/apps/EProdLCVersionConfigPortlet.war}{[][]}]"
	-->
	<macrodef name="createPage" uri="wp_5_1.local"
		description="Create a new page in WebSphere Portal Server.">
		<attribute name="wpsHome"
			description="the root directory of the WebSphere Portal Server install" />
		<attribute name="parentPageName"
			description="the existing parent page of the page to create" />
		<attribute name="uniquePageName" description="a unique name for the newly-created page" />
		<attribute name="pageTitle" description="the title of the new page" />
		<attribute name="portletLayout"
			description="the layout of the new page (needs further explanation of the syntax)" />
		<attribute name="wpsAdminPassword"
			description="password for the WebSphere Portal Server administrative user" />
		<attribute name="wpsConfigUrl" />
		<sequential>
			<java classname="com.ibm.asc.utils.wp.PageCreator" fork="true"
				outputproperty="oidCommands" failonerror="true">
				<arg value="-l" />
				<arg value="@{portletLayout}" />
				<arg value="-p" />
				<arg value="oidCommands" />
				<classpath>
					<pathelement location="${wp_5_1.local.basedir}/../asc/files/jar/asc.jar" />
				</classpath>
			</java>
			<!-- Set property so verify mode doesn't fail. -->
			<property name="oidCommands" value="test" />

			<java classname="com.ibm.asc.utils.wp.PageCreator" fork="true"
				outputproperty="componentCommands" failonerror="true">
				<arg value="-l" />
				<arg value="@{portletLayout}" />
				<arg value="-p" />
				<arg value="componentCommands" />
				<classpath>
					<pathelement location="${wp_5_1.local.basedir}/../asc/files/jar/asc.jar" />
				</classpath>
			</java>
			<property name="componentCommands" value="test" />

			<copy file="${wp_5_1.local.basedir}/files/createPage.xml" tofile="tmpCreatePage.xml"
				overwrite="true">
				<filterset>
					<filter token="OID_COMMANDS" value="${oidCommands}" />
					<filter token="COMPONENT_COMMANDS" value="${componentCommands}" />
					<filter token="PARENT_PAGE_NAME" value="@{parentPageName}" />
					<filter token="UNIQUE_PAGE_NAME" value="@{uniquePageName}" />
					<filter token="PAGE_TITLE" value="@{pageTitle}" />
				</filterset>
			</copy>

			<unset name="oidCommands" />
			<unset name="componentCommands" />

			<wp_5_1:runXmlAccess wpsHome="@{wpsHome}" xmlFile="tmpCreatePage.xml"
				wpsAdminPassword="@{wpsAdminPassword}" wpsConfigUrl="@{wpsConfigUrl}" />
		</sequential>
	</macrodef>

	<macrodef name="deployTheme" uri="wp_5_1.local"
		description="Deploy new themes and skins to WebSphere Portal Server. Updates and redeploys the WebSphere Portal EAR file.">
		<attribute name="wpsHome"
			description="the root directory of the WebSphere Portal Server install" />
		<attribute name="skinRefId" description="the object id of the skin to deploy" />
		<attribute name="skinName" description="the name of the skin to deploy" />
		<attribute name="skinRoot" description="the resource root of the skin" />
		<attribute name="skinTitle" description="the display title of the skin" />
		<attribute name="skinDescription" description="a description of the skin" />
		<attribute name="themeName" description="the name of the theme to deploy" />
		<attribute name="themeRoot" description="the resource root of the theme" />
		<attribute name="themeTitle" description="the display title of the theme" />
		<attribute name="isDefault" description="not currently used" />
		<attribute name="wpsAdminPassword"
			description="the password for the WebSphere Portal Server administrative user" />
		<attribute name="wpsConfigUrl"
			description="the URL to access the Portal configuration servlet" />
		<sequential>
			<copy file="files/deployTheme.xml" tofile="tmpDeployTheme.xml" />
			<replace file="tmpDeployTheme.xml">
				<replacefilter token="@SKIN_REF_ID@" value="@{skinRefId}" />
				<replacefilter token="@SKIN_NAME@" value="@{skinName}" />
				<replacefilter token="@SKIN_ROOT@" value="@{skinRoot}" />
				<replacefilter token="@SKIN_TITLE@" value="@{skinTitle}" />
				<replacefilter token="@SKIN_DESCRIPTION@" value="@{skinDescription}" />
				<replacefilter token="@THEME_NAME@" value="@{themeName}" />
				<replacefilter token="@THEME_ROOT@" value="@{themeRoot}" />
				<replacefilter token="@THEME_TITLE@" value="@{themeTitle}" />
				<replacefilter token="@IS_DEFAULT@" value="@{isDefault}" />
			</replace>

			<wp_5_1:runXmlAccess wpsHome="@{wpsHome}" xmlFile="tmpDeployTheme.xml"
				wpsAdminPassword="@{wpsAdminPassword}" wpsConfigUrl="@{wpsConfigUrl}" />
		</sequential>
	</macrodef>

	<macrodef name="createUser" uri="wp_5_1.local" description="Create a new Portal User.">
		<attribute name="wpsHome" description="Root directory of the WebSphere Portal Server install." />
		<attribute name="userid" description="Login id for the new user." />
		<attribute name="firstName" description="User's first name." />
		<attribute name="lastName" description="User's last name." />
		<attribute name="password" description="User's password." />
		<attribute name="description" default="" description="Description of the new user." />
		<attribute name="language" default="en" description="Two-letter language code." />
		<attribute name="wpsAdminPassword"
			description="Password for the WebSphere Portal Server administrative user." />
		<attribute name="wpsConfigUrl"
			description="URL to access the Portal configuration servlet." />
		<sequential>
			<copy file="${wp_5_1.local.basedir}/files/createUser.xml" tofile="${wp_5_1.local.basedir}/files/tmpCreateUser.xml"
				overwrite="true">
				<filterset>
					<filter token="USERID" value="@{userid}" />
					<filter token="FIRST_NAME" value="@{firstName}" />
					<filter token="LAST_NAME" value="@{lastName}" />
					<filter token="PASSWORD" value="@{password}" />
					<filter token="DESCRIPTION" value="@{description}" />
					<filter token="LANGUAGE" value="@{language}" />
				</filterset>
			</copy>

			<wp_5_1:runXmlAccess wpsHome="@{wpsHome}" xmlFile="${wp_5_1.local.basedir}/files/tmpCreateUser.xml"
				wpsAdminPassword="@{wpsAdminPassword}" wpsConfigUrl="@{wpsConfigUrl}" />
		</sequential>
	</macrodef>

	<macrodef name="createUserGroup" uri="wp_5_1.local" description="Create a new Portal User Group.">
		<attribute name="wpsHome" description="Root directory of the WebSphere Portal Server install." />
		<attribute name="groupName" description="Name of the new User Group." />
		<attribute name="description" default="" description="Description of the new User Group." />
		<attribute name="wpsAdminPassword"
			description="Password for the WebSphere Portal Server administrative user." />
		<attribute name="wpsConfigUrl"
			description="URL to access the Portal configuration servlet." />
		<sequential>
			<copy file="${wp_5_1.local.basedir}/files/createUserGroup.xml" tofile="${wp_5_1.local.basedir}/files/tmpCreateUserGroup.xml"
				overwrite="true">
				<filterset>
					<filter token="GROUP_NAME" value="@{groupName}" />
					<filter token="DESCRIPTION" value="@{description}" />
				</filterset>
			</copy>

			<wp_5_1:runXmlAccess wpsHome="@{wpsHome}" xmlFile="${wp_5_1.local.basedir}/files/tmpCreateUserGroup.xml"
				wpsAdminPassword="@{wpsAdminPassword}" wpsConfigUrl="@{wpsConfigUrl}" />
		</sequential>
	</macrodef>

	<macrodef name="addUserGroupMember" uri="wp_5_1.local" description="Add a Portal User to a User Group.">
		<attribute name="wpsHome" description="Root directory of the WebSphere Portal Server install." />
		<attribute name="groupName" description="Name of the User Group." />
		<attribute name="userid" description="User's userid." />
		<attribute name="wpsAdminPassword"
			description="Password for the WebSphere Portal Server administrative user." />
		<attribute name="wpsConfigUrl"
			description="URL to access the Portal configuration servlet." />
		<sequential>
			<copy file="${wp_5_1.local.basedir}/files/addUserGroupMember.xml" tofile="${wp_5_1.local.basedir}/files/tmpAddUserGroupMember.xml"
				overwrite="true">
				<filterset>
					<filter token="GROUP_NAME" value="@{groupName}" />
					<filter token="USER_NAME" value="@{userid}" />
				</filterset>
			</copy>

			<wp_5_1:runXmlAccess wpsHome="@{wpsHome}" xmlFile="${wp_5_1.local.basedir}/files/tmpAddUserGroupMember.xml"
				wpsAdminPassword="@{wpsAdminPassword}" wpsConfigUrl="@{wpsConfigUrl}" />
		</sequential>
	</macrodef>

	<macrodef name="grantPortletAccessControl" uri="wp_5_1.local" description="Add principal to portlet permission list for specific actionset.">
		<attribute name="wpsHome" description="Root directory of the WebSphere Portal Server install." />
		<attribute name="wpsConnectionPort" default="8882" description="Portal's SOAP connection port." />
		<attribute name="wpAdmin" description="Userid for the Portal admin user." />
		<attribute name="wpAdminPassword" description="Password for Portal admin user." />
		<attribute name="portletName" description="Unique portlet name, as registered in Portal.  White space is handled automatically." />
		<attribute name="actionset" description="Portal actionset upon which to act (User, PrivilegedUser, Editor, Manager, Delegator, SecurityAdmin, Admin).  Supports space-delimited list." />
		<attribute name="name" description="Principal's name (user or user group).  Can be a short name or fully-qualified distinguished name.  White space is handled automatically." />
		<attribute name="isSpecial" default="false" description="Set to 'true' if name is a 'special principal':  'anonymous', 'authenticated', or 'allgroups'." />
		<sequential>
			<wp_5_1:runWpscript wpsHome="@{wpsHome}" wpsConnectionPort="@{wpsConnectionPort}"
				wpAdmin="@{wpAdmin}" wpAdminPassword="@{wpAdminPassword}"
				jaclFile="${wp_5_1.local.basedir}${file.separator}files${file.separator}jacl${file.separator}setResourceAccessControl.jacl"
				dir="${wp_5_1.local.basedir}${file.separator}files${file.separator}jacl">
				<arg value="-action" />
				<arg value="grant" />
				<arg value="-resourceType" />
				<arg value="portlet" />
				<arg value="-resourceName" />
				<arg value="{@{portletName}}" />
				<arg value="-actionset" />
				<arg value="@{actionset}" />
				<arg value="-name" />
				<arg value="{@{name}}" />
				<arg value="-isSpecial" />
				<arg value="@{isSpecial}" />
				<arg value="-wpsAdminId" />
				<arg value="@{wpAdmin}" />
				<arg value="-wpsAdminPassword" />
				<arg value="@{wpAdminPassword}" />
			</wp_5_1:runWpscript>
		</sequential>
	</macrodef>

	<macrodef name="revokePortletAccessControl" uri="wp_5_1.local" description="Remove principal from portlet permission list for specific actionset.">
		<attribute name="wpsHome" description="Root directory of the WebSphere Portal Server install." />
		<attribute name="wpsConnectionPort" default="8882" description="Portal's SOAP connection port." />
		<attribute name="wpAdmin" description="Userid for the Portal admin user." />
		<attribute name="wpAdminPassword" description="Password for Portal admin user." />
		<attribute name="portletName" description="Unique portlet name, as registered in Portal.  White space is handled automatically." />
		<attribute name="actionset" description="Portal actionset upon which to act (User, PrivilegedUser, Editor, Manager, Delegator, SecurityAdmin, Admin).  Supports space-delimited list." />
		<attribute name="name" description="Principal's fully-qualified distinguished name (e.g. cn=user1,o=default organization).  White space is handled automatically." />
		<attribute name="isSpecial" default="false" description="Set to 'true' if name is a 'special principal':  'anonymous', 'authenticated', 'allgroups', or 'all'." />
		<sequential>
			<wp_5_1:runWpscript wpsHome="@{wpsHome}" wpsConnectionPort="@{wpsConnectionPort}"
				wpAdmin="@{wpAdmin}" wpAdminPassword="@{wpAdminPassword}"
				jaclFile="${wp_5_1.local.basedir}${file.separator}files${file.separator}jacl${file.separator}setResourceAccessControl.jacl"
				dir="${wp_5_1.local.basedir}${file.separator}files${file.separator}jacl">
				<arg value="-action" />
				<arg value="revoke" />
				<arg value="-resourceType" />
				<arg value="portlet" />
				<arg value="-resourceName" />
				<arg value="{@{portletName}}" />
				<arg value="-actionset" />
				<arg value="@{actionset}" />
				<arg value="-name" />
				<arg value="{@{name}}" />
				<arg value="-isSpecial" />
				<arg value="@{isSpecial}" />
				<arg value="-wpsAdminId" />
				<arg value="@{wpAdmin}" />
				<arg value="-wpsAdminPassword" />
				<arg value="@{wpAdminPassword}" />
			</wp_5_1:runWpscript>
		</sequential>
	</macrodef>

	<macrodef name="grantPageAccessControl" uri="wp_5_1.local" description="Add principal to page permission list for specific actionset.">
		<attribute name="wpsHome" description="Root directory of the WebSphere Portal Server install." />
		<attribute name="wpsConnectionPort" default="8882" description="Portal's SOAP connection port." />
		<attribute name="wpAdmin" description="Userid for the Portal admin user." />
		<attribute name="wpAdminPassword" description="Password for Portal admin user." />
		<attribute name="pageName" description="Unique page name, as registered in Portal.  White space is handled automatically." />
		<attribute name="actionset" description="Portal actionset upon which to act (User, PrivilegedUser, Editor, Manager, Delegator, SecurityAdmin, Admin).  Supports space-delimited list." />
		<attribute name="name" description="Principal's name (user or user group).  Can be a short name or fully-qualified distinguished name.  White space is handled automatically." />
		<attribute name="isSpecial" default="false" description="Set to 'true' if name is a 'special principal':  'anonymous', 'authenticated', or 'allgroups'." />
		<sequential>
			<wp_5_1:runWpscript wpsHome="@{wpsHome}" wpsConnectionPort="@{wpsConnectionPort}"
				wpAdmin="@{wpAdmin}" wpAdminPassword="@{wpAdminPassword}"
				jaclFile="${wp_5_1.local.basedir}${file.separator}files${file.separator}jacl${file.separator}setResourceAccessControl.jacl"
				dir="${wp_5_1.local.basedir}${file.separator}files${file.separator}jacl">
				<arg value="-action" />
				<arg value="grant" />
				<arg value="-resourceType" />
				<arg value="page" />
				<arg value="-resourceName" />
				<arg value="{@{pageName}}" />
				<arg value="-actionset" />
				<arg value="@{actionset}" />
				<arg value="-name" />
				<arg value="{@{name}}" />
				<arg value="-isSpecial" />
				<arg value="@{isSpecial}" />
				<arg value="-wpsAdminId" />
				<arg value="@{wpAdmin}" />
				<arg value="-wpsAdminPassword" />
				<arg value="@{wpAdminPassword}" />
			</wp_5_1:runWpscript>
		</sequential>
	</macrodef>

	<macrodef name="revokePageAccessControl" uri="wp_5_1.local" description="Remove principal from page permission list for specific actionset.">
		<attribute name="wpsHome" description="Root directory of the WebSphere Portal Server install." />
		<attribute name="wpsConnectionPort" default="8882" description="Portal's SOAP connection port." />
		<attribute name="wpAdmin" description="Userid for the Portal admin user." />
		<attribute name="wpAdminPassword" description="Password for Portal admin user." />
		<attribute name="pageName" description="Unique page name, as registered in Portal.  White space is handled automatically." />
		<attribute name="actionset" description="Portal actionset upon which to act (User, PrivilegedUser, Editor, Manager, Delegator, SecurityAdmin, Admin).  Supports space-delimited list." />
		<attribute name="name" description="Principal's fully-qualified distinguished name (e.g. cn=user1,o=default organization).  White space is handled automatically." />
		<attribute name="isSpecial" default="false" description="Set to 'true' if name is a 'special principal':  'anonymous', 'authenticated', 'allgroups', or 'all'." />
		<sequential>
			<wp_5_1:runWpscript wpsHome="@{wpsHome}" wpsConnectionPort="@{wpsConnectionPort}"
				wpAdmin="@{wpAdmin}" wpAdminPassword="@{wpAdminPassword}"
				jaclFile="${wp_5_1.local.basedir}${file.separator}files${file.separator}jacl${file.separator}setResourceAccessControl.jacl"
				dir="${wp_5_1.local.basedir}${file.separator}files${file.separator}jacl">
				<arg value="-action" />
				<arg value="revoke" />
				<arg value="-resourceType" />
				<arg value="page" />
				<arg value="-resourceName" />
				<arg value="{@{pageName}}" />
				<arg value="-actionset" />
				<arg value="@{actionset}" />
				<arg value="-name" />
				<arg value="{@{name}}" />
				<arg value="-isSpecial" />
				<arg value="@{isSpecial}" />
				<arg value="-wpsAdminId" />
				<arg value="@{wpAdmin}" />
				<arg value="-wpsAdminPassword" />
				<arg value="@{wpAdminPassword}" />
			</wp_5_1:runWpscript>
		</sequential>
	</macrodef>

	<macrodef name="grantLabelAccessControl" uri="wp_5_1.local" description="Add principal to label permission list for specific actionset.">
		<attribute name="wpsHome" description="Root directory of the WebSphere Portal Server install." />
		<attribute name="wpsConnectionPort" default="8882" description="Portal's SOAP connection port." />
		<attribute name="wpAdmin" description="Userid for the Portal admin user." />
		<attribute name="wpAdminPassword" description="Password for Portal admin user." />
		<attribute name="labelName" description="Unique label name, as registered in Portal.  White space is handled automatically." />
		<attribute name="actionset" description="Portal actionset upon which to act (User, PrivilegedUser, Editor, Manager, Delegator, SecurityAdmin, Admin).  Supports space-delimited list." />
		<attribute name="name" description="Principal's name (user or user group).  Can be a short name or fully-qualified distinguished name.  White space is handled automatically." />
		<attribute name="isSpecial" default="false" description="Set to 'true' if name is a 'special principal':  'anonymous', 'authenticated', or 'allgroups'." />
		<sequential>
			<wp_5_1:runWpscript wpsHome="@{wpsHome}" wpsConnectionPort="@{wpsConnectionPort}"
				wpAdmin="@{wpAdmin}" wpAdminPassword="@{wpAdminPassword}"
				jaclFile="${wp_5_1.local.basedir}${file.separator}files${file.separator}jacl${file.separator}setResourceAccessControl.jacl"
				dir="${wp_5_1.local.basedir}${file.separator}files${file.separator}jacl">
				<arg value="-action" />
				<arg value="grant" />
				<arg value="-resourceType" />
				<arg value="label" />
				<arg value="-resourceName" />
				<arg value="{@{labelName}}" />
				<arg value="-actionset" />
				<arg value="@{actionset}" />
				<arg value="-name" />
				<arg value="{@{name}}" />
				<arg value="-isSpecial" />
				<arg value="@{isSpecial}" />
				<arg value="-wpsAdminId" />
				<arg value="@{wpAdmin}" />
				<arg value="-wpsAdminPassword" />
				<arg value="@{wpAdminPassword}" />
			</wp_5_1:runWpscript>
		</sequential>
	</macrodef>

	<macrodef name="revokeLabelAccessControl" uri="wp_5_1.local" description="Remove principal from label permission list for specific actionset.">
		<attribute name="wpsHome" description="Root directory of the WebSphere Portal Server install." />
		<attribute name="wpsConnectionPort" default="8882" description="Portal's SOAP connection port." />
		<attribute name="wpAdmin" description="Userid for the Portal admin user." />
		<attribute name="wpAdminPassword" description="Password for Portal admin user." />
		<attribute name="labelName" description="Unique label name, as registered in Portal.  White space is handled automatically." />
		<attribute name="actionset" description="Portal actionset upon which to act (User, PrivilegedUser, Editor, Manager, Delegator, SecurityAdmin, Admin).  Supports space-delimited list." />
		<attribute name="name" description="Principal's fully-qualified distinguished name (e.g. cn=user1,o=default organization).  White space is handled automatically." />
		<attribute name="isSpecial" default="false" description="Set to 'true' if name is a 'special principal':  'anonymous', 'authenticated', 'allgroups', or 'all'." />
		<sequential>
			<wp_5_1:runWpscript wpsHome="@{wpsHome}" wpsConnectionPort="@{wpsConnectionPort}"
				wpAdmin="@{wpAdmin}" wpAdminPassword="@{wpAdminPassword}"
				jaclFile="${wp_5_1.local.basedir}${file.separator}files${file.separator}jacl${file.separator}setResourceAccessControl.jacl"
				dir="${wp_5_1.local.basedir}${file.separator}files${file.separator}jacl">
				<arg value="-action" />
				<arg value="revoke" />
				<arg value="-resourceType" />
				<arg value="label" />
				<arg value="-resourceName" />
				<arg value="{@{labelName}}" />
				<arg value="-actionset" />
				<arg value="@{actionset}" />
				<arg value="-name" />
				<arg value="{@{name}}" />
				<arg value="-isSpecial" />
				<arg value="@{isSpecial}" />
				<arg value="-wpsAdminId" />
				<arg value="@{wpAdmin}" />
				<arg value="-wpsAdminPassword" />
				<arg value="@{wpAdminPassword}" />
			</wp_5_1:runWpscript>
		</sequential>
	</macrodef>

	<macrodef name="blockPortletPermissionInheritance" uri="wp_5_1.local" description="Prevent a portlet from inheriting permissions from its parent under the specified actionset.">
		<attribute name="wpsHome" description="Root directory of the WebSphere Portal Server install." />
		<attribute name="wpsConnectionPort" default="8882" description="Portal's SOAP connection port." />
		<attribute name="wpAdmin" description="Userid for the Portal admin user." />
		<attribute name="wpAdminPassword" description="Password for Portal admin user." />
		<attribute name="portletName" description="Unique portlet name, as registered in Portal.  White space is handled automatically." />
		<attribute name="actionset" description="Portal actionset upon which to act (User, PrivilegedUser, Editor, Manager, Delegator, SecurityAdmin, Admin).  Supports space-delimited list." />
		<sequential>
			<wp_5_1:runWpscript wpsHome="@{wpsHome}" wpsConnectionPort="@{wpsConnectionPort}"
				wpAdmin="@{wpAdmin}" wpAdminPassword="@{wpAdminPassword}"
				jaclFile="${wp_5_1.local.basedir}${file.separator}files${file.separator}jacl${file.separator}setResourcePermissionDistribution.jacl"
				dir="${wp_5_1.local.basedir}${file.separator}files${file.separator}jacl">
				<arg value="-resourceType" />
				<arg value="portlet" />
				<arg value="-resourceName" />
				<arg value="{@{portletName}}" />
				<arg value="-distribution" />
				<arg value="inheritance" />
				<arg value="-action" />
				<arg value="block" />
				<arg value="-actionset" />
				<arg value="@{actionset}" />
				<arg value="-wpsAdminId" />
				<arg value="@{wpAdmin}" />
				<arg value="-wpsAdminPassword" />
				<arg value="@{wpAdminPassword}" />
			</wp_5_1:runWpscript>
		</sequential>
	</macrodef>

	<macrodef name="unblockPortletPermissionInheritance" uri="wp_5_1.local" description="Enable a portlet to inherit permissions from its parent under the specified actionset.">
		<attribute name="wpsHome" description="Root directory of the WebSphere Portal Server install." />
		<attribute name="wpsConnectionPort" default="8882" description="Portal's SOAP connection port." />
		<attribute name="wpAdmin" description="Userid for the Portal admin user." />
		<attribute name="wpAdminPassword" description="Password for Portal admin user." />
		<attribute name="portletName" description="Unique portlet name, as registered in Portal.  White space is handled automatically." />
		<attribute name="actionset" description="Portal actionset upon which to act (User, PrivilegedUser, Editor, Manager, Delegator, SecurityAdmin, Admin).  Supports space-delimited list." />
		<sequential>
			<wp_5_1:runWpscript wpsHome="@{wpsHome}" wpsConnectionPort="@{wpsConnectionPort}"
				wpAdmin="@{wpAdmin}" wpAdminPassword="@{wpAdminPassword}"
				jaclFile="${wp_5_1.local.basedir}${file.separator}files${file.separator}jacl${file.separator}setResourcePermissionDistribution.jacl"
				dir="${wp_5_1.local.basedir}${file.separator}files${file.separator}jacl">
				<arg value="-resourceType" />
				<arg value="portlet" />
				<arg value="-resourceName" />
				<arg value="{@{portletName}}" />
				<arg value="-distribution" />
				<arg value="inheritance" />
				<arg value="-action" />
				<arg value="unblock" />
				<arg value="-actionset" />
				<arg value="@{actionset}" />
				<arg value="-wpsAdminId" />
				<arg value="@{wpAdmin}" />
				<arg value="-wpsAdminPassword" />
				<arg value="@{wpAdminPassword}" />
			</wp_5_1:runWpscript>
		</sequential>
	</macrodef>

	<macrodef name="blockPortletPermissionPropagation" uri="wp_5_1.local" description="Prevent a portlet from inheriting permissions from its contained elements under the specified actionset.">
		<attribute name="wpsHome" description="Root directory of the WebSphere Portal Server install." />
		<attribute name="wpsConnectionPort" default="8882" description="Portal's SOAP connection port." />
		<attribute name="wpAdmin" description="Userid for the Portal admin user." />
		<attribute name="wpAdminPassword" description="Password for Portal admin user." />
		<attribute name="portletName" description="Unique portlet name, as registered in Portal.  White space is handled automatically." />
		<attribute name="actionset" description="Portal actionset upon which to act (User, PrivilegedUser, Editor, Manager, Delegator, SecurityAdmin, Admin).  Supports space-delimited list." />
		<sequential>
			<wp_5_1:runWpscript wpsHome="@{wpsHome}" wpsConnectionPort="@{wpsConnectionPort}"
				wpAdmin="@{wpAdmin}" wpAdminPassword="@{wpAdminPassword}"
				jaclFile="${wp_5_1.local.basedir}${file.separator}files${file.separator}jacl${file.separator}setResourcePermissionDistribution.jacl"
				dir="${wp_5_1.local.basedir}${file.separator}files${file.separator}jacl">
				<arg value="-resourceType" />
				<arg value="portlet" />
				<arg value="-resourceName" />
				<arg value="{@{portletName}}" />
				<arg value="-distribution" />
				<arg value="propagation" />
				<arg value="-action" />
				<arg value="block" />
				<arg value="-actionset" />
				<arg value="@{actionset}" />
				<arg value="-wpsAdminId" />
				<arg value="@{wpAdmin}" />
				<arg value="-wpsAdminPassword" />
				<arg value="@{wpAdminPassword}" />
			</wp_5_1:runWpscript>
		</sequential>
	</macrodef>

	<macrodef name="unblockPortletPermissionPropagation" uri="wp_5_1.local" description="Enable a portlet to inherit permissions from its contained elements under the specified actionset.">
		<attribute name="wpsHome" description="Root directory of the WebSphere Portal Server install." />
		<attribute name="wpsConnectionPort" default="8882" description="Portal's SOAP connection port." />
		<attribute name="wpAdmin" description="Userid for the Portal admin user." />
		<attribute name="wpAdminPassword" description="Password for Portal admin user." />
		<attribute name="portletName" description="Unique portlet name, as registered in Portal.  White space is handled automatically." />
		<attribute name="actionset" description="Portal actionset upon which to act (User, PrivilegedUser, Editor, Manager, Delegator, SecurityAdmin, Admin).  Supports space-delimited list." />
		<sequential>
			<wp_5_1:runWpscript wpsHome="@{wpsHome}" wpsConnectionPort="@{wpsConnectionPort}"
				wpAdmin="@{wpAdmin}" wpAdminPassword="@{wpAdminPassword}"
				jaclFile="${wp_5_1.local.basedir}${file.separator}files${file.separator}jacl${file.separator}setResourcePermissionDistribution.jacl"
				dir="${wp_5_1.local.basedir}${file.separator}files${file.separator}jacl">
				<arg value="-resourceType" />
				<arg value="portlet" />
				<arg value="-resourceName" />
				<arg value="{@{portletName}}" />
				<arg value="-distribution" />
				<arg value="propagation" />
				<arg value="-action" />
				<arg value="unblock" />
				<arg value="-actionset" />
				<arg value="@{actionset}" />
				<arg value="-wpsAdminId" />
				<arg value="@{wpAdmin}" />
				<arg value="-wpsAdminPassword" />
				<arg value="@{wpAdminPassword}" />
			</wp_5_1:runWpscript>
		</sequential>
	</macrodef>

	<macrodef name="blockPagePermissionInheritance" uri="wp_5_1.local" description="Prevent a page from inheriting permissions from its parent under the specified actionset.">
		<attribute name="wpsHome" description="Root directory of the WebSphere Portal Server install." />
		<attribute name="wpsConnectionPort" default="8882" description="Portal's SOAP connection port." />
		<attribute name="wpAdmin" description="Userid for the Portal admin user." />
		<attribute name="wpAdminPassword" description="Password for Portal admin user." />
		<attribute name="pageName" description="Unique page name, as registered in Portal.  White space is handled automatically." />
		<attribute name="actionset" description="Portal actionset upon which to act (User, PrivilegedUser, Editor, Manager, Delegator, SecurityAdmin, Admin).  Supports space-delimited list." />
		<sequential>
			<wp_5_1:runWpscript wpsHome="@{wpsHome}" wpsConnectionPort="@{wpsConnectionPort}"
				wpAdmin="@{wpAdmin}" wpAdminPassword="@{wpAdminPassword}"
				jaclFile="${wp_5_1.local.basedir}${file.separator}files${file.separator}jacl${file.separator}setResourcePermissionDistribution.jacl"
				dir="${wp_5_1.local.basedir}${file.separator}files${file.separator}jacl">
				<arg value="-resourceType" />
				<arg value="page" />
				<arg value="-resourceName" />
				<arg value="{@{pageName}}" />
				<arg value="-distribution" />
				<arg value="inheritance" />
				<arg value="-action" />
				<arg value="block" />
				<arg value="-actionset" />
				<arg value="@{actionset}" />
				<arg value="-wpsAdminId" />
				<arg value="@{wpAdmin}" />
				<arg value="-wpsAdminPassword" />
				<arg value="@{wpAdminPassword}" />
			</wp_5_1:runWpscript>
		</sequential>
	</macrodef>

	<macrodef name="unblockPagePermissionInheritance" uri="wp_5_1.local" description="Enable a page to inherit permissions from its parent under the specified actionset.">
		<attribute name="wpsHome" description="Root directory of the WebSphere Portal Server install." />
		<attribute name="wpsConnectionPort" default="8882" description="Portal's SOAP connection port." />
		<attribute name="wpAdmin" description="Userid for the Portal admin user." />
		<attribute name="wpAdminPassword" description="Password for Portal admin user." />
		<attribute name="pageName" description="Unique page name, as registered in Portal.  White space is handled automatically." />
		<attribute name="actionset" description="Portal actionset upon which to act (User, PrivilegedUser, Editor, Manager, Delegator, SecurityAdmin, Admin).  Supports space-delimited list." />
		<sequential>
			<wp_5_1:runWpscript wpsHome="@{wpsHome}" wpsConnectionPort="@{wpsConnectionPort}"
				wpAdmin="@{wpAdmin}" wpAdminPassword="@{wpAdminPassword}"
				jaclFile="${wp_5_1.local.basedir}${file.separator}files${file.separator}jacl${file.separator}setResourcePermissionDistribution.jacl"
				dir="${wp_5_1.local.basedir}${file.separator}files${file.separator}jacl">
				<arg value="-resourceType" />
				<arg value="page" />
				<arg value="-resourceName" />
				<arg value="{@{pageName}}" />
				<arg value="-distribution" />
				<arg value="inheritance" />
				<arg value="-action" />
				<arg value="unblock" />
				<arg value="-actionset" />
				<arg value="@{actionset}" />
				<arg value="-wpsAdminId" />
				<arg value="@{wpAdmin}" />
				<arg value="-wpsAdminPassword" />
				<arg value="@{wpAdminPassword}" />
			</wp_5_1:runWpscript>
		</sequential>
	</macrodef>

	<macrodef name="blockPagePermissionPropagation" uri="wp_5_1.local" description="Prevent a page from inheriting permissions from its contained elements under the specified actionset.">
		<attribute name="wpsHome" description="Root directory of the WebSphere Portal Server install." />
		<attribute name="wpsConnectionPort" default="8882" description="Portal's SOAP connection port." />
		<attribute name="wpAdmin" description="Userid for the Portal admin user." />
		<attribute name="wpAdminPassword" description="Password for Portal admin user." />
		<attribute name="pageName" description="Unique page name, as registered in Portal.  White space is handled automatically." />
		<attribute name="actionset" description="Portal actionset upon which to act (User, PrivilegedUser, Editor, Manager, Delegator, SecurityAdmin, Admin).  Supports space-delimited list." />
		<sequential>
			<wp_5_1:runWpscript wpsHome="@{wpsHome}" wpsConnectionPort="@{wpsConnectionPort}"
				wpAdmin="@{wpAdmin}" wpAdminPassword="@{wpAdminPassword}"
				jaclFile="${wp_5_1.local.basedir}${file.separator}files${file.separator}jacl${file.separator}setResourcePermissionDistribution.jacl"
				dir="${wp_5_1.local.basedir}${file.separator}files${file.separator}jacl">
				<arg value="-resourceType" />
				<arg value="page" />
				<arg value="-resourceName" />
				<arg value="{@{pageName}}" />
				<arg value="-distribution" />
				<arg value="propagation" />
				<arg value="-action" />
				<arg value="block" />
				<arg value="-actionset" />
				<arg value="@{actionset}" />
				<arg value="-wpsAdminId" />
				<arg value="@{wpAdmin}" />
				<arg value="-wpsAdminPassword" />
				<arg value="@{wpAdminPassword}" />
			</wp_5_1:runWpscript>
		</sequential>
	</macrodef>

	<macrodef name="unblockPagePermissionPropagation" uri="wp_5_1.local" description="Enable a page to inherit permissions from its contained elements under the specified actionset.">
		<attribute name="wpsHome" description="Root directory of the WebSphere Portal Server install." />
		<attribute name="wpsConnectionPort" default="8882" description="Portal's SOAP connection port." />
		<attribute name="wpAdmin" description="Userid for the Portal admin user." />
		<attribute name="wpAdminPassword" description="Password for Portal admin user." />
		<attribute name="pageName" description="Unique page name, as registered in Portal.  White space is handled automatically." />
		<attribute name="actionset" description="Portal actionset upon which to act (User, PrivilegedUser, Editor, Manager, Delegator, SecurityAdmin, Admin).  Supports space-delimited list." />
		<sequential>
			<wp_5_1:runWpscript wpsHome="@{wpsHome}" wpsConnectionPort="@{wpsConnectionPort}"
				wpAdmin="@{wpAdmin}" wpAdminPassword="@{wpAdminPassword}"
				jaclFile="${wp_5_1.local.basedir}${file.separator}files${file.separator}jacl${file.separator}setResourcePermissionDistribution.jacl"
				dir="${wp_5_1.local.basedir}${file.separator}files${file.separator}jacl">
				<arg value="-resourceType" />
				<arg value="page" />
				<arg value="-resourceName" />
				<arg value="{@{pageName}}" />
				<arg value="-distribution" />
				<arg value="propagation" />
				<arg value="-action" />
				<arg value="unblock" />
				<arg value="-actionset" />
				<arg value="@{actionset}" />
				<arg value="-wpsAdminId" />
				<arg value="@{wpAdmin}" />
				<arg value="-wpsAdminPassword" />
				<arg value="@{wpAdminPassword}" />
			</wp_5_1:runWpscript>
		</sequential>
	</macrodef>

	<macrodef name="setPageTheme" uri="wp_5_1.local" description="Set/unset theme for a Portal page.">
		<attribute name="wpsHome"
			description="Root directory of the WebSphere Portal Server install." />
		<attribute name="wpsConnectionPort" default="8882"
			description="Portal's SOAP connection port." />
		<attribute name="wpAdmin" description="Userid for the Portal admin user." />
		<attribute name="wpAdminPassword" description="Password for Portal admin user." />
		<attribute name="pageName" description="Unique page name.  Must exist." />
		<attribute name="themeName" default=""
			description="Theme name.  If blank, then unsets the page's theme, which means the page will inherit its parent's theme." />
		<sequential>
			<set name="args" value="" />

			<if>
				<not>
					<equals arg1="@{themeName}" arg2="" trim="true" />
				</not>
				<then>
					<set name="args" value="${args} -themeName @{themeName}" />
				</then>
			</if>

			<wp_5_1:runWpscript wpsHome="@{wpsHome}" wpsConnectionPort="@{wpsConnectionPort}"
				wpAdmin="@{wpAdmin}" wpAdminPassword="@{wpAdminPassword}"
				jaclFile="${wp_5_1.local.basedir}${file.separator}files${file.separator}jacl${file.separator}setPageTheme.jacl"
				dir="${wp_5_1.local.basedir}${file.separator}files${file.separator}jacl">
				<arg value="-pageName" />
				<arg value="@{pageName}" />
				<arg value="-wpsAdminId" />
				<arg value="@{wpAdmin}" />
				<arg value="-wpsAdminPassword" />
				<arg value="@{wpAdminPassword}" />
				<arg line="${args}" />
			</wp_5_1:runWpscript>

			<unset name="args" />
		</sequential>
	</macrodef>

	<macrodef name="install_5_1" uri="wp_5_1.local"
		description="Installs Portal 5.1 onto an existing instance of WAS 5.1.1.1 + WBISF 5.1.1.">
		<attribute name="wasHome" description="Directory under which WAS is already installed." />
		<attribute name="wpHome" description="Directory under which Portal will be installed." />
		<attribute name="nodeName"
			description="Node name of WAS instance onto which Portal is being installed." />
		<attribute name="hostName" description="Resolveable hostname for the server when installed" />
		<attribute name="wpAdmin" description="Userid for Portal admin user." />
		<attribute name="wpAdminPassword" description="Password for Portal admin user." />
		<attribute name="installerDir"
			description="Directory containing three subdirs of extracted Portal installers:  cd_setup, cd_2, and cd_3." />
		<sequential>
			<pathconvert targetos="${os.family}" property="_wasHome">
				<path location="@{wasHome}" />
			</pathconvert>

			<pathconvert targetos="${os.family}" property="_wpHome">
				<path location="@{wpHome}" />
			</pathconvert>

			<pathconvert targetos="${os.family}" property="_installerDir">
				<path location="@{installerDir}" />
			</pathconvert>

			<!-- Setup the response file. -->
			<copy file="${wp_5_1.local.basedir}/files/wp.rsp.template"
				tofile="${wp_5_1.local.basedir}/files/wp.rsp" overwrite="true">
				<filterset>
					<filter token="NODE_NAME" value="@{nodeName}" />
					<filter token="HOST_NAME" value="@{hostName}" />
					<filter token="WAS_HOME" value="${_wasHome}" />
					<filter token="WP_HOME" value="${_wpHome}" />
					<filter token="WP_ADMIN" value="@{wpAdmin}" />
					<filter token="WP_ADMIN_PASSWORD" value="@{wpAdminPassword}" />
					<filter token="PATH_TO_CD_SETUP" value="${_installerDir}${file.separator}cd_setup" />
					<filter token="PATH_TO_CD_2" value="${_installerDir}${file.separator}cd_2" />
					<filter token="PATH_TO_CD_3" value="${_installerDir}${file.separator}cd_3" />
					<!--			<filter token="IHS_CONF_FILE" value="${ihsConfFile}" /> -->
				</filterset>
			</copy>

			<!-- Install requisite fixes on WAS 5.1.1.1 / WBISF 5.1.1 -->
			<if><os family="windows" />
				<then>
					<set name="_pdir" value="win" />
				</then>

				<elseif><os name="Linux" />
					<then>
						<set name="_pdir" value="linux" />
					</then>
				</elseif>

				<else>
					<fail message="ASC macro wp_5_1:install_5_1 invoked on an unsupported platform (os.name=${os.name})" />
				</else>
			</if>

			<was_5_common.local:installFix wasHome="@{wasHome}"
				fixFile="@{installerDir}/cd_setup/was51_fixes/${_pdir}/fixes/PQ90654_Fix.jar"
				fixId="WAS_Task_11-03-2004-2349_5.1.1" />
			<was_5_common.local:installFix wasHome="@{wasHome}"
				fixFile="@{installerDir}/cd_setup/was51_fixes/${_pdir}/fixes/PQ91124.jar" fixId="PQ91124" />
			<was_5_common.local:installFix wasHome="@{wasHome}"
				fixFile="@{installerDir}/cd_setup/was51_fixes/${_pdir}/fixes/PQ92527.jar" fixId="PQ92527" />
			<was_5_common.local:installFix wasHome="@{wasHome}"
				fixFile="@{installerDir}/cd_setup/was51_fixes/${_pdir}/fixes/PQ92923_fix.jar" fixId="PQ92923" />
			<was_5_common.local:installFix wasHome="@{wasHome}"
				fixFile="@{installerDir}/cd_setup/was51_fixes/${_pdir}/fixes/PQ93388_511_fix.jar" fixId="PQ93388" />
			<was_5_common.local:installFix wasHome="@{wasHome}"
				fixFile="@{installerDir}/cd_setup/was51_fixes/${_pdir}/fixes/PQ94304-iFix.jar" fixId="PQ94304" />
			<was_5_common.local:installFix wasHome="@{wasHome}"
				fixFile="@{installerDir}/cd_setup/was51_fixes/${_pdir}/fixes/PQ94382.jar" fixId="PQ94382" />
			<was_5_common.local:installFix wasHome="@{wasHome}"
				fixFile="@{installerDir}/cd_setup/was51_fixes/${_pdir}/fixes/PQ94554.jar" fixId="PQ94554" />
			<was_5_common.local:installFix wasHome="@{wasHome}"
				fixFile="@{installerDir}/cd_setup/was51_fixes/${_pdir}/fixes/PQ94676_test_511.jar" fixId="PQ94676" />

			<!-- Finish the install of PQ90654 -->
			<was_5_common.local:startWas wasHome="@{wasHome}" server="server1" />
			<os:runShellScript shellScript="@{wasHome}/bin/wsadmin" dir="@{wasHome}/installableApps">
				<arg value="-c" />
				<arg value="$AdminApp install task.ear {-server server1}; $AdminConfig save" />
			</os:runShellScript>
			<was_5_common.local:stopWas wasHome="@{wasHome}" server="server1" />

			<!-- Install Portal 5.1 -->
			<os:runShellScript shellScript=".${file.separator}install" dir="@{installerDir}/cd_setup">
				<arg value="-options" />
				<arg value="${wp_5_1.local.basedir}${file.separator}files${file.separator}wp.rsp" />
			</os:runShellScript>

			<unset name="_wasHome" />
			<unset name="_wpHome" />
			<unset name="_installerDir" />
			<unset name="_pdir" />
		</sequential>
	</macrodef>
</project>
