<project name="wp_5_1.distributed" basedir="." xmlns:db2="db2" xmlns:os="os" xmlns:wp_5_1="wp_5_1" xmlns:wp_5_1.distributed="wp_5_1.distributed">
	<import file="../asc/asc.xml" />
	<import file="../db2/db2.xml" />
	<import file="../os/os.xml" />


	<!-- Do not import wp_5_1.xml because it causes circular processing
		in the RemoteMacroBuilder utility.  (The utility uses Ant to instantiate
		each buildfile, then APIs to extract the macrodef information.  The
		problem is that Ant attempts to import wp_5_1.xml, which is
		only partially generated at the time.)
		
		One fix would be to rewrite the utility to parse buildfiles directly
		(that is, do not use Ant).
		
		Another (simpler) fix is to not import wp_5_1.xml here.  This works.
		At run-time, wp_5_1.distributed.xml is imported from wp_5_1.xml, so
		no need to import wp_5_1.xml. -->


	<macrodef name="transferToRemoteDB2" uri="wp_5_1.distributed" description="Transfer Portal databases from Cloudscape to a remote DB2 Server.  Assumes DB2 Server and DB2 Connect are already installed.  This script creates the databases on the DB Server, configures DB2 Connect (catalog remote node and databases), then runs Portal's db transfer operations.">
		<attribute name="dbServer" description="Fully-qualified host name of the database server machine." />
		<attribute name="dbUser" description="DB userid on DB2 Server." />
		<attribute name="dbPassword" description="DB user password on DB2 Server." />
		<attribute name="db2Agent" />
		<attribute name="wpHome" description="Root directory of the WebSphere Portal Server install." />
		<attribute name="wpDbNodeName" default="DB2" description="Local (client) alias for the remote node.  Default is DB2." />
		<attribute name="wpDbLibrary" description="Path to db2java.zip on Portal Server.  Typically of form {SQLLIB}/java/db2java.zip.  MUST USE FORWARD SLASHES." />
		<attribute name="wpJmsUser" description="User id for the JMS service that the Workflow Engine will use to communicate with the DB2 Content Manager Runtime Edition." />
		<attribute name="wpJmsPassword" description="Password for the jmsUser user." />
		<attribute name="wpAgent" />
		<sequential>
			<!-- Create database for WP -->
			<!-- http://publib.boulder.ibm.com/pvc/wp/502/ent/en/InfoCenter/wpf/cr_rem_db2.html -->

			<!-- Ensure that DB2 is running. -->
			<db2:start runAsUser="@{dbUser}" agent="@{db2Agent}" />

			<db2:executeDdl runAsUser="@{dbUser}" user="@{dbUser}" password="@{dbPassword}" ddlFileName="../wp_5_1/files/ddl/remote/wpsdb.ddl" agent="@{db2Agent}" />

			<os:runCmd cmd="db2set" agent="@{db2Agent}">
				<arg value="DB2_RR_TO_RS=yes" />
			</os:runCmd>
			<os:runCmd cmd="db2set" agent="@{db2Agent}">
				<arg value="DB2_EVALUNCOMMITTED=YES" />
			</os:runCmd>
			<os:runCmd cmd="db2set" agent="@{db2Agent}">
				<arg value="DB2_INLIST_TO_NLJN=YES" />
			</os:runCmd>

			<db2:executeDdl runAsUser="@{dbUser}" user="@{dbUser}" password="@{dbPassword}" ddlFileName="../wp_5_1/files/ddl/remote/fdbkdb.ddl" agent="@{db2Agent}" />
			<db2:executeDdl runAsUser="@{dbUser}" user="@{dbUser}" password="@{dbPassword}" ddlFileName="../wp_5_1/files/ddl/remote/lmdb.ddl" agent="@{db2Agent}" />

			<!-- Run the "create db" and "update database manager" commands in separate invocations. -->
			<db2:executeDdl runAsUser="@{dbUser}" user="@{dbUser}" password="@{dbPassword}" ddlFileName="../wp_5_1/files/ddl/remote/jcrdb1.ddl" agent="@{db2Agent}" />
			<db2:executeDdl runAsUser="@{dbUser}" user="@{dbUser}" password="@{dbPassword}" ddlFileName="../wp_5_1/files/ddl/remote/jcrdb1a.ddl" agent="@{db2Agent}" />
			<if>
				<os family="windows" />
				<then>
					<db2:executeDdl runAsUser="@{dbUser}" user="@{dbUser}" password="@{dbPassword}" ddlFileName="../wp_5_1/files/ddl/remote/jcrdbw.ddl" agent="@{db2Agent}" />
				</then>
			</if>
			<db2:executeDdl runAsUser="@{dbUser}" user="@{dbUser}" password="@{dbPassword}" ddlFileName="../wp_5_1/files/ddl/remote/jcrdb2.ddl" agent="@{db2Agent}" />
			<db2:executeDdl runAsUser="@{dbUser}" dbName="jcrdb" user="@{dbUser}" password="@{dbPassword}" ddlFileName="../wp_5_1/files/ddl/remote/jcrdb3.ddl" agent="@{db2Agent}" />


			<os:runCmd cmd="db2set" agent="@{db2Agent}">
				<arg value="DB2COMM=TCPIP" />
			</os:runCmd>

			<db2:runClp cmd="db2 UPDATE DBM CFG USING svcename db2c_DB2" agent="@{db2Agent}" />


			<os:runCmd cmd="db2set" agent="@{wpAgent}">
				<arg value="DB2COMM=TCPIP" />
			</os:runCmd>

			<db2:catalogRemoteNode runAsUser="" nodeName="@{wpDbNodeName}" db2ServerHostName="@{dbServer}" connectionServicePort="db2c_DB2" agent="@{wpAgent}" />

			<db2:catalogRemoteDb dbName="wpsdb" nodeName="@{wpDbNodeName}" agent="@{wpAgent}" />
			<db2:catalogRemoteDb dbName="fdbkdb" nodeName="@{wpDbNodeName}" agent="@{wpAgent}" />
			<db2:catalogRemoteDb dbName="lmdb51" nodeName="@{wpDbNodeName}" agent="@{wpAgent}" />
			<db2:catalogRemoteDb dbName="jcrdb" nodeName="@{wpDbNodeName}" agent="@{wpAgent}" />


			<wp_5_1:runWpsConfig wpsHome="@{wpHome}" agent="@{wpAgent}">
				<arg value="-DparentProperties=config/helpers/transfer_db2.properties" />
				<arg value="-DSaveParentProperties=true" />
			</wp_5_1:runWpsConfig>
			<wp_5_1:runWpsConfig wpsHome="@{wpHome}" agent="@{wpAgent}">
				<arg value="database-transfer" />
				<arg value="-DDbDriverDs=COM.ibm.db2.jdbc.DB2XADataSource" />
				<arg value="-DDbLibrary=@{wpDbLibrary}" />
				<arg value="-DDbUser=@{dbUser}" />
				<arg value="-DDbPassword=@{dbPassword}" />
				<arg value="-DJcrDbUser=@{dbUser}" />
				<arg value="-DJcrDbPassword=@{dbPassword}" />
				<arg value="-DJcrJMSJAASUser=@{wpJmsUser}" />
				<arg value="-DJcrJMSJAASPassword=@{wpJmsPassword}" />
				<arg value="-DFeedbackDbUser=@{dbUser}" />
				<arg value="-DFeedbackDbPassword=@{dbPassword}" />
				<arg value="-DLikemindsDbUser=@{dbUser}" />
				<arg value="-DLikemindsDbPassword=@{dbPassword}" />
				<arg value="-DWmmDbUser=@{dbUser}" />
				<arg value="-DWmmDbPassword=@{dbPassword}" />
			</wp_5_1:runWpsConfig>
		</sequential>
	</macrodef>
</project>
