<?xml version="1.0"?>

<!DOCTYPE project [
    <!ENTITY elements SYSTEM "elements.xml">
]>

<!-- Generated from wp_5_1.local.xml. -->
<!-- Generated from wp_5_1.distributed.xml. -->

<project name="wp_5_1" xmlns:wp_5_1="wp_5_1" xmlns:wp_5_1.local="wp_5_1.local" xmlns:wp_5_1.distributed="wp_5_1.distributed">
  <import file="../asc/asc.xml" />
  <import file="wp_5_1.local.xml" />
  <import file="wp_5_1.distributed.xml" />
  <description></description>

  <!-- ===================================================================== -->
  <!-- Artifacts for remote invocation of addUserGroupMember -->
  <!-- ===================================================================== -->
  <macrodef name="addUserGroupMember" uri="wp_5_1" description="Add a Portal User to a User Group." >
    <attribute name="wpshome" description="Root directory of the WebSphere Portal Server install." />
    <attribute name="groupname" description="Name of the User Group." />
    <attribute name="userid" description="User's userid." />
    <attribute name="wpsadminpassword" description="Password for the WebSphere Portal Server administrative user." />
    <attribute name="wpsconfigurl" description="URL to access the Portal configuration servlet." />
    <attribute name="agent" description="ASC agent handle for remoting execution." />
    <sequential>
      <_asc_init agent="@{agent}" />

      <invokeRemoteAnt fileName="library/wp_5_1/wp_5_1.xml" target="_wp_5_1:addUserGroupMember" isPutFile="false" agent="@{agent}">
        <remoteAntProperty name="wpshome" value="@{wpshome}" />
        <remoteAntProperty name="groupname" value="@{groupname}" />
        <remoteAntProperty name="userid" value="@{userid}" />
        <remoteAntProperty name="wpsadminpassword" value="@{wpsadminpassword}" />
        <remoteAntProperty name="wpsconfigurl" value="@{wpsconfigurl}" />
      </invokeRemoteAnt>
    </sequential>
  </macrodef>

  <target name="_wp_5_1:addUserGroupMember" >
    <wp_5_1.local:addUserGroupMember wpshome="${wpshome}" groupname="${groupname}" userid="${userid}" wpsadminpassword="${wpsadminpassword}" wpsconfigurl="${wpsconfigurl}" >
    </wp_5_1.local:addUserGroupMember>
  </target>

  <!-- ===================================================================== -->
  <!-- Artifacts for remote invocation of backupWpConfigFile -->
  <!-- ===================================================================== -->
  <macrodef name="backupWpConfigFile" uri="wp_5_1" >
    <attribute name="wpshome" />
    <attribute name="backupfilename" default="wpconfig.properties.backup" />
    <attribute name="agent" description="ASC agent handle for remoting execution." />
    <sequential>
      <_asc_init agent="@{agent}" />

      <invokeRemoteAnt fileName="library/wp_5_1/wp_5_1.xml" target="_wp_5_1:backupWpConfigFile" isPutFile="false" agent="@{agent}">
        <remoteAntProperty name="wpshome" value="@{wpshome}" />
        <remoteAntProperty name="backupfilename" value="@{backupfilename}" />
      </invokeRemoteAnt>
    </sequential>
  </macrodef>

  <target name="_wp_5_1:backupWpConfigFile" >
    <wp_5_1.local:backupWpConfigFile wpshome="${wpshome}" backupfilename="${backupfilename}" >
    </wp_5_1.local:backupWpConfigFile>
  </target>

  <!-- ===================================================================== -->
  <!-- Artifacts for remote invocation of blockPagePermissionInheritance -->
  <!-- ===================================================================== -->
  <macrodef name="blockPagePermissionInheritance" uri="wp_5_1" description="Prevent a page from inheriting permissions from its parent under the specified actionset." >
    <attribute name="wpshome" description="Root directory of the WebSphere Portal Server install." />
    <attribute name="wpsconnectionport" default="8882" description="Portal's SOAP connection port." />
    <attribute name="wpadmin" description="Userid for the Portal admin user." />
    <attribute name="wpadminpassword" description="Password for Portal admin user." />
    <attribute name="pagename" description="Unique page name, as registered in Portal.  White space is handled automatically." />
    <attribute name="actionset" description="Portal actionset upon which to act (User, PrivilegedUser, Editor, Manager, Delegator, SecurityAdmin, Admin).  Supports space-delimited list." />
    <attribute name="agent" description="ASC agent handle for remoting execution." />
    <sequential>
      <_asc_init agent="@{agent}" />

      <invokeRemoteAnt fileName="library/wp_5_1/wp_5_1.xml" target="_wp_5_1:blockPagePermissionInheritance" isPutFile="false" agent="@{agent}">
        <remoteAntProperty name="wpshome" value="@{wpshome}" />
        <remoteAntProperty name="wpsconnectionport" value="@{wpsconnectionport}" />
        <remoteAntProperty name="wpadmin" value="@{wpadmin}" />
        <remoteAntProperty name="wpadminpassword" value="@{wpadminpassword}" />
        <remoteAntProperty name="pagename" value="@{pagename}" />
        <remoteAntProperty name="actionset" value="@{actionset}" />
      </invokeRemoteAnt>
    </sequential>
  </macrodef>

  <target name="_wp_5_1:blockPagePermissionInheritance" >
    <wp_5_1.local:blockPagePermissionInheritance wpshome="${wpshome}" wpsconnectionport="${wpsconnectionport}" wpadmin="${wpadmin}" wpadminpassword="${wpadminpassword}" pagename="${pagename}" actionset="${actionset}" >
    </wp_5_1.local:blockPagePermissionInheritance>
  </target>

  <!-- ===================================================================== -->
  <!-- Artifacts for remote invocation of blockPagePermissionPropagation -->
  <!-- ===================================================================== -->
  <macrodef name="blockPagePermissionPropagation" uri="wp_5_1" description="Prevent a page from inheriting permissions from its contained elements under the specified actionset." >
    <attribute name="wpshome" description="Root directory of the WebSphere Portal Server install." />
    <attribute name="wpsconnectionport" default="8882" description="Portal's SOAP connection port." />
    <attribute name="wpadmin" description="Userid for the Portal admin user." />
    <attribute name="wpadminpassword" description="Password for Portal admin user." />
    <attribute name="pagename" description="Unique page name, as registered in Portal.  White space is handled automatically." />
    <attribute name="actionset" description="Portal actionset upon which to act (User, PrivilegedUser, Editor, Manager, Delegator, SecurityAdmin, Admin).  Supports space-delimited list." />
    <attribute name="agent" description="ASC agent handle for remoting execution." />
    <sequential>
      <_asc_init agent="@{agent}" />

      <invokeRemoteAnt fileName="library/wp_5_1/wp_5_1.xml" target="_wp_5_1:blockPagePermissionPropagation" isPutFile="false" agent="@{agent}">
        <remoteAntProperty name="wpshome" value="@{wpshome}" />
        <remoteAntProperty name="wpsconnectionport" value="@{wpsconnectionport}" />
        <remoteAntProperty name="wpadmin" value="@{wpadmin}" />
        <remoteAntProperty name="wpadminpassword" value="@{wpadminpassword}" />
        <remoteAntProperty name="pagename" value="@{pagename}" />
        <remoteAntProperty name="actionset" value="@{actionset}" />
      </invokeRemoteAnt>
    </sequential>
  </macrodef>

  <target name="_wp_5_1:blockPagePermissionPropagation" >
    <wp_5_1.local:blockPagePermissionPropagation wpshome="${wpshome}" wpsconnectionport="${wpsconnectionport}" wpadmin="${wpadmin}" wpadminpassword="${wpadminpassword}" pagename="${pagename}" actionset="${actionset}" >
    </wp_5_1.local:blockPagePermissionPropagation>
  </target>

  <!-- ===================================================================== -->
  <!-- Artifacts for remote invocation of blockPortletPermissionInheritance -->
  <!-- ===================================================================== -->
  <macrodef name="blockPortletPermissionInheritance" uri="wp_5_1" description="Prevent a portlet from inheriting permissions from its parent under the specified actionset." >
    <attribute name="wpshome" description="Root directory of the WebSphere Portal Server install." />
    <attribute name="wpsconnectionport" default="8882" description="Portal's SOAP connection port." />
    <attribute name="wpadmin" description="Userid for the Portal admin user." />
    <attribute name="wpadminpassword" description="Password for Portal admin user." />
    <attribute name="portletname" description="Unique portlet name, as registered in Portal.  White space is handled automatically." />
    <attribute name="actionset" description="Portal actionset upon which to act (User, PrivilegedUser, Editor, Manager, Delegator, SecurityAdmin, Admin).  Supports space-delimited list." />
    <attribute name="agent" description="ASC agent handle for remoting execution." />
    <sequential>
      <_asc_init agent="@{agent}" />

      <invokeRemoteAnt fileName="library/wp_5_1/wp_5_1.xml" target="_wp_5_1:blockPortletPermissionInheritance" isPutFile="false" agent="@{agent}">
        <remoteAntProperty name="wpshome" value="@{wpshome}" />
        <remoteAntProperty name="wpsconnectionport" value="@{wpsconnectionport}" />
        <remoteAntProperty name="wpadmin" value="@{wpadmin}" />
        <remoteAntProperty name="wpadminpassword" value="@{wpadminpassword}" />
        <remoteAntProperty name="portletname" value="@{portletname}" />
        <remoteAntProperty name="actionset" value="@{actionset}" />
      </invokeRemoteAnt>
    </sequential>
  </macrodef>

  <target name="_wp_5_1:blockPortletPermissionInheritance" >
    <wp_5_1.local:blockPortletPermissionInheritance wpshome="${wpshome}" wpsconnectionport="${wpsconnectionport}" wpadmin="${wpadmin}" wpadminpassword="${wpadminpassword}" portletname="${portletname}" actionset="${actionset}" >
    </wp_5_1.local:blockPortletPermissionInheritance>
  </target>

  <!-- ===================================================================== -->
  <!-- Artifacts for remote invocation of blockPortletPermissionPropagation -->
  <!-- ===================================================================== -->
  <macrodef name="blockPortletPermissionPropagation" uri="wp_5_1" description="Prevent a portlet from inheriting permissions from its contained elements under the specified actionset." >
    <attribute name="wpshome" description="Root directory of the WebSphere Portal Server install." />
    <attribute name="wpsconnectionport" default="8882" description="Portal's SOAP connection port." />
    <attribute name="wpadmin" description="Userid for the Portal admin user." />
    <attribute name="wpadminpassword" description="Password for Portal admin user." />
    <attribute name="portletname" description="Unique portlet name, as registered in Portal.  White space is handled automatically." />
    <attribute name="actionset" description="Portal actionset upon which to act (User, PrivilegedUser, Editor, Manager, Delegator, SecurityAdmin, Admin).  Supports space-delimited list." />
    <attribute name="agent" description="ASC agent handle for remoting execution." />
    <sequential>
      <_asc_init agent="@{agent}" />

      <invokeRemoteAnt fileName="library/wp_5_1/wp_5_1.xml" target="_wp_5_1:blockPortletPermissionPropagation" isPutFile="false" agent="@{agent}">
        <remoteAntProperty name="wpshome" value="@{wpshome}" />
        <remoteAntProperty name="wpsconnectionport" value="@{wpsconnectionport}" />
        <remoteAntProperty name="wpadmin" value="@{wpadmin}" />
        <remoteAntProperty name="wpadminpassword" value="@{wpadminpassword}" />
        <remoteAntProperty name="portletname" value="@{portletname}" />
        <remoteAntProperty name="actionset" value="@{actionset}" />
      </invokeRemoteAnt>
    </sequential>
  </macrodef>

  <target name="_wp_5_1:blockPortletPermissionPropagation" >
    <wp_5_1.local:blockPortletPermissionPropagation wpshome="${wpshome}" wpsconnectionport="${wpsconnectionport}" wpadmin="${wpadmin}" wpadminpassword="${wpadminpassword}" portletname="${portletname}" actionset="${actionset}" >
    </wp_5_1.local:blockPortletPermissionPropagation>
  </target>

  <!-- ===================================================================== -->
  <!-- Artifacts for remote invocation of createPage -->
  <!-- ===================================================================== -->
  <macrodef name="createPage" uri="wp_5_1" description="Create a new page in WebSphere Portal Server." >
    <attribute name="wpshome" description="the root directory of the WebSphere Portal Server install" />
    <attribute name="parentpagename" description="the existing parent page of the page to create" />
    <attribute name="uniquepagename" description="a unique name for the newly-created page" />
    <attribute name="pagetitle" description="the title of the new page" />
    <attribute name="portletlayout" description="the layout of the new page (needs further explanation of the syntax)" />
    <attribute name="wpsadminpassword" description="password for the WebSphere Portal Server administrative user" />
    <attribute name="wpsconfigurl" />
    <attribute name="agent" description="ASC agent handle for remoting execution." />
    <sequential>
      <_asc_init agent="@{agent}" />

      <invokeRemoteAnt fileName="library/wp_5_1/wp_5_1.xml" target="_wp_5_1:createPage" isPutFile="false" agent="@{agent}">
        <remoteAntProperty name="wpshome" value="@{wpshome}" />
        <remoteAntProperty name="parentpagename" value="@{parentpagename}" />
        <remoteAntProperty name="uniquepagename" value="@{uniquepagename}" />
        <remoteAntProperty name="pagetitle" value="@{pagetitle}" />
        <remoteAntProperty name="portletlayout" value="@{portletlayout}" />
        <remoteAntProperty name="wpsadminpassword" value="@{wpsadminpassword}" />
        <remoteAntProperty name="wpsconfigurl" value="@{wpsconfigurl}" />
      </invokeRemoteAnt>
    </sequential>
  </macrodef>

  <target name="_wp_5_1:createPage" >
    <wp_5_1.local:createPage wpshome="${wpshome}" parentpagename="${parentpagename}" uniquepagename="${uniquepagename}" pagetitle="${pagetitle}" portletlayout="${portletlayout}" wpsadminpassword="${wpsadminpassword}" wpsconfigurl="${wpsconfigurl}" >
    </wp_5_1.local:createPage>
  </target>

  <!-- ===================================================================== -->
  <!-- Artifacts for remote invocation of createUser -->
  <!-- ===================================================================== -->
  <macrodef name="createUser" uri="wp_5_1" description="Create a new Portal User." >
    <attribute name="wpshome" description="Root directory of the WebSphere Portal Server install." />
    <attribute name="userid" description="Login id for the new user." />
    <attribute name="firstname" description="User's first name." />
    <attribute name="lastname" description="User's last name." />
    <attribute name="password" description="User's password." />
    <attribute name="description" default="" description="Description of the new user." />
    <attribute name="language" default="en" description="Two-letter language code." />
    <attribute name="wpsadminpassword" description="Password for the WebSphere Portal Server administrative user." />
    <attribute name="wpsconfigurl" description="URL to access the Portal configuration servlet." />
    <attribute name="agent" description="ASC agent handle for remoting execution." />
    <sequential>
      <_asc_init agent="@{agent}" />

      <invokeRemoteAnt fileName="library/wp_5_1/wp_5_1.xml" target="_wp_5_1:createUser" isPutFile="false" agent="@{agent}">
        <remoteAntProperty name="wpshome" value="@{wpshome}" />
        <remoteAntProperty name="userid" value="@{userid}" />
        <remoteAntProperty name="firstname" value="@{firstname}" />
        <remoteAntProperty name="lastname" value="@{lastname}" />
        <remoteAntProperty name="password" value="@{password}" />
        <remoteAntProperty name="description" value="@{description}" />
        <remoteAntProperty name="language" value="@{language}" />
        <remoteAntProperty name="wpsadminpassword" value="@{wpsadminpassword}" />
        <remoteAntProperty name="wpsconfigurl" value="@{wpsconfigurl}" />
      </invokeRemoteAnt>
    </sequential>
  </macrodef>

  <target name="_wp_5_1:createUser" >
    <wp_5_1.local:createUser wpshome="${wpshome}" userid="${userid}" firstname="${firstname}" lastname="${lastname}" password="${password}" description="${description}" language="${language}" wpsadminpassword="${wpsadminpassword}" wpsconfigurl="${wpsconfigurl}" >
    </wp_5_1.local:createUser>
  </target>

  <!-- ===================================================================== -->
  <!-- Artifacts for remote invocation of createUserGroup -->
  <!-- ===================================================================== -->
  <macrodef name="createUserGroup" uri="wp_5_1" description="Create a new Portal User Group." >
    <attribute name="wpshome" description="Root directory of the WebSphere Portal Server install." />
    <attribute name="groupname" description="Name of the new User Group." />
    <attribute name="description" default="" description="Description of the new User Group." />
    <attribute name="wpsadminpassword" description="Password for the WebSphere Portal Server administrative user." />
    <attribute name="wpsconfigurl" description="URL to access the Portal configuration servlet." />
    <attribute name="agent" description="ASC agent handle for remoting execution." />
    <sequential>
      <_asc_init agent="@{agent}" />

      <invokeRemoteAnt fileName="library/wp_5_1/wp_5_1.xml" target="_wp_5_1:createUserGroup" isPutFile="false" agent="@{agent}">
        <remoteAntProperty name="wpshome" value="@{wpshome}" />
        <remoteAntProperty name="groupname" value="@{groupname}" />
        <remoteAntProperty name="description" value="@{description}" />
        <remoteAntProperty name="wpsadminpassword" value="@{wpsadminpassword}" />
        <remoteAntProperty name="wpsconfigurl" value="@{wpsconfigurl}" />
      </invokeRemoteAnt>
    </sequential>
  </macrodef>

  <target name="_wp_5_1:createUserGroup" >
    <wp_5_1.local:createUserGroup wpshome="${wpshome}" groupname="${groupname}" description="${description}" wpsadminpassword="${wpsadminpassword}" wpsconfigurl="${wpsconfigurl}" >
    </wp_5_1.local:createUserGroup>
  </target>

  <!-- ===================================================================== -->
  <!-- Artifacts for remote invocation of deployTheme -->
  <!-- ===================================================================== -->
  <macrodef name="deployTheme" uri="wp_5_1" description="Deploy new themes and skins to WebSphere Portal Server. Updates and redeploys the WebSphere Portal EAR file." >
    <attribute name="wpshome" description="the root directory of the WebSphere Portal Server install" />
    <attribute name="skinrefid" description="the object id of the skin to deploy" />
    <attribute name="skinname" description="the name of the skin to deploy" />
    <attribute name="skinroot" description="the resource root of the skin" />
    <attribute name="skintitle" description="the display title of the skin" />
    <attribute name="skindescription" description="a description of the skin" />
    <attribute name="themename" description="the name of the theme to deploy" />
    <attribute name="themeroot" description="the resource root of the theme" />
    <attribute name="themetitle" description="the display title of the theme" />
    <attribute name="isdefault" description="not currently used" />
    <attribute name="wpsadminpassword" description="the password for the WebSphere Portal Server administrative user" />
    <attribute name="wpsconfigurl" description="the URL to access the Portal configuration servlet" />
    <attribute name="agent" description="ASC agent handle for remoting execution." />
    <sequential>
      <_asc_init agent="@{agent}" />

      <invokeRemoteAnt fileName="library/wp_5_1/wp_5_1.xml" target="_wp_5_1:deployTheme" isPutFile="false" agent="@{agent}">
        <remoteAntProperty name="wpshome" value="@{wpshome}" />
        <remoteAntProperty name="skinrefid" value="@{skinrefid}" />
        <remoteAntProperty name="skinname" value="@{skinname}" />
        <remoteAntProperty name="skinroot" value="@{skinroot}" />
        <remoteAntProperty name="skintitle" value="@{skintitle}" />
        <remoteAntProperty name="skindescription" value="@{skindescription}" />
        <remoteAntProperty name="themename" value="@{themename}" />
        <remoteAntProperty name="themeroot" value="@{themeroot}" />
        <remoteAntProperty name="themetitle" value="@{themetitle}" />
        <remoteAntProperty name="isdefault" value="@{isdefault}" />
        <remoteAntProperty name="wpsadminpassword" value="@{wpsadminpassword}" />
        <remoteAntProperty name="wpsconfigurl" value="@{wpsconfigurl}" />
      </invokeRemoteAnt>
    </sequential>
  </macrodef>

  <target name="_wp_5_1:deployTheme" >
    <wp_5_1.local:deployTheme wpshome="${wpshome}" skinrefid="${skinrefid}" skinname="${skinname}" skinroot="${skinroot}" skintitle="${skintitle}" skindescription="${skindescription}" themename="${themename}" themeroot="${themeroot}" themetitle="${themetitle}" isdefault="${isdefault}" wpsadminpassword="${wpsadminpassword}" wpsconfigurl="${wpsconfigurl}" >
    </wp_5_1.local:deployTheme>
  </target>

  <!-- ===================================================================== -->
  <!-- Artifacts for remote invocation of enableSecurityLDAP -->
  <!-- ===================================================================== -->
  <macrodef name="enableSecurityLDAP" uri="wp_5_1" >
    <attribute name="wpshome" />
    <attribute name="wasuserid" default="wpsbind" />
    <attribute name="waspassword" />
    <attribute name="ldapsuffix" />
    <attribute name="wpshostname" />
    <attribute name="wpsadminid" default="wpsadmin" />
    <attribute name="wpsadminpassword" />
    <attribute name="wpsadmingroupid" default="wpsadmins" />
    <attribute name="ldaphostname" />
    <attribute name="ldapadminuid" default="cn=root" />
    <attribute name="ldapadminpassword" />
    <attribute name="ldapbindid" default="wpsbind" />
    <attribute name="ldapbindpassword" />
    <attribute name="ltpapassword" />
    <attribute name="ssodomainname" />
    <attribute name="agent" description="ASC agent handle for remoting execution." />
    <sequential>
      <_asc_init agent="@{agent}" />

      <invokeRemoteAnt fileName="library/wp_5_1/wp_5_1.xml" target="_wp_5_1:enableSecurityLDAP" isPutFile="false" agent="@{agent}">
        <remoteAntProperty name="wpshome" value="@{wpshome}" />
        <remoteAntProperty name="wasuserid" value="@{wasuserid}" />
        <remoteAntProperty name="waspassword" value="@{waspassword}" />
        <remoteAntProperty name="ldapsuffix" value="@{ldapsuffix}" />
        <remoteAntProperty name="wpshostname" value="@{wpshostname}" />
        <remoteAntProperty name="wpsadminid" value="@{wpsadminid}" />
        <remoteAntProperty name="wpsadminpassword" value="@{wpsadminpassword}" />
        <remoteAntProperty name="wpsadmingroupid" value="@{wpsadmingroupid}" />
        <remoteAntProperty name="ldaphostname" value="@{ldaphostname}" />
        <remoteAntProperty name="ldapadminuid" value="@{ldapadminuid}" />
        <remoteAntProperty name="ldapadminpassword" value="@{ldapadminpassword}" />
        <remoteAntProperty name="ldapbindid" value="@{ldapbindid}" />
        <remoteAntProperty name="ldapbindpassword" value="@{ldapbindpassword}" />
        <remoteAntProperty name="ltpapassword" value="@{ltpapassword}" />
        <remoteAntProperty name="ssodomainname" value="@{ssodomainname}" />
      </invokeRemoteAnt>
    </sequential>
  </macrodef>

  <target name="_wp_5_1:enableSecurityLDAP" >
    <wp_5_1.local:enableSecurityLDAP wpshome="${wpshome}" wasuserid="${wasuserid}" waspassword="${waspassword}" ldapsuffix="${ldapsuffix}" wpshostname="${wpshostname}" wpsadminid="${wpsadminid}" wpsadminpassword="${wpsadminpassword}" wpsadmingroupid="${wpsadmingroupid}" ldaphostname="${ldaphostname}" ldapadminuid="${ldapadminuid}" ldapadminpassword="${ldapadminpassword}" ldapbindid="${ldapbindid}" ldapbindpassword="${ldapbindpassword}" ltpapassword="${ltpapassword}" ssodomainname="${ssodomainname}" >
    </wp_5_1.local:enableSecurityLDAP>
  </target>

  <!-- ===================================================================== -->
  <!-- Artifacts for remote invocation of grantLabelAccessControl -->
  <!-- ===================================================================== -->
  <macrodef name="grantLabelAccessControl" uri="wp_5_1" description="Add principal to label permission list for specific actionset." >
    <attribute name="wpshome" description="Root directory of the WebSphere Portal Server install." />
    <attribute name="wpsconnectionport" default="8882" description="Portal's SOAP connection port." />
    <attribute name="wpadmin" description="Userid for the Portal admin user." />
    <attribute name="wpadminpassword" description="Password for Portal admin user." />
    <attribute name="labelname" description="Unique label name, as registered in Portal.  White space is handled automatically." />
    <attribute name="actionset" description="Portal actionset upon which to act (User, PrivilegedUser, Editor, Manager, Delegator, SecurityAdmin, Admin).  Supports space-delimited list." />
    <attribute name="name" description="Principal's name (user or user group).  Can be a short name or fully-qualified distinguished name.  White space is handled automatically." />
    <attribute name="isspecial" default="false" description="Set to 'true' if name is a 'special principal':  'anonymous', 'authenticated', or 'allgroups'." />
    <attribute name="agent" description="ASC agent handle for remoting execution." />
    <sequential>
      <_asc_init agent="@{agent}" />

      <invokeRemoteAnt fileName="library/wp_5_1/wp_5_1.xml" target="_wp_5_1:grantLabelAccessControl" isPutFile="false" agent="@{agent}">
        <remoteAntProperty name="wpshome" value="@{wpshome}" />
        <remoteAntProperty name="wpsconnectionport" value="@{wpsconnectionport}" />
        <remoteAntProperty name="wpadmin" value="@{wpadmin}" />
        <remoteAntProperty name="wpadminpassword" value="@{wpadminpassword}" />
        <remoteAntProperty name="labelname" value="@{labelname}" />
        <remoteAntProperty name="actionset" value="@{actionset}" />
        <remoteAntProperty name="name" value="@{name}" />
        <remoteAntProperty name="isspecial" value="@{isspecial}" />
      </invokeRemoteAnt>
    </sequential>
  </macrodef>

  <target name="_wp_5_1:grantLabelAccessControl" >
    <wp_5_1.local:grantLabelAccessControl wpshome="${wpshome}" wpsconnectionport="${wpsconnectionport}" wpadmin="${wpadmin}" wpadminpassword="${wpadminpassword}" labelname="${labelname}" actionset="${actionset}" name="${name}" isspecial="${isspecial}" >
    </wp_5_1.local:grantLabelAccessControl>
  </target>

  <!-- ===================================================================== -->
  <!-- Artifacts for remote invocation of grantPageAccessControl -->
  <!-- ===================================================================== -->
  <macrodef name="grantPageAccessControl" uri="wp_5_1" description="Add principal to page permission list for specific actionset." >
    <attribute name="wpshome" description="Root directory of the WebSphere Portal Server install." />
    <attribute name="wpsconnectionport" default="8882" description="Portal's SOAP connection port." />
    <attribute name="wpadmin" description="Userid for the Portal admin user." />
    <attribute name="wpadminpassword" description="Password for Portal admin user." />
    <attribute name="pagename" description="Unique page name, as registered in Portal.  White space is handled automatically." />
    <attribute name="actionset" description="Portal actionset upon which to act (User, PrivilegedUser, Editor, Manager, Delegator, SecurityAdmin, Admin).  Supports space-delimited list." />
    <attribute name="name" description="Principal's name (user or user group).  Can be a short name or fully-qualified distinguished name.  White space is handled automatically." />
    <attribute name="isspecial" default="false" description="Set to 'true' if name is a 'special principal':  'anonymous', 'authenticated', or 'allgroups'." />
    <attribute name="agent" description="ASC agent handle for remoting execution." />
    <sequential>
      <_asc_init agent="@{agent}" />

      <invokeRemoteAnt fileName="library/wp_5_1/wp_5_1.xml" target="_wp_5_1:grantPageAccessControl" isPutFile="false" agent="@{agent}">
        <remoteAntProperty name="wpshome" value="@{wpshome}" />
        <remoteAntProperty name="wpsconnectionport" value="@{wpsconnectionport}" />
        <remoteAntProperty name="wpadmin" value="@{wpadmin}" />
        <remoteAntProperty name="wpadminpassword" value="@{wpadminpassword}" />
        <remoteAntProperty name="pagename" value="@{pagename}" />
        <remoteAntProperty name="actionset" value="@{actionset}" />
        <remoteAntProperty name="name" value="@{name}" />
        <remoteAntProperty name="isspecial" value="@{isspecial}" />
      </invokeRemoteAnt>
    </sequential>
  </macrodef>

  <target name="_wp_5_1:grantPageAccessControl" >
    <wp_5_1.local:grantPageAccessControl wpshome="${wpshome}" wpsconnectionport="${wpsconnectionport}" wpadmin="${wpadmin}" wpadminpassword="${wpadminpassword}" pagename="${pagename}" actionset="${actionset}" name="${name}" isspecial="${isspecial}" >
    </wp_5_1.local:grantPageAccessControl>
  </target>

  <!-- ===================================================================== -->
  <!-- Artifacts for remote invocation of grantPortletAccessControl -->
  <!-- ===================================================================== -->
  <macrodef name="grantPortletAccessControl" uri="wp_5_1" description="Add principal to portlet permission list for specific actionset." >
    <attribute name="wpshome" description="Root directory of the WebSphere Portal Server install." />
    <attribute name="wpsconnectionport" default="8882" description="Portal's SOAP connection port." />
    <attribute name="wpadmin" description="Userid for the Portal admin user." />
    <attribute name="wpadminpassword" description="Password for Portal admin user." />
    <attribute name="portletname" description="Unique portlet name, as registered in Portal.  White space is handled automatically." />
    <attribute name="actionset" description="Portal actionset upon which to act (User, PrivilegedUser, Editor, Manager, Delegator, SecurityAdmin, Admin).  Supports space-delimited list." />
    <attribute name="name" description="Principal's name (user or user group).  Can be a short name or fully-qualified distinguished name.  White space is handled automatically." />
    <attribute name="isspecial" default="false" description="Set to 'true' if name is a 'special principal':  'anonymous', 'authenticated', or 'allgroups'." />
    <attribute name="agent" description="ASC agent handle for remoting execution." />
    <sequential>
      <_asc_init agent="@{agent}" />

      <invokeRemoteAnt fileName="library/wp_5_1/wp_5_1.xml" target="_wp_5_1:grantPortletAccessControl" isPutFile="false" agent="@{agent}">
        <remoteAntProperty name="wpshome" value="@{wpshome}" />
        <remoteAntProperty name="wpsconnectionport" value="@{wpsconnectionport}" />
        <remoteAntProperty name="wpadmin" value="@{wpadmin}" />
        <remoteAntProperty name="wpadminpassword" value="@{wpadminpassword}" />
        <remoteAntProperty name="portletname" value="@{portletname}" />
        <remoteAntProperty name="actionset" value="@{actionset}" />
        <remoteAntProperty name="name" value="@{name}" />
        <remoteAntProperty name="isspecial" value="@{isspecial}" />
      </invokeRemoteAnt>
    </sequential>
  </macrodef>

  <target name="_wp_5_1:grantPortletAccessControl" >
    <wp_5_1.local:grantPortletAccessControl wpshome="${wpshome}" wpsconnectionport="${wpsconnectionport}" wpadmin="${wpadmin}" wpadminpassword="${wpadminpassword}" portletname="${portletname}" actionset="${actionset}" name="${name}" isspecial="${isspecial}" >
    </wp_5_1.local:grantPortletAccessControl>
  </target>

  <!-- ===================================================================== -->
  <!-- Artifacts for remote invocation of installPortlet -->
  <!-- ===================================================================== -->
  <macrodef name="installPortlet" uri="wp_5_1" description="Install a WAR file containing portlets into WebSphere Portal Server." >
    <attribute name="wpshome" description="the root directory of the WebSphere Portal Server install" />
    <attribute name="warfile" description="the war file containing the portlets to install" />
    <attribute name="wpsadminpassword" description="password for the WebSphere Portal Server administrative user" />
    <attribute name="wpsconfigurl" description="the URL to access the portal configuration servlet" />
    <attribute name="agent" description="ASC agent handle for remoting execution." />
    <sequential>
      <_asc_init agent="@{agent}" />

      <invokeRemoteAnt fileName="library/wp_5_1/wp_5_1.xml" target="_wp_5_1:installPortlet" isPutFile="false" agent="@{agent}">
        <remoteAntProperty name="wpshome" value="@{wpshome}" />
        <remoteAntProperty name="warfile" value="@{warfile}" />
        <remoteAntProperty name="wpsadminpassword" value="@{wpsadminpassword}" />
        <remoteAntProperty name="wpsconfigurl" value="@{wpsconfigurl}" />
      </invokeRemoteAnt>
    </sequential>
  </macrodef>

  <target name="_wp_5_1:installPortlet" >
    <wp_5_1.local:installPortlet wpshome="${wpshome}" warfile="${warfile}" wpsadminpassword="${wpsadminpassword}" wpsconfigurl="${wpsconfigurl}" >
    </wp_5_1.local:installPortlet>
  </target>

  <!-- ===================================================================== -->
  <!-- Artifacts for remote invocation of install_5_1 -->
  <!-- ===================================================================== -->
  <macrodef name="install_5_1" uri="wp_5_1" description="Installs Portal 5.1 onto an existing instance of WAS 5.1.1.1 + WBISF 5.1.1." >
    <attribute name="washome" description="Directory under which WAS is already installed." />
    <attribute name="wphome" description="Directory under which Portal will be installed." />
    <attribute name="nodename" description="Node name of WAS instance onto which Portal is being installed." />
    <attribute name="hostname" description="Resolveable hostname for the server when installed" />
    <attribute name="wpadmin" description="Userid for Portal admin user." />
    <attribute name="wpadminpassword" description="Password for Portal admin user." />
    <attribute name="installerdir" description="Directory containing three subdirs of extracted Portal installers:  cd_setup, cd_2, and cd_3." />
    <attribute name="agent" description="ASC agent handle for remoting execution." />
    <sequential>
      <_asc_init agent="@{agent}" />

      <invokeRemoteAnt fileName="library/wp_5_1/wp_5_1.xml" target="_wp_5_1:install_5_1" isPutFile="false" agent="@{agent}">
        <remoteAntProperty name="washome" value="@{washome}" />
        <remoteAntProperty name="wphome" value="@{wphome}" />
        <remoteAntProperty name="nodename" value="@{nodename}" />
        <remoteAntProperty name="hostname" value="@{hostname}" />
        <remoteAntProperty name="wpadmin" value="@{wpadmin}" />
        <remoteAntProperty name="wpadminpassword" value="@{wpadminpassword}" />
        <remoteAntProperty name="installerdir" value="@{installerdir}" />
      </invokeRemoteAnt>
    </sequential>
  </macrodef>

  <target name="_wp_5_1:install_5_1" >
    <wp_5_1.local:install_5_1 washome="${washome}" wphome="${wphome}" nodename="${nodename}" hostname="${hostname}" wpadmin="${wpadmin}" wpadminpassword="${wpadminpassword}" installerdir="${installerdir}" >
    </wp_5_1.local:install_5_1>
  </target>

  <!-- ===================================================================== -->
  <!-- Artifacts for remote invocation of revokeLabelAccessControl -->
  <!-- ===================================================================== -->
  <macrodef name="revokeLabelAccessControl" uri="wp_5_1" description="Remove principal from label permission list for specific actionset." >
    <attribute name="wpshome" description="Root directory of the WebSphere Portal Server install." />
    <attribute name="wpsconnectionport" default="8882" description="Portal's SOAP connection port." />
    <attribute name="wpadmin" description="Userid for the Portal admin user." />
    <attribute name="wpadminpassword" description="Password for Portal admin user." />
    <attribute name="labelname" description="Unique label name, as registered in Portal.  White space is handled automatically." />
    <attribute name="actionset" description="Portal actionset upon which to act (User, PrivilegedUser, Editor, Manager, Delegator, SecurityAdmin, Admin).  Supports space-delimited list." />
    <attribute name="name" description="Principal's fully-qualified distinguished name (e.g. cn=user1,o=default organization).  White space is handled automatically." />
    <attribute name="isspecial" default="false" description="Set to 'true' if name is a 'special principal':  'anonymous', 'authenticated', 'allgroups', or 'all'." />
    <attribute name="agent" description="ASC agent handle for remoting execution." />
    <sequential>
      <_asc_init agent="@{agent}" />

      <invokeRemoteAnt fileName="library/wp_5_1/wp_5_1.xml" target="_wp_5_1:revokeLabelAccessControl" isPutFile="false" agent="@{agent}">
        <remoteAntProperty name="wpshome" value="@{wpshome}" />
        <remoteAntProperty name="wpsconnectionport" value="@{wpsconnectionport}" />
        <remoteAntProperty name="wpadmin" value="@{wpadmin}" />
        <remoteAntProperty name="wpadminpassword" value="@{wpadminpassword}" />
        <remoteAntProperty name="labelname" value="@{labelname}" />
        <remoteAntProperty name="actionset" value="@{actionset}" />
        <remoteAntProperty name="name" value="@{name}" />
        <remoteAntProperty name="isspecial" value="@{isspecial}" />
      </invokeRemoteAnt>
    </sequential>
  </macrodef>

  <target name="_wp_5_1:revokeLabelAccessControl" >
    <wp_5_1.local:revokeLabelAccessControl wpshome="${wpshome}" wpsconnectionport="${wpsconnectionport}" wpadmin="${wpadmin}" wpadminpassword="${wpadminpassword}" labelname="${labelname}" actionset="${actionset}" name="${name}" isspecial="${isspecial}" >
    </wp_5_1.local:revokeLabelAccessControl>
  </target>

  <!-- ===================================================================== -->
  <!-- Artifacts for remote invocation of revokePageAccessControl -->
  <!-- ===================================================================== -->
  <macrodef name="revokePageAccessControl" uri="wp_5_1" description="Remove principal from page permission list for specific actionset." >
    <attribute name="wpshome" description="Root directory of the WebSphere Portal Server install." />
    <attribute name="wpsconnectionport" default="8882" description="Portal's SOAP connection port." />
    <attribute name="wpadmin" description="Userid for the Portal admin user." />
    <attribute name="wpadminpassword" description="Password for Portal admin user." />
    <attribute name="pagename" description="Unique page name, as registered in Portal.  White space is handled automatically." />
    <attribute name="actionset" description="Portal actionset upon which to act (User, PrivilegedUser, Editor, Manager, Delegator, SecurityAdmin, Admin).  Supports space-delimited list." />
    <attribute name="name" description="Principal's fully-qualified distinguished name (e.g. cn=user1,o=default organization).  White space is handled automatically." />
    <attribute name="isspecial" default="false" description="Set to 'true' if name is a 'special principal':  'anonymous', 'authenticated', 'allgroups', or 'all'." />
    <attribute name="agent" description="ASC agent handle for remoting execution." />
    <sequential>
      <_asc_init agent="@{agent}" />

      <invokeRemoteAnt fileName="library/wp_5_1/wp_5_1.xml" target="_wp_5_1:revokePageAccessControl" isPutFile="false" agent="@{agent}">
        <remoteAntProperty name="wpshome" value="@{wpshome}" />
        <remoteAntProperty name="wpsconnectionport" value="@{wpsconnectionport}" />
        <remoteAntProperty name="wpadmin" value="@{wpadmin}" />
        <remoteAntProperty name="wpadminpassword" value="@{wpadminpassword}" />
        <remoteAntProperty name="pagename" value="@{pagename}" />
        <remoteAntProperty name="actionset" value="@{actionset}" />
        <remoteAntProperty name="name" value="@{name}" />
        <remoteAntProperty name="isspecial" value="@{isspecial}" />
      </invokeRemoteAnt>
    </sequential>
  </macrodef>

  <target name="_wp_5_1:revokePageAccessControl" >
    <wp_5_1.local:revokePageAccessControl wpshome="${wpshome}" wpsconnectionport="${wpsconnectionport}" wpadmin="${wpadmin}" wpadminpassword="${wpadminpassword}" pagename="${pagename}" actionset="${actionset}" name="${name}" isspecial="${isspecial}" >
    </wp_5_1.local:revokePageAccessControl>
  </target>

  <!-- ===================================================================== -->
  <!-- Artifacts for remote invocation of revokePortletAccessControl -->
  <!-- ===================================================================== -->
  <macrodef name="revokePortletAccessControl" uri="wp_5_1" description="Remove principal from portlet permission list for specific actionset." >
    <attribute name="wpshome" description="Root directory of the WebSphere Portal Server install." />
    <attribute name="wpsconnectionport" default="8882" description="Portal's SOAP connection port." />
    <attribute name="wpadmin" description="Userid for the Portal admin user." />
    <attribute name="wpadminpassword" description="Password for Portal admin user." />
    <attribute name="portletname" description="Unique portlet name, as registered in Portal.  White space is handled automatically." />
    <attribute name="actionset" description="Portal actionset upon which to act (User, PrivilegedUser, Editor, Manager, Delegator, SecurityAdmin, Admin).  Supports space-delimited list." />
    <attribute name="name" description="Principal's fully-qualified distinguished name (e.g. cn=user1,o=default organization).  White space is handled automatically." />
    <attribute name="isspecial" default="false" description="Set to 'true' if name is a 'special principal':  'anonymous', 'authenticated', 'allgroups', or 'all'." />
    <attribute name="agent" description="ASC agent handle for remoting execution." />
    <sequential>
      <_asc_init agent="@{agent}" />

      <invokeRemoteAnt fileName="library/wp_5_1/wp_5_1.xml" target="_wp_5_1:revokePortletAccessControl" isPutFile="false" agent="@{agent}">
        <remoteAntProperty name="wpshome" value="@{wpshome}" />
        <remoteAntProperty name="wpsconnectionport" value="@{wpsconnectionport}" />
        <remoteAntProperty name="wpadmin" value="@{wpadmin}" />
        <remoteAntProperty name="wpadminpassword" value="@{wpadminpassword}" />
        <remoteAntProperty name="portletname" value="@{portletname}" />
        <remoteAntProperty name="actionset" value="@{actionset}" />
        <remoteAntProperty name="name" value="@{name}" />
        <remoteAntProperty name="isspecial" value="@{isspecial}" />
      </invokeRemoteAnt>
    </sequential>
  </macrodef>

  <target name="_wp_5_1:revokePortletAccessControl" >
    <wp_5_1.local:revokePortletAccessControl wpshome="${wpshome}" wpsconnectionport="${wpsconnectionport}" wpadmin="${wpadmin}" wpadminpassword="${wpadminpassword}" portletname="${portletname}" actionset="${actionset}" name="${name}" isspecial="${isspecial}" >
    </wp_5_1.local:revokePortletAccessControl>
  </target>

  <!-- ===================================================================== -->
  <!-- Artifacts for remote invocation of runWpsConfig -->
  <!-- ===================================================================== -->
  <macrodef name="runWpsConfig" uri="wp_5_1" description="Run WebSphere Portal Server's wpsconfig command." >
    <attribute name="wpshome" description="the root directory of the WebSphere Portal Server install" />
    <attribute name="agent" description="ASC agent handle for remoting execution." />
    <element name="args" optional="true" implicit="true" description="Nested arg elements for wpsconfig" />
    <sequential>
      <_asc_init agent="@{agent}" />

      <invokeRemoteAnt fileName="library/wp_5_1/wp_5_1.xml" target="_wp_5_1:runWpsConfig" isPutFile="false" agent="@{agent}">
        <remoteAntProperty name="wpshome" value="@{wpshome}" />
        <remoteAntElement name="args" implicit="true">
          <args />
        </remoteAntElement>
      </invokeRemoteAnt>
    </sequential>
  </macrodef>

  <target name="_wp_5_1:runWpsConfig" >
    <wp_5_1.local:runWpsConfig wpshome="${wpshome}" >
      &elements;
    </wp_5_1.local:runWpsConfig>
  </target>

  <!-- ===================================================================== -->
  <!-- Artifacts for remote invocation of runWpscript -->
  <!-- ===================================================================== -->
  <macrodef name="runWpscript" uri="wp_5_1" description="Run WebSphere Portal Server's scripting interface." >
    <attribute name="wpshome" description="Root directory of the WebSphere Portal Server install." />
    <attribute name="wpsconnectionport" default="8882" description="Portal's SOAP connection port." />
    <attribute name="wpadmin" description="Userid for the Portal admin user." />
    <attribute name="wpadminpassword" description="Password for Portal admin user." />
    <attribute name="jaclfile" description="the filename of the script to execute" />
    <attribute name="dir" default="." description="Directory in which to execute wpscript. Defaults to the current directory." />
    <attribute name="agent" description="ASC agent handle for remoting execution." />
    <element name="args" optional="true" implicit="true" description="Nested arg elements for the JACL script." />
    <sequential>
      <_asc_init agent="@{agent}" />

      <invokeRemoteAnt fileName="library/wp_5_1/wp_5_1.xml" target="_wp_5_1:runWpscript" isPutFile="false" agent="@{agent}">
        <remoteAntProperty name="wpshome" value="@{wpshome}" />
        <remoteAntProperty name="wpsconnectionport" value="@{wpsconnectionport}" />
        <remoteAntProperty name="wpadmin" value="@{wpadmin}" />
        <remoteAntProperty name="wpadminpassword" value="@{wpadminpassword}" />
        <remoteAntProperty name="jaclfile" value="@{jaclfile}" />
        <remoteAntProperty name="dir" value="@{dir}" />
        <remoteAntElement name="args" implicit="true">
          <args />
        </remoteAntElement>
      </invokeRemoteAnt>
    </sequential>
  </macrodef>

  <target name="_wp_5_1:runWpscript" >
    <wp_5_1.local:runWpscript wpshome="${wpshome}" wpsconnectionport="${wpsconnectionport}" wpadmin="${wpadmin}" wpadminpassword="${wpadminpassword}" jaclfile="${jaclfile}" dir="${dir}" >
      &elements;
    </wp_5_1.local:runWpscript>
  </target>

  <!-- ===================================================================== -->
  <!-- Artifacts for remote invocation of runXmlAccess -->
  <!-- ===================================================================== -->
  <macrodef name="runXmlAccess" uri="wp_5_1" description="Run WebSphere Portal Server's XML configuration interface." >
    <attribute name="wpshome" description="the root directory of the WebSphere Portal Server install" />
    <attribute name="xmlfile" description="the name of a file containing the XML request that should be processed" />
    <attribute name="wpsadminpassword" description="password for the WebSphere Portal Server administrative user" />
    <attribute name="wpsconfigurl" description="the URL to access the Portal configuration servlet" />
    <attribute name="agent" description="ASC agent handle for remoting execution." />
    <sequential>
      <_asc_init agent="@{agent}" />

      <invokeRemoteAnt fileName="library/wp_5_1/wp_5_1.xml" target="_wp_5_1:runXmlAccess" isPutFile="false" agent="@{agent}">
        <remoteAntProperty name="wpshome" value="@{wpshome}" />
        <remoteAntProperty name="xmlfile" value="@{xmlfile}" />
        <remoteAntProperty name="wpsadminpassword" value="@{wpsadminpassword}" />
        <remoteAntProperty name="wpsconfigurl" value="@{wpsconfigurl}" />
      </invokeRemoteAnt>
    </sequential>
  </macrodef>

  <target name="_wp_5_1:runXmlAccess" >
    <wp_5_1.local:runXmlAccess wpshome="${wpshome}" xmlfile="${xmlfile}" wpsadminpassword="${wpsadminpassword}" wpsconfigurl="${wpsconfigurl}" >
    </wp_5_1.local:runXmlAccess>
  </target>

  <!-- ===================================================================== -->
  <!-- Artifacts for remote invocation of securePortalLDAP -->
  <!-- ===================================================================== -->
  <macrodef name="securePortalLDAP" uri="wp_5_1" >
    <attribute name="wpshome" />
    <attribute name="wasuserid" default="wpsbind" />
    <attribute name="waspassword" />
    <attribute name="ldapsuffix" />
    <attribute name="wpshostname" />
    <attribute name="wpsadminid" default="wpsadmin" />
    <attribute name="wpsadminpassword" />
    <attribute name="wpsadmingroupid" default="wpsadmins" />
    <attribute name="ldaphostname" />
    <attribute name="ldapadminuid" default="cn=root" />
    <attribute name="ldapadminpassword" />
    <attribute name="ldapbindid" default="wpsbind" />
    <attribute name="ldapbindpassword" />
    <attribute name="ltpapassword" />
    <attribute name="ssodomainname" />
    <attribute name="agent" description="ASC agent handle for remoting execution." />
    <sequential>
      <_asc_init agent="@{agent}" />

      <invokeRemoteAnt fileName="library/wp_5_1/wp_5_1.xml" target="_wp_5_1:securePortalLDAP" isPutFile="false" agent="@{agent}">
        <remoteAntProperty name="wpshome" value="@{wpshome}" />
        <remoteAntProperty name="wasuserid" value="@{wasuserid}" />
        <remoteAntProperty name="waspassword" value="@{waspassword}" />
        <remoteAntProperty name="ldapsuffix" value="@{ldapsuffix}" />
        <remoteAntProperty name="wpshostname" value="@{wpshostname}" />
        <remoteAntProperty name="wpsadminid" value="@{wpsadminid}" />
        <remoteAntProperty name="wpsadminpassword" value="@{wpsadminpassword}" />
        <remoteAntProperty name="wpsadmingroupid" value="@{wpsadmingroupid}" />
        <remoteAntProperty name="ldaphostname" value="@{ldaphostname}" />
        <remoteAntProperty name="ldapadminuid" value="@{ldapadminuid}" />
        <remoteAntProperty name="ldapadminpassword" value="@{ldapadminpassword}" />
        <remoteAntProperty name="ldapbindid" value="@{ldapbindid}" />
        <remoteAntProperty name="ldapbindpassword" value="@{ldapbindpassword}" />
        <remoteAntProperty name="ltpapassword" value="@{ltpapassword}" />
        <remoteAntProperty name="ssodomainname" value="@{ssodomainname}" />
      </invokeRemoteAnt>
    </sequential>
  </macrodef>

  <target name="_wp_5_1:securePortalLDAP" >
    <wp_5_1.local:securePortalLDAP wpshome="${wpshome}" wasuserid="${wasuserid}" waspassword="${waspassword}" ldapsuffix="${ldapsuffix}" wpshostname="${wpshostname}" wpsadminid="${wpsadminid}" wpsadminpassword="${wpsadminpassword}" wpsadmingroupid="${wpsadmingroupid}" ldaphostname="${ldaphostname}" ldapadminuid="${ldapadminuid}" ldapadminpassword="${ldapadminpassword}" ldapbindid="${ldapbindid}" ldapbindpassword="${ldapbindpassword}" ltpapassword="${ltpapassword}" ssodomainname="${ssodomainname}" >
    </wp_5_1.local:securePortalLDAP>
  </target>

  <!-- ===================================================================== -->
  <!-- Artifacts for remote invocation of setPageTheme -->
  <!-- ===================================================================== -->
  <macrodef name="setPageTheme" uri="wp_5_1" description="Set/unset theme for a Portal page." >
    <attribute name="wpshome" description="Root directory of the WebSphere Portal Server install." />
    <attribute name="wpsconnectionport" default="8882" description="Portal's SOAP connection port." />
    <attribute name="wpadmin" description="Userid for the Portal admin user." />
    <attribute name="wpadminpassword" description="Password for Portal admin user." />
    <attribute name="pagename" description="Unique page name.  Must exist." />
    <attribute name="themename" default="" description="Theme name.  If blank, then unsets the page's theme, which means the page will inherit its parent's theme." />
    <attribute name="agent" description="ASC agent handle for remoting execution." />
    <sequential>
      <_asc_init agent="@{agent}" />

      <invokeRemoteAnt fileName="library/wp_5_1/wp_5_1.xml" target="_wp_5_1:setPageTheme" isPutFile="false" agent="@{agent}">
        <remoteAntProperty name="wpshome" value="@{wpshome}" />
        <remoteAntProperty name="wpsconnectionport" value="@{wpsconnectionport}" />
        <remoteAntProperty name="wpadmin" value="@{wpadmin}" />
        <remoteAntProperty name="wpadminpassword" value="@{wpadminpassword}" />
        <remoteAntProperty name="pagename" value="@{pagename}" />
        <remoteAntProperty name="themename" value="@{themename}" />
      </invokeRemoteAnt>
    </sequential>
  </macrodef>

  <target name="_wp_5_1:setPageTheme" >
    <wp_5_1.local:setPageTheme wpshome="${wpshome}" wpsconnectionport="${wpsconnectionport}" wpadmin="${wpadmin}" wpadminpassword="${wpadminpassword}" pagename="${pagename}" themename="${themename}" >
    </wp_5_1.local:setPageTheme>
  </target>

  <!-- ===================================================================== -->
  <!-- Artifacts for remote invocation of transferToLocalDB2 -->
  <!-- ===================================================================== -->
  <macrodef name="transferToLocalDB2" uri="wp_5_1" description="Move Portal database to a local DB2 database." >
    <attribute name="wpshome" description="Root directory of the WebSphere Portal Server install" />
    <attribute name="dblibrary" description="path to db2java.zip" />
    <attribute name="dbuser" description="an administrative user in the DB2 database" />
    <attribute name="dbpassword" description="the password for the dbUser user" />
    <attribute name="jmsuser" description="User id for the JMS service that the Workflow Engine will use to communicate with the DB2 Content Manager Runtime Edition." />
    <attribute name="jmspassword" description="Password for the jmsUser user." />
    <attribute name="agent" description="ASC agent handle for remoting execution." />
    <sequential>
      <_asc_init agent="@{agent}" />

      <invokeRemoteAnt fileName="library/wp_5_1/wp_5_1.xml" target="_wp_5_1:transferToLocalDB2" isPutFile="false" agent="@{agent}">
        <remoteAntProperty name="wpshome" value="@{wpshome}" />
        <remoteAntProperty name="dblibrary" value="@{dblibrary}" />
        <remoteAntProperty name="dbuser" value="@{dbuser}" />
        <remoteAntProperty name="dbpassword" value="@{dbpassword}" />
        <remoteAntProperty name="jmsuser" value="@{jmsuser}" />
        <remoteAntProperty name="jmspassword" value="@{jmspassword}" />
      </invokeRemoteAnt>
    </sequential>
  </macrodef>

  <target name="_wp_5_1:transferToLocalDB2" >
    <wp_5_1.local:transferToLocalDB2 wpshome="${wpshome}" dblibrary="${dblibrary}" dbuser="${dbuser}" dbpassword="${dbpassword}" jmsuser="${jmsuser}" jmspassword="${jmspassword}" >
    </wp_5_1.local:transferToLocalDB2>
  </target>

  <!-- ===================================================================== -->
  <!-- Artifacts for remote invocation of unblockPagePermissionInheritance -->
  <!-- ===================================================================== -->
  <macrodef name="unblockPagePermissionInheritance" uri="wp_5_1" description="Enable a page to inherit permissions from its parent under the specified actionset." >
    <attribute name="wpshome" description="Root directory of the WebSphere Portal Server install." />
    <attribute name="wpsconnectionport" default="8882" description="Portal's SOAP connection port." />
    <attribute name="wpadmin" description="Userid for the Portal admin user." />
    <attribute name="wpadminpassword" description="Password for Portal admin user." />
    <attribute name="pagename" description="Unique page name, as registered in Portal.  White space is handled automatically." />
    <attribute name="actionset" description="Portal actionset upon which to act (User, PrivilegedUser, Editor, Manager, Delegator, SecurityAdmin, Admin).  Supports space-delimited list." />
    <attribute name="agent" description="ASC agent handle for remoting execution." />
    <sequential>
      <_asc_init agent="@{agent}" />

      <invokeRemoteAnt fileName="library/wp_5_1/wp_5_1.xml" target="_wp_5_1:unblockPagePermissionInheritance" isPutFile="false" agent="@{agent}">
        <remoteAntProperty name="wpshome" value="@{wpshome}" />
        <remoteAntProperty name="wpsconnectionport" value="@{wpsconnectionport}" />
        <remoteAntProperty name="wpadmin" value="@{wpadmin}" />
        <remoteAntProperty name="wpadminpassword" value="@{wpadminpassword}" />
        <remoteAntProperty name="pagename" value="@{pagename}" />
        <remoteAntProperty name="actionset" value="@{actionset}" />
      </invokeRemoteAnt>
    </sequential>
  </macrodef>

  <target name="_wp_5_1:unblockPagePermissionInheritance" >
    <wp_5_1.local:unblockPagePermissionInheritance wpshome="${wpshome}" wpsconnectionport="${wpsconnectionport}" wpadmin="${wpadmin}" wpadminpassword="${wpadminpassword}" pagename="${pagename}" actionset="${actionset}" >
    </wp_5_1.local:unblockPagePermissionInheritance>
  </target>

  <!-- ===================================================================== -->
  <!-- Artifacts for remote invocation of unblockPagePermissionPropagation -->
  <!-- ===================================================================== -->
  <macrodef name="unblockPagePermissionPropagation" uri="wp_5_1" description="Enable a page to inherit permissions from its contained elements under the specified actionset." >
    <attribute name="wpshome" description="Root directory of the WebSphere Portal Server install." />
    <attribute name="wpsconnectionport" default="8882" description="Portal's SOAP connection port." />
    <attribute name="wpadmin" description="Userid for the Portal admin user." />
    <attribute name="wpadminpassword" description="Password for Portal admin user." />
    <attribute name="pagename" description="Unique page name, as registered in Portal.  White space is handled automatically." />
    <attribute name="actionset" description="Portal actionset upon which to act (User, PrivilegedUser, Editor, Manager, Delegator, SecurityAdmin, Admin).  Supports space-delimited list." />
    <attribute name="agent" description="ASC agent handle for remoting execution." />
    <sequential>
      <_asc_init agent="@{agent}" />

      <invokeRemoteAnt fileName="library/wp_5_1/wp_5_1.xml" target="_wp_5_1:unblockPagePermissionPropagation" isPutFile="false" agent="@{agent}">
        <remoteAntProperty name="wpshome" value="@{wpshome}" />
        <remoteAntProperty name="wpsconnectionport" value="@{wpsconnectionport}" />
        <remoteAntProperty name="wpadmin" value="@{wpadmin}" />
        <remoteAntProperty name="wpadminpassword" value="@{wpadminpassword}" />
        <remoteAntProperty name="pagename" value="@{pagename}" />
        <remoteAntProperty name="actionset" value="@{actionset}" />
      </invokeRemoteAnt>
    </sequential>
  </macrodef>

  <target name="_wp_5_1:unblockPagePermissionPropagation" >
    <wp_5_1.local:unblockPagePermissionPropagation wpshome="${wpshome}" wpsconnectionport="${wpsconnectionport}" wpadmin="${wpadmin}" wpadminpassword="${wpadminpassword}" pagename="${pagename}" actionset="${actionset}" >
    </wp_5_1.local:unblockPagePermissionPropagation>
  </target>

  <!-- ===================================================================== -->
  <!-- Artifacts for remote invocation of unblockPortletPermissionInheritance -->
  <!-- ===================================================================== -->
  <macrodef name="unblockPortletPermissionInheritance" uri="wp_5_1" description="Enable a portlet to inherit permissions from its parent under the specified actionset." >
    <attribute name="wpshome" description="Root directory of the WebSphere Portal Server install." />
    <attribute name="wpsconnectionport" default="8882" description="Portal's SOAP connection port." />
    <attribute name="wpadmin" description="Userid for the Portal admin user." />
    <attribute name="wpadminpassword" description="Password for Portal admin user." />
    <attribute name="portletname" description="Unique portlet name, as registered in Portal.  White space is handled automatically." />
    <attribute name="actionset" description="Portal actionset upon which to act (User, PrivilegedUser, Editor, Manager, Delegator, SecurityAdmin, Admin).  Supports space-delimited list." />
    <attribute name="agent" description="ASC agent handle for remoting execution." />
    <sequential>
      <_asc_init agent="@{agent}" />

      <invokeRemoteAnt fileName="library/wp_5_1/wp_5_1.xml" target="_wp_5_1:unblockPortletPermissionInheritance" isPutFile="false" agent="@{agent}">
        <remoteAntProperty name="wpshome" value="@{wpshome}" />
        <remoteAntProperty name="wpsconnectionport" value="@{wpsconnectionport}" />
        <remoteAntProperty name="wpadmin" value="@{wpadmin}" />
        <remoteAntProperty name="wpadminpassword" value="@{wpadminpassword}" />
        <remoteAntProperty name="portletname" value="@{portletname}" />
        <remoteAntProperty name="actionset" value="@{actionset}" />
      </invokeRemoteAnt>
    </sequential>
  </macrodef>

  <target name="_wp_5_1:unblockPortletPermissionInheritance" >
    <wp_5_1.local:unblockPortletPermissionInheritance wpshome="${wpshome}" wpsconnectionport="${wpsconnectionport}" wpadmin="${wpadmin}" wpadminpassword="${wpadminpassword}" portletname="${portletname}" actionset="${actionset}" >
    </wp_5_1.local:unblockPortletPermissionInheritance>
  </target>

  <!-- ===================================================================== -->
  <!-- Artifacts for remote invocation of unblockPortletPermissionPropagation -->
  <!-- ===================================================================== -->
  <macrodef name="unblockPortletPermissionPropagation" uri="wp_5_1" description="Enable a portlet to inherit permissions from its contained elements under the specified actionset." >
    <attribute name="wpshome" description="Root directory of the WebSphere Portal Server install." />
    <attribute name="wpsconnectionport" default="8882" description="Portal's SOAP connection port." />
    <attribute name="wpadmin" description="Userid for the Portal admin user." />
    <attribute name="wpadminpassword" description="Password for Portal admin user." />
    <attribute name="portletname" description="Unique portlet name, as registered in Portal.  White space is handled automatically." />
    <attribute name="actionset" description="Portal actionset upon which to act (User, PrivilegedUser, Editor, Manager, Delegator, SecurityAdmin, Admin).  Supports space-delimited list." />
    <attribute name="agent" description="ASC agent handle for remoting execution." />
    <sequential>
      <_asc_init agent="@{agent}" />

      <invokeRemoteAnt fileName="library/wp_5_1/wp_5_1.xml" target="_wp_5_1:unblockPortletPermissionPropagation" isPutFile="false" agent="@{agent}">
        <remoteAntProperty name="wpshome" value="@{wpshome}" />
        <remoteAntProperty name="wpsconnectionport" value="@{wpsconnectionport}" />
        <remoteAntProperty name="wpadmin" value="@{wpadmin}" />
        <remoteAntProperty name="wpadminpassword" value="@{wpadminpassword}" />
        <remoteAntProperty name="portletname" value="@{portletname}" />
        <remoteAntProperty name="actionset" value="@{actionset}" />
      </invokeRemoteAnt>
    </sequential>
  </macrodef>

  <target name="_wp_5_1:unblockPortletPermissionPropagation" >
    <wp_5_1.local:unblockPortletPermissionPropagation wpshome="${wpshome}" wpsconnectionport="${wpsconnectionport}" wpadmin="${wpadmin}" wpadminpassword="${wpadminpassword}" portletname="${portletname}" actionset="${actionset}" >
    </wp_5_1.local:unblockPortletPermissionPropagation>
  </target>

  <!-- ===================================================================== -->
  <!-- Wrapped macro for consolidated access to wp_5_1.distributed.xml -->
  <!-- ===================================================================== -->
  <macrodef name="transferToRemoteDB2" uri="wp_5_1" description="Transfer Portal databases from Cloudscape to a remote DB2 Server.  Assumes DB2 Server and DB2 Connect are already installed.  This script creates the databases on the DB Server, configures DB2 Connect (catalog remote node and databases), then runs Portal's db transfer operations." >
    <attribute name="dbserver" description="Fully-qualified host name of the database server machine." />
    <attribute name="dbuser" description="DB userid on DB2 Server." />
    <attribute name="dbpassword" description="DB user password on DB2 Server." />
    <attribute name="db2agent" />
    <attribute name="wphome" description="Root directory of the WebSphere Portal Server install." />
    <attribute name="wpdbnodename" default="DB2" description="Local (client) alias for the remote node.  Default is DB2." />
    <attribute name="wpdblibrary" description="Path to db2java.zip on Portal Server.  Typically of form {SQLLIB}/java/db2java.zip.  MUST USE FORWARD SLASHES." />
    <attribute name="wpjmsuser" description="User id for the JMS service that the Workflow Engine will use to communicate with the DB2 Content Manager Runtime Edition." />
    <attribute name="wpjmspassword" description="Password for the jmsUser user." />
    <attribute name="wpagent" />
    <sequential>
      <antcall target="_wp_5_1:transferToRemoteDB2" >
        <param name="dbserver" value="@{dbserver}" />
        <param name="dbuser" value="@{dbuser}" />
        <param name="dbpassword" value="@{dbpassword}" />
        <param name="db2agent" value="@{db2agent}" />
        <param name="wphome" value="@{wphome}" />
        <param name="wpdbnodename" value="@{wpdbnodename}" />
        <param name="wpdblibrary" value="@{wpdblibrary}" />
        <param name="wpjmsuser" value="@{wpjmsuser}" />
        <param name="wpjmspassword" value="@{wpjmspassword}" />
        <param name="wpagent" value="@{wpagent}" />
      </antcall>
    </sequential>
  </macrodef>

  <target name="_wp_5_1:transferToRemoteDB2" >
    <wp_5_1.distributed:transferToRemoteDB2 dbserver="${dbserver}" dbuser="${dbuser}" dbpassword="${dbpassword}" db2agent="${db2agent}" wphome="${wphome}" wpdbnodename="${wpdbnodename}" wpdblibrary="${wpdblibrary}" wpjmsuser="${wpjmsuser}" wpjmspassword="${wpjmspassword}" wpagent="${wpagent}" />
  </target>

  <!-- ===================================================================== -->
  <!-- Verification target for syntax checking -->
  <!-- ===================================================================== -->
  <target name="_verify" >
    <wp_5_1:addUserGroupMember wpshome="test" groupname="test" userid="test" wpsadminpassword="test" wpsconfigurl="test" agent="test" />
    <wp_5_1:backupWpConfigFile wpshome="test" backupfilename="test" agent="test" />
    <wp_5_1:blockPagePermissionInheritance wpshome="test" wpsconnectionport="test" wpadmin="test" wpadminpassword="test" pagename="test" actionset="test" agent="test" />
    <wp_5_1:blockPagePermissionPropagation wpshome="test" wpsconnectionport="test" wpadmin="test" wpadminpassword="test" pagename="test" actionset="test" agent="test" />
    <wp_5_1:blockPortletPermissionInheritance wpshome="test" wpsconnectionport="test" wpadmin="test" wpadminpassword="test" portletname="test" actionset="test" agent="test" />
    <wp_5_1:blockPortletPermissionPropagation wpshome="test" wpsconnectionport="test" wpadmin="test" wpadminpassword="test" portletname="test" actionset="test" agent="test" />
    <wp_5_1:createPage wpshome="test" parentpagename="test" uniquepagename="test" pagetitle="test" portletlayout="test" wpsadminpassword="test" wpsconfigurl="test" agent="test" />
    <wp_5_1:createUser wpshome="test" userid="test" firstname="test" lastname="test" password="test" description="test" language="test" wpsadminpassword="test" wpsconfigurl="test" agent="test" />
    <wp_5_1:createUserGroup wpshome="test" groupname="test" description="test" wpsadminpassword="test" wpsconfigurl="test" agent="test" />
    <wp_5_1:deployTheme wpshome="test" skinrefid="test" skinname="test" skinroot="test" skintitle="test" skindescription="test" themename="test" themeroot="test" themetitle="test" isdefault="test" wpsadminpassword="test" wpsconfigurl="test" agent="test" />
    <wp_5_1:enableSecurityLDAP wpshome="test" wasuserid="test" waspassword="test" ldapsuffix="test" wpshostname="test" wpsadminid="test" wpsadminpassword="test" wpsadmingroupid="test" ldaphostname="test" ldapadminuid="test" ldapadminpassword="test" ldapbindid="test" ldapbindpassword="test" ltpapassword="test" ssodomainname="test" agent="test" />
    <wp_5_1:grantLabelAccessControl wpshome="test" wpsconnectionport="test" wpadmin="test" wpadminpassword="test" labelname="test" actionset="test" name="test" isspecial="test" agent="test" />
    <wp_5_1:grantPageAccessControl wpshome="test" wpsconnectionport="test" wpadmin="test" wpadminpassword="test" pagename="test" actionset="test" name="test" isspecial="test" agent="test" />
    <wp_5_1:grantPortletAccessControl wpshome="test" wpsconnectionport="test" wpadmin="test" wpadminpassword="test" portletname="test" actionset="test" name="test" isspecial="test" agent="test" />
    <wp_5_1:installPortlet wpshome="test" warfile="test" wpsadminpassword="test" wpsconfigurl="test" agent="test" />
    <wp_5_1:install_5_1 washome="test" wphome="test" nodename="test" hostname="test" wpadmin="test" wpadminpassword="test" installerdir="test" agent="test" />
    <wp_5_1:revokeLabelAccessControl wpshome="test" wpsconnectionport="test" wpadmin="test" wpadminpassword="test" labelname="test" actionset="test" name="test" isspecial="test" agent="test" />
    <wp_5_1:revokePageAccessControl wpshome="test" wpsconnectionport="test" wpadmin="test" wpadminpassword="test" pagename="test" actionset="test" name="test" isspecial="test" agent="test" />
    <wp_5_1:revokePortletAccessControl wpshome="test" wpsconnectionport="test" wpadmin="test" wpadminpassword="test" portletname="test" actionset="test" name="test" isspecial="test" agent="test" />
    <wp_5_1:runWpsConfig wpshome="test" agent="test" />
    <wp_5_1:runWpscript wpshome="test" wpsconnectionport="test" wpadmin="test" wpadminpassword="test" jaclfile="test" dir="test" agent="test" />
    <wp_5_1:runXmlAccess wpshome="test" xmlfile="test" wpsadminpassword="test" wpsconfigurl="test" agent="test" />
    <wp_5_1:securePortalLDAP wpshome="test" wasuserid="test" waspassword="test" ldapsuffix="test" wpshostname="test" wpsadminid="test" wpsadminpassword="test" wpsadmingroupid="test" ldaphostname="test" ldapadminuid="test" ldapadminpassword="test" ldapbindid="test" ldapbindpassword="test" ltpapassword="test" ssodomainname="test" agent="test" />
    <wp_5_1:setPageTheme wpshome="test" wpsconnectionport="test" wpadmin="test" wpadminpassword="test" pagename="test" themename="test" agent="test" />
    <wp_5_1:transferToLocalDB2 wpshome="test" dblibrary="test" dbuser="test" dbpassword="test" jmsuser="test" jmspassword="test" agent="test" />
    <wp_5_1:unblockPagePermissionInheritance wpshome="test" wpsconnectionport="test" wpadmin="test" wpadminpassword="test" pagename="test" actionset="test" agent="test" />
    <wp_5_1:unblockPagePermissionPropagation wpshome="test" wpsconnectionport="test" wpadmin="test" wpadminpassword="test" pagename="test" actionset="test" agent="test" />
    <wp_5_1:unblockPortletPermissionInheritance wpshome="test" wpsconnectionport="test" wpadmin="test" wpadminpassword="test" portletname="test" actionset="test" agent="test" />
    <wp_5_1:unblockPortletPermissionPropagation wpshome="test" wpsconnectionport="test" wpadmin="test" wpadminpassword="test" portletname="test" actionset="test" agent="test" />
    <wp_5_1:transferToRemoteDB2 dbserver="test" dbuser="test" dbpassword="test" db2agent="test" wphome="test" wpdbnodename="test" wpdblibrary="test" wpjmsuser="test" wpjmspassword="test" wpagent="test" />
  </target>
</project>
