<?xml version="1.0"?>

<!DOCTYPE project [
    <!ENTITY elements SYSTEM "elements.xml">
]>

<!-- Generated from db2.local.xml. -->

<project name="db2" xmlns:db2="db2" xmlns:db2.local="db2.local">
  <import file="../asc/asc.xml" />
  <import file="db2.local.xml" />
  <description>This library contain platform-specific implementations of some macros
	(currently for Windows and Linux); library/db2/db2.local.xml must be modified to
	add support for more platforms.</description>

  <!-- ===================================================================== -->
  <!-- Artifacts for remote invocation of catalogRemoteDb -->
  <!-- ===================================================================== -->
  <macrodef name="catalogRemoteDb" uri="db2" description="Catalog a remote DB2 database." >
    <attribute name="dbname" description="the name of the database to catalog" />
    <attribute name="nodename" description="the name of the node where the database resides" />
    <attribute name="runasuser" default="" description="the user to run the command to catalog the database (used only on Linux)" />
    <attribute name="agent" description="ASC agent handle for remoting execution." />
    <sequential>
      <_asc_init agent="@{agent}" />

      <invokeRemoteAnt fileName="library/db2/db2.xml" target="_db2:catalogRemoteDb" isPutFile="false" agent="@{agent}">
        <remoteAntProperty name="dbname" value="@{dbname}" />
        <remoteAntProperty name="nodename" value="@{nodename}" />
        <remoteAntProperty name="runasuser" value="@{runasuser}" />
      </invokeRemoteAnt>
    </sequential>
  </macrodef>

  <target name="_db2:catalogRemoteDb" >
    <db2.local:catalogRemoteDb dbname="${dbname}" nodename="${nodename}" runasuser="${runasuser}" >
    </db2.local:catalogRemoteDb>
  </target>

  <!-- ===================================================================== -->
  <!-- Artifacts for remote invocation of catalogRemoteNode -->
  <!-- ===================================================================== -->
  <macrodef name="catalogRemoteNode" uri="db2" description="Catalog a remote DB2 node." >
    <attribute name="runasuser" default="" description="the user to run the command to catalog the remote node (used only on Linux)" />
    <attribute name="nodename" description="Local alias for the remote node." />
    <attribute name="connectionserviceport" description="Name of the DB2 connection service port, as specified in /etc/services." />
    <attribute name="db2serverhostname" description="Fully-qualified hostname of the remote database server." />
    <attribute name="agent" description="ASC agent handle for remoting execution." />
    <sequential>
      <_asc_init agent="@{agent}" />

      <invokeRemoteAnt fileName="library/db2/db2.xml" target="_db2:catalogRemoteNode" isPutFile="false" agent="@{agent}">
        <remoteAntProperty name="runasuser" value="@{runasuser}" />
        <remoteAntProperty name="nodename" value="@{nodename}" />
        <remoteAntProperty name="connectionserviceport" value="@{connectionserviceport}" />
        <remoteAntProperty name="db2serverhostname" value="@{db2serverhostname}" />
      </invokeRemoteAnt>
    </sequential>
  </macrodef>

  <target name="_db2:catalogRemoteNode" >
    <db2.local:catalogRemoteNode runasuser="${runasuser}" nodename="${nodename}" connectionserviceport="${connectionserviceport}" db2serverhostname="${db2serverhostname}" >
    </db2.local:catalogRemoteNode>
  </target>

  <!-- ===================================================================== -->
  <!-- Artifacts for remote invocation of createDb -->
  <!-- ===================================================================== -->
  <macrodef name="createDb" uri="db2" description="Create a new DB2 database." >
    <attribute name="runasuser" description="the user to run the command to create the new database (used only on Linux)" />
    <attribute name="dbname" description="the name of the new database" />
    <attribute name="agent" description="ASC agent handle for remoting execution." />
    <sequential>
      <_asc_init agent="@{agent}" />

      <invokeRemoteAnt fileName="library/db2/db2.xml" target="_db2:createDb" isPutFile="false" agent="@{agent}">
        <remoteAntProperty name="runasuser" value="@{runasuser}" />
        <remoteAntProperty name="dbname" value="@{dbname}" />
      </invokeRemoteAnt>
    </sequential>
  </macrodef>

  <target name="_db2:createDb" >
    <db2.local:createDb runasuser="${runasuser}" dbname="${dbname}" >
    </db2.local:createDb>
  </target>

  <!-- ===================================================================== -->
  <!-- Artifacts for remote invocation of executeDdl -->
  <!-- ===================================================================== -->
  <macrodef name="executeDdl" uri="db2" description="Execute a data definition language file." >
    <attribute name="runasuser" default="" description="User to run the command to execute the DDL file (used only on Linux)." />
    <attribute name="user" default="" description="User to connect to DB2.  Defaults to none." />
    <attribute name="password" default="" description="Password for the user.  Defaults to none." />
    <attribute name="dbname" default="" description="Name of the database to execute the DDL against, if any.  Use empty string for instance operations.  Defaults to empty string." />
    <attribute name="ddlfilename" description="Name of the DDL file." />
    <attribute name="dir" default="." description="Directory within which to execute the DDL file.  Defaults to the current directory." />
    <attribute name="agent" description="ASC agent handle for remoting execution." />
    <sequential>
      <_asc_init agent="@{agent}" />

      <invokeRemoteAnt fileName="library/db2/db2.xml" target="_db2:executeDdl" isPutFile="false" agent="@{agent}">
        <remoteAntProperty name="runasuser" value="@{runasuser}" />
        <remoteAntProperty name="user" value="@{user}" />
        <remoteAntProperty name="password" value="@{password}" />
        <remoteAntProperty name="dbname" value="@{dbname}" />
        <remoteAntProperty name="ddlfilename" value="@{ddlfilename}" />
        <remoteAntProperty name="dir" value="@{dir}" />
      </invokeRemoteAnt>
    </sequential>
  </macrodef>

  <target name="_db2:executeDdl" >
    <db2.local:executeDdl runasuser="${runasuser}" user="${user}" password="${password}" dbname="${dbname}" ddlfilename="${ddlfilename}" dir="${dir}" >
    </db2.local:executeDdl>
  </target>

  <!-- ===================================================================== -->
  <!-- Artifacts for remote invocation of install_8_1 -->
  <!-- ===================================================================== -->
  <macrodef name="install_8_1" uri="db2" >
    <attribute name="dasuserid" />
    <attribute name="daspassword" />
    <attribute name="inst1userid" />
    <attribute name="inst1password" />
    <attribute name="inst1fenceduserid" />
    <attribute name="inst1fencedpassword" />
    <attribute name="installerdir" />
    <attribute name="db2home" />
    <attribute name="agent" description="ASC agent handle for remoting execution." />
    <sequential>
      <_asc_init agent="@{agent}" />

      <invokeRemoteAnt fileName="library/db2/db2.xml" target="_db2:install_8_1" isPutFile="false" agent="@{agent}">
        <remoteAntProperty name="dasuserid" value="@{dasuserid}" />
        <remoteAntProperty name="daspassword" value="@{daspassword}" />
        <remoteAntProperty name="inst1userid" value="@{inst1userid}" />
        <remoteAntProperty name="inst1password" value="@{inst1password}" />
        <remoteAntProperty name="inst1fenceduserid" value="@{inst1fenceduserid}" />
        <remoteAntProperty name="inst1fencedpassword" value="@{inst1fencedpassword}" />
        <remoteAntProperty name="installerdir" value="@{installerdir}" />
        <remoteAntProperty name="db2home" value="@{db2home}" />
      </invokeRemoteAnt>
    </sequential>
  </macrodef>

  <target name="_db2:install_8_1" >
    <db2.local:install_8_1 dasuserid="${dasuserid}" daspassword="${daspassword}" inst1userid="${inst1userid}" inst1password="${inst1password}" inst1fenceduserid="${inst1fenceduserid}" inst1fencedpassword="${inst1fencedpassword}" installerdir="${installerdir}" db2home="${db2home}" >
    </db2.local:install_8_1>
  </target>

  <!-- ===================================================================== -->
  <!-- Artifacts for remote invocation of install_ESE_8_1 -->
  <!-- ===================================================================== -->
  <macrodef name="install_ESE_8_1" uri="db2" description="Install DB2 ESE 8.1." >
    <attribute name="dasuserid" description="DB2 admin userid" />
    <attribute name="daspassword" description="DB2 admin password" />
    <attribute name="inst1userid" description="Userid for database instance owner" />
    <attribute name="inst1password" description="Password for database instance owner" />
    <attribute name="inst1fenceduserid" description="Userid for database instance fenced user" />
    <attribute name="inst1fencedpassword" description="Password for database instance fenced user" />
    <attribute name="installerdir" description="Directory containing the extracted install image (from C812BML.exe-Windows)." />
    <attribute name="db2home" description="Directory into which DB2 should be installed." />
    <attribute name="agent" description="ASC agent handle for remoting execution." />
    <sequential>
      <_asc_init agent="@{agent}" />

      <invokeRemoteAnt fileName="library/db2/db2.xml" target="_db2:install_ESE_8_1" isPutFile="false" agent="@{agent}">
        <remoteAntProperty name="dasuserid" value="@{dasuserid}" />
        <remoteAntProperty name="daspassword" value="@{daspassword}" />
        <remoteAntProperty name="inst1userid" value="@{inst1userid}" />
        <remoteAntProperty name="inst1password" value="@{inst1password}" />
        <remoteAntProperty name="inst1fenceduserid" value="@{inst1fenceduserid}" />
        <remoteAntProperty name="inst1fencedpassword" value="@{inst1fencedpassword}" />
        <remoteAntProperty name="installerdir" value="@{installerdir}" />
        <remoteAntProperty name="db2home" value="@{db2home}" />
      </invokeRemoteAnt>
    </sequential>
  </macrodef>

  <target name="_db2:install_ESE_8_1" >
    <db2.local:install_ESE_8_1 dasuserid="${dasuserid}" daspassword="${daspassword}" inst1userid="${inst1userid}" inst1password="${inst1password}" inst1fenceduserid="${inst1fenceduserid}" inst1fencedpassword="${inst1fencedpassword}" installerdir="${installerdir}" db2home="${db2home}" >
    </db2.local:install_ESE_8_1>
  </target>

  <!-- ===================================================================== -->
  <!-- Artifacts for remote invocation of install_ESE_8_1_FP11 -->
  <!-- ===================================================================== -->
  <macrodef name="install_ESE_8_1_FP11" uri="db2" description="Install FP11 for DB2 ESE 8.1." >
    <attribute name="installerdir" description="Directory containing the install image (FP6_WR21340_ESE.exe-Windows)." />
    <attribute name="dasuserid" description="DB2 admin userid.  Required to update users." />
    <attribute name="inst1userid" description="Userid for database instance owner.  Required to update users." />
    <attribute name="db2home" description="Directory into which DB2 was previously installed." />
    <attribute name="agent" description="ASC agent handle for remoting execution." />
    <sequential>
      <_asc_init agent="@{agent}" />

      <invokeRemoteAnt fileName="library/db2/db2.xml" target="_db2:install_ESE_8_1_FP11" isPutFile="false" agent="@{agent}">
        <remoteAntProperty name="installerdir" value="@{installerdir}" />
        <remoteAntProperty name="dasuserid" value="@{dasuserid}" />
        <remoteAntProperty name="inst1userid" value="@{inst1userid}" />
        <remoteAntProperty name="db2home" value="@{db2home}" />
      </invokeRemoteAnt>
    </sequential>
  </macrodef>

  <target name="_db2:install_ESE_8_1_FP11" >
    <db2.local:install_ESE_8_1_FP11 installerdir="${installerdir}" dasuserid="${dasuserid}" inst1userid="${inst1userid}" db2home="${db2home}" >
    </db2.local:install_ESE_8_1_FP11>
  </target>

  <!-- ===================================================================== -->
  <!-- Artifacts for remote invocation of runClp -->
  <!-- ===================================================================== -->
  <macrodef name="runClp" uri="db2" description="Run the DB2 Command Line Processor." >
    <attribute name="runasuser" default="" description="the user to run the command line processor (used only on Linux)" />
    <attribute name="user" default="" description="the user to connect to DB2.  Defaults to none." />
    <attribute name="password" default="" description="the password for the user. Defaults to none." />
    <attribute name="dbname" default="" description="the name of the database to run the cmd against" />
    <attribute name="cmd" description="the command to run through the CLP" />
    <attribute name="dir" default="." description="the directory to run the CLP in.  Defaults to the current directory." />
    <attribute name="agent" description="ASC agent handle for remoting execution." />
    <sequential>
      <_asc_init agent="@{agent}" />

      <invokeRemoteAnt fileName="library/db2/db2.xml" target="_db2:runClp" isPutFile="false" agent="@{agent}">
        <remoteAntProperty name="runasuser" value="@{runasuser}" />
        <remoteAntProperty name="user" value="@{user}" />
        <remoteAntProperty name="password" value="@{password}" />
        <remoteAntProperty name="dbname" value="@{dbname}" />
        <remoteAntProperty name="cmd" value="@{cmd}" />
        <remoteAntProperty name="dir" value="@{dir}" />
      </invokeRemoteAnt>
    </sequential>
  </macrodef>

  <target name="_db2:runClp" >
    <db2.local:runClp runasuser="${runasuser}" user="${user}" password="${password}" dbname="${dbname}" cmd="${cmd}" dir="${dir}" >
    </db2.local:runClp>
  </target>

  <!-- ===================================================================== -->
  <!-- Artifacts for remote invocation of start -->
  <!-- ===================================================================== -->
  <macrodef name="start" uri="db2" description="Start DB2." >
    <attribute name="runasuser" default="" description="the user to run the command to start DB2 (used only on Linux)" />
    <attribute name="agent" description="ASC agent handle for remoting execution." />
    <sequential>
      <_asc_init agent="@{agent}" />

      <invokeRemoteAnt fileName="library/db2/db2.xml" target="_db2:start" isPutFile="false" agent="@{agent}">
        <remoteAntProperty name="runasuser" value="@{runasuser}" />
      </invokeRemoteAnt>
    </sequential>
  </macrodef>

  <target name="_db2:start" >
    <db2.local:start runasuser="${runasuser}" >
    </db2.local:start>
  </target>

  <!-- ===================================================================== -->
  <!-- Artifacts for remote invocation of stop -->
  <!-- ===================================================================== -->
  <macrodef name="stop" uri="db2" description="Stop DB2." >
    <attribute name="runasuser" default="" description="the user to run the command to stop DB2 (used only on Linux)" />
    <attribute name="agent" description="ASC agent handle for remoting execution." />
    <sequential>
      <_asc_init agent="@{agent}" />

      <invokeRemoteAnt fileName="library/db2/db2.xml" target="_db2:stop" isPutFile="false" agent="@{agent}">
        <remoteAntProperty name="runasuser" value="@{runasuser}" />
      </invokeRemoteAnt>
    </sequential>
  </macrodef>

  <target name="_db2:stop" >
    <db2.local:stop runasuser="${runasuser}" >
    </db2.local:stop>
  </target>

  <!-- ===================================================================== -->
  <!-- Verification target for syntax checking -->
  <!-- ===================================================================== -->
  <target name="_verify" >
    <db2:catalogRemoteDb dbname="test" nodename="test" runasuser="test" agent="test" />
    <db2:catalogRemoteNode runasuser="test" nodename="test" connectionserviceport="test" db2serverhostname="test" agent="test" />
    <db2:createDb runasuser="test" dbname="test" agent="test" />
    <db2:executeDdl runasuser="test" user="test" password="test" dbname="test" ddlfilename="test" dir="test" agent="test" />
    <db2:install_8_1 dasuserid="test" daspassword="test" inst1userid="test" inst1password="test" inst1fenceduserid="test" inst1fencedpassword="test" installerdir="test" db2home="test" agent="test" />
    <db2:install_ESE_8_1 dasuserid="test" daspassword="test" inst1userid="test" inst1password="test" inst1fenceduserid="test" inst1fencedpassword="test" installerdir="test" db2home="test" agent="test" />
    <db2:install_ESE_8_1_FP11 installerdir="test" dasuserid="test" inst1userid="test" db2home="test" agent="test" />
    <db2:runClp runasuser="test" user="test" password="test" dbname="test" cmd="test" dir="test" agent="test" />
    <db2:start runasuser="test" agent="test" />
    <db2:stop runasuser="test" agent="test" />
  </target>
</project>
