<project name="db2.local" basedir="." xmlns:db2="db2.local" xmlns:os="os.local">
	<description>This library contain platform-specific implementations of some macros
	(currently for Windows and Linux); library/db2/db2.local.xml must be modified to
	add support for more platforms.</description>

	<import file="../asc/asc.xml" />
	<import file="../os/os.local.xml" />

	<!-- Relative file references must be relative to this buildfile;
		since this buildfile is typically imported by other buildfiles,
		a property that points to the directory containing this buildfile is created. -->
	<dirname file="${ant.file.db2.local}" property="db2.local.basedir" />


	<macrodef name="install_8_1" uri="db2.local">
		<attribute name="dasUserid" />
		<attribute name="dasPassword" />
		<attribute name="inst1Userid" />
		<attribute name="inst1Password" />
		<attribute name="inst1FencedUserid" />
		<attribute name="inst1FencedPassword" />
		<attribute name="installerDir" />
		<attribute name="db2Home" />
		<sequential>
			<if>
				<os name="Linux" />
				<then>
					<copy file="${db2.local.basedir}/files/linux/db2ese.rsp.template"
						tofile="${db2.local.basedir}/files/linux/db2ese.rsp" overwrite="true">
						<filterset>
							<filter token="DAS_USERID" value="@{dasUserid}" />
							<filter token="DAS_PASSWORD" value="@{dasPassword}" />
							<filter token="INST1_USERID" value="@{inst1Userid}" />
							<filter token="INST1_PASSWORD" value="@{inst1Password}" />
							<filter token="INST1_FENCED_USERID" value="@{inst1FencedUserid}" />
							<filter token="INST1_FENCED_PASSWORD" value="@{inst1FencedPassword}" />
							<filter token="LIC_AGREEMENT" value="ACCEPT" />
						</filterset>
					</copy>
					<os:runShellScript shellScript="${db2.local.basedir}/files/linux/installDB2">
						<arg value="${db2.local.basedir}/files/linux/db2ese.rsp" />
						<arg value="@{db2Home}" />
						<arg value="@{inst1Userid}" />
						<arg value="@{dasUserid}" />
						<arg value="@{installerDir}" />
					</os:runShellScript>
				</then>

				<elseif>
					<os family="windows" />
					<then>
						<pathconvert targetOS="windows" property="_db2Home">
							<path location="@{db2Home}" />
						</pathconvert>

						<pathconvert targetOS="windows" property="_installerDir">
							<path location="@{installerDir}" />
						</pathconvert>

						<copy file="${db2.local.basedir}/files/windows/db2ese.rsp.template"
							tofile="${db2.local.basedir}/files/windows/db2ese.rsp" overwrite="true">
							<filterset>
								<filter token="DAS_USERID" value="@{dasUserid}" />
								<filter token="DAS_PASSWORD" value="@{dasPassword}" />
								<filter token="INST1_USERID" value="@{inst1Userid}" />
								<filter token="INST1_PASSWORD" value="@{inst1Password}" />
								<filter token="INST1_FENCED_USERID" value="@{inst1FencedUserid}" />
								<filter token="INST1_FENCED_PASSWORD"
									value="@{inst1FencedPassword}" />
								<filter token="LIC_AGREEMENT" value="ACCEPT" />
								<filter token="DB2_HOME" value="${_db2Home}" />
							</filterset>
						</copy>

						<copy file="${db2.local.basedir}/files/windows/db2esefp.rsp.template"
							tofile="${db2.local.basedir}/files/windows/db2esefp.rsp" overwrite="true" />
						<os:runShellScript
							shellScript="${db2.local.basedir}/files/windows/installDB2.bat">
							<arg value="${db2.local.basedir}\files\windows\db2ese.rsp" />
							<arg value="${db2.local.basedir}\files\windows\db2esefp.rsp" />
							<arg value="${_installerDir}" />
							<arg value="${_db2Home}" />
						</os:runShellScript>

						<!--  Unset local variables. -->
						<unset name="_db2Home" />
						<unset name="_installerDir" />
					</then>
				</elseif>
				<else>
					<fail
						message="ASC macro db2.local:install_8_1 invoked on an unsupported platform (os.name=${os.name})." />
				</else>
			</if>
		</sequential>
	</macrodef>

	<macrodef name="install_ESE_8_1" uri="db2.local" description="Install DB2 ESE 8.1.">
		<attribute name="dasUserid" description="DB2 admin userid" />
		<attribute name="dasPassword" description="DB2 admin password" />
		<attribute name="inst1Userid" description="Userid for database instance owner" />
		<attribute name="inst1Password" description="Password for database instance owner" />
		<attribute name="inst1FencedUserid" description="Userid for database instance fenced user" />
		<attribute name="inst1FencedPassword"
			description="Password for database instance fenced user" />
		<attribute name="installerDir"
			description="Directory containing the extracted install image (from C812BML.exe-Windows)." />
		<attribute name="db2Home" description="Directory into which DB2 should be installed." />
		<sequential>
			<if>
				<os family="windows" />
				<then>
					<pathconvert targetOS="windows" property="_db2Home">
						<path location="@{db2Home}" />
					</pathconvert>

					<copy file="${db2.local.basedir}/files/windows/db2ese.rsp.template"
						tofile="${db2.local.basedir}/files/windows/db2ese.rsp" overwrite="true">
						<filterset>
							<filter token="DAS_USERID" value="@{dasUserid}" />
							<filter token="DAS_PASSWORD" value="@{dasPassword}" />
							<filter token="INST1_USERID" value="@{inst1Userid}" />
							<filter token="INST1_PASSWORD" value="@{inst1Password}" />
							<filter token="INST1_FENCED_USERID" value="@{inst1FencedUserid}" />
							<filter token="INST1_FENCED_PASSWORD" value="@{inst1FencedPassword}" />
							<filter token="LIC_AGREEMENT" value="ACCEPT" />
							<filter token="DB2_HOME" value="${_db2Home}" />
						</filterset>
					</copy>

					<os:runCmd cmd="setup.exe" dir="@{installerDir}">
						<arg value="/U" />
						<arg value="${db2.local.basedir}\files\windows\db2ese.rsp" />
					</os:runCmd>

					<!--  Unset local variables. -->
					<unset name="_db2Home" />
				</then>

				<elseif>
					<os name="Linux" />
					<then>
						<copy file="${db2.local.basedir}/files/linux/db2ese.rsp.template"
							tofile="${db2.local.basedir}/files/linux/db2ese.rsp" overwrite="true">
							<filterset>
								<filter token="DAS_USERID" value="@{dasUserid}" />
								<filter token="DAS_PASSWORD" value="@{dasPassword}" />
								<filter token="INST1_USERID" value="@{inst1Userid}" />
								<filter token="INST1_PASSWORD" value="@{inst1Password}" />
								<filter token="INST1_FENCED_USERID" value="@{inst1FencedUserid}" />
								<filter token="INST1_FENCED_PASSWORD"
									value="@{inst1FencedPassword}" />
								<filter token="LIC_AGREEMENT" value="ACCEPT" />
							</filterset>
						</copy>

						<os:runShellScript shellScript="./db2setup" unixSuffix=""
							dir="@{installerDir}">
							<arg value="-r" />
							<arg value="${db2.local.basedir}/files/linux/db2ese.rsp" />
						</os:runShellScript>
					</then>
				</elseif>

				<else>
					<fail
						message="ASC macro db2.local:install_ESE_8_1 invoked on an unsupported platform (os.name=${os.name})." />
				</else>
			</if>
		</sequential>
	</macrodef>

	<macrodef name="install_ESE_8_1_FP11" uri="db2.local" description="Install FP11 for DB2 ESE 8.1.">
		<attribute name="installerDir"
			description="Directory containing the install image (FP6_WR21340_ESE.exe-Windows)." />
		<attribute name="dasUserid" description="DB2 admin userid.  Required to update users." />
		<attribute name="inst1Userid"
			description="Userid for database instance owner.  Required to update users." />
		<attribute name="db2Home" description="Directory into which DB2 was previously installed." />
		<sequential>
			<if>
				<os family="windows" />
				<then>
					<!-- Invoke db2stop from DB2 directory in case the user's environment doesn't yet have DB2 on the path. -->
					<os:runCmd cmd="db2stop" dir="@{db2Home}/bin" failOnError="false" />
					<os:runCmd cmd="db2admin" dir="@{db2Home}/bin" failOnError="false">
						<arg value="stop" />
					</os:runCmd>

					<copy file="${db2.local.basedir}/files/windows/db2esefp.rsp.template"
						tofile="${db2.local.basedir}/files/windows/db2esefp.rsp" overwrite="true" />

					<set name="_tempDir" value="${db2.local.basedir}\install_ESE_8_1_FP11" />
					<mkdir dir="${_tempDir}" />


					<os:runCmd cmd="setup.exe" dir="@{installerDir}">				
						<arg value="/f" />
						<arg value="/u" />
						<arg value="${db2.local.basedir}\files\windows\db2esefp.rsp" />
					</os:runCmd>
					<delete dir="${_tempDir}" />

					<unset name="_tempDir" />
				</then>

				<elseif>
					<os name="Linux" />
					<then>
						<os:runShellScript shellScript="./installFixPak" unixSuffix=""
							dir="@{installerDir}/linux" />

						<!-- Update the users (see http://dbforums.com/t858472.html) -->
						<os:runShellScript shellScript="@{db2Home}/instance/db2iupdt"
							unixSuffix="">
							<arg value="@{inst1Userid}" />
						</os:runShellScript>

						<os:runShellScript shellScript="@{db2Home}/instance/dasupdt"
							unixSuffix="">
							<arg value="@{dasUserid}" />
						</os:runShellScript>
					</then>
				</elseif>

				<else>
					<fail
						message="ASC macro db2.local:install_ESE_8_1_FP6 invoked on an unsupported platform (os.name=${os.name})." />
				</else>
			</if>
		</sequential>
	</macrodef>

	<macrodef name="start" uri="db2.local" description="Start DB2.">
		<attribute name="runAsUser" default=""
			description="the user to run the command to start DB2 (used only on Linux)" />
		<sequential>
			<os:runCmd cmd="db2start" runAsUser="@{runAsUser}" failOnError="false" />
		</sequential>
	</macrodef>

	<macrodef name="stop" uri="db2.local" description="Stop DB2.">
		<attribute name="runAsUser" default=""
			description="the user to run the command to stop DB2 (used only on Linux)" />
		<sequential>
			<os:runCmd cmd="db2stop" runAsUser="@{runAsUser}" failOnError="false" />
		</sequential>
	</macrodef>

	<macrodef name="createDb" uri="db2.local" description="Create a new DB2 database.">
		<attribute name="runAsUser"
			description="the user to run the command to create the new database (used only on Linux)" />
		<attribute name="dbName" description="the name of the new database" />
		<sequential>
			<db2:runClp runAsUser="@{runAsUser}" cmd="db2 create database @{dbName}" />
		</sequential>
	</macrodef>

	<macrodef name="catalogRemoteNode" uri="db2.local" description="Catalog a remote DB2 node.">
		<attribute name="runAsUser" default=""
			description="the user to run the command to catalog the remote node (used only on Linux)" />
		<attribute name="nodeName" description="Local alias for the remote node." />
		<attribute name="connectionServicePort"
			description="Name of the DB2 connection service port, as specified in /etc/services." />
		<attribute name="db2ServerHostName"
			description="Fully-qualified hostname of the remote database server." />
		<sequential>
			<!-- Catalog the node. -->
			<db2:runClp runAsUser="@{runAsUser}"
				cmd="db2 catalog tcpip node @{nodeName} remote @{db2ServerHostName} server @{connectionServicePort}" />
			<!-- Force refresh of the directory cache. -->
			<db2:runClp runAsUser="@{runAsUser}" cmd="db2 terminate" />
		</sequential>
	</macrodef>

	<macrodef name="catalogRemoteDb" uri="db2.local" description="Catalog a remote DB2 database.">
		<attribute name="dbName" description="the name of the database to catalog" />
		<attribute name="nodeName" description="the name of the node where the database resides" />
		<attribute name="runAsUser" default=""
			description="the user to run the command to catalog the database (used only on Linux)" />
		<sequential>
			<db2:runClp runAsUser="@{runAsUser}"
				cmd="db2 catalog db @{dbName} as @{dbName} at node @{nodeName}" />
		</sequential>
	</macrodef>

	<macrodef name="executeDdl" uri="db2.local" description="Execute a data definition language file.">
		<attribute name="runAsUser" default=""
			description="User to run the command to execute the DDL file (used only on Linux)." />
		<attribute name="user" default="" description="User to connect to DB2.  Defaults to none." />
		<attribute name="password" default=""
			description="Password for the user.  Defaults to none." />
		<attribute name="dbName" default=""
			description="Name of the database to execute the DDL against, if any.  Use empty string for instance operations.  Defaults to empty string." />
		<attribute name="ddlFileName" description="Name of the DDL file." />
		<attribute name="dir" default="."
			description="Directory within which to execute the DDL file.  Defaults to the current directory." />
		<sequential>
			<db2:runClp runAsUser="@{runAsUser}" user="@{user}" password="@{password}"
				dbName="@{dbName}" cmd="db2 -tvf @{ddlFileName}" dir="@{dir}" />
		</sequential>
	</macrodef>

	<macrodef name="runClp" uri="db2.local" description="Run the DB2 Command Line Processor.">
		<attribute name="runAsUser" default=""
			description="the user to run the command line processor (used only on Linux)" />
		<attribute name="user" default=""
			description="the user to connect to DB2.  Defaults to none." />
		<attribute name="password" default=""
			description="the password for the user. Defaults to none." />
		<attribute name="dbName" default=""
			description="the name of the database to run the cmd against" />
		<attribute name="cmd" description="the command to run through the CLP" />
		<attribute name="dir" default="."
			description="the directory to run the CLP in.  Defaults to the current directory." />
		<sequential>
			<if>
				<os name="Linux" />
				<then>
					<if>
						<equals arg1="@{user}" arg2="" />
						<then>
							<if>
								<equals arg1="@{dbName}" arg2="" />
								<then>
									<os:runCmd cmd="@{cmd}" dir="@{dir}" runAsUser="@{runAsUser}" />
								</then>
								<else>
									<os:runCmd
										cmd="db2 connect to @{dbName}; @{cmd}; db2 disconnect current" dir="@{dir}"
										runAsUser="@{runAsUser}" />
								</else>
							</if>
						</then>
						<else>
							<if>
								<equals arg1="@{dbName}" arg2="" />
								<then>
									<os:runCmd
										cmd="db2 connect to @{dbName}; @{cmd}; db2 disconnect current" dir="@{dir}"
										runAsUser="@{runAsUser}" />
								</then>
								<else>
									<os:runCmd
										cmd="db2 connect to @{dbName} user @{user} using @{password}; @{cmd}; db2 disconnect current"
										dir="@{dir}" runAsUser="@{runAsUser}" />
								</else>
							</if>
						</else>
					</if>
				</then>
				<elseif>
					<os family="windows" />
					<then>
						<!-- http://www-106.ibm.com/developerworks/db2/library/techarticle/0307fierros/0307fierros.html -->
						<mkdir dir="${db2.local.basedir}/tmp" />

						<if>
							<not>
								<equals arg1="@{dbName}" arg2="" />
							</not>
							<then>
								<if>
									<equals arg1="@{user}" arg2="" />
									<then>
										<echo message="db2 connect to @{dbName}${line.separator}"
											file="${db2.local.basedir}/tmp/runclp.bat" append="false" />
									</then>
									<else>
										<echo
											message="db2 connect to @{dbName} user @{user} using @{password}${line.separator}"
											file="${db2.local.basedir}/tmp/runclp.bat" append="false" />
									</else>
								</if>

								<echo message="@{cmd}${line.separator}"
									file="${db2.local.basedir}/tmp/runclp.bat" append="true" />
								<echo message="db2 disconnect current${line.separator}"
									file="${db2.local.basedir}/tmp/runclp.bat" append="true" />

								<os:runCmd cmd="db2cmd" dir="@{dir}" failOnError="false">
									<arg value="-c" />
									<arg value="-w" />
									<arg value="-i" />
									<arg value="${db2.local.basedir}\tmp\runclp.bat" />
								</os:runCmd>
							</then>
							<else>
								<os:runCmd cmd="db2cmd" dir="@{dir}">
									<arg value="-c" />
									<arg value="-w" />
									<arg value="-i" />
									<arg line="@{cmd}" />
								</os:runCmd>
							</else>
						</if>
					</then>
				</elseif>
				<else>
					<fail
						message="ASC macro db2.local:runClp invoked on an unsupported platform (os.name=${os.name})." />
				</else>
			</if>
		</sequential>
	</macrodef>
</project>
