<!-- Copyright (C), 2004, International Business Machines, Inc. -->
<project name="asc" basedir="../..">
	<description>Contains support macros for basic ASC operations.  For the most part,
	these macros are used within macros generated by ASC's LibraryBuilder utility.
	Developers might use these macros in orchestration files for distributed solutions and
	multi-server macros, but not (by convention) in local macros.</description>

	<!-- Relative file references must be relative to this buildfile;
		since this buildfile is typically imported by other buildfiles,
		a property that points to the directory containing this buildfile is created. -->
	<dirname file="${ant.file.asc}" property="asc.basedir" />


	<!-- *************************************************************** -->
	<!-- Initialization                                                  -->
	<!-- *************************************************************** -->
	<taskdef name="putFile" classname="com.ibm.asc.orchestrator.tasks.PutFile" classpath="${asc.basedir}/files/jar/asc.jar" />
	<taskdef name="transferFile" classname="com.ibm.asc.orchestrator.tasks.TransferFile" classpath="${asc.basedir}/files/jar/asc.jar" />
	<taskdef name="invokeRemoteAnt" classname="com.ibm.asc.orchestrator.tasks.InvokeAnt" classpath="${asc.basedir}/files/jar/asc.jar" />
	<taskdef name="terminate" classname="com.ibm.asc.orchestrator.tasks.Terminate" classpath="${asc.basedir}/files/jar/asc.jar" />
	<taskdef name="setExecuteTasks" classname="com.ibm.asc.orchestrator.tasks.optional.SetExecuteTasks" classpath="${asc.basedir}/files/jar/asc.jar" />
	<taskdef name="filename" classname="com.ibm.asc.orchestrator.tasks.FileName" classpath="${asc.basedir}/files/jar/asc.jar" />

	<taskdef name="if" classname="com.ibm.asc.orchestrator.tasks.If" classpath="${asc.basedir}/files/jar/asc.jar" />
  	<taskdef name="else" classname="com.ibm.asc.orchestrator.tasks.Else" classpath="${asc.basedir}/files/jar/asc.jar" />
 	<typedef name="elseif" classname="com.ibm.asc.orchestrator.tasks.ElseIf" classpath="${asc.basedir}/files/jar/asc.jar" />
  	<taskdef name="then" classname="com.ibm.asc.orchestrator.tasks.Then" classpath="${asc.basedir}/files/jar/asc.jar" />
  	<typedef name="lessThan" classname="com.ibm.asc.orchestrator.tasks.condition.LessThan" classpath="${asc.basedir}/files/jar/asc.jar" />
  	<typedef name="fileContains" classname="com.ibm.asc.orchestrator.tasks.condition.FileContains" classpath="${asc.basedir}/files/jar/asc.jar" />
  	<taskdef name="set" classname="com.ibm.asc.orchestrator.tasks.Set" classpath="${asc.basedir}/files/jar/asc.jar" />
  	<taskdef name="unset" classname="com.ibm.asc.orchestrator.tasks.Unset" classpath="${asc.basedir}/files/jar/asc.jar" />


	<!-- Define custom components (not tasks). -->
	<taskdef name="remoteAntProperty" classname="com.ibm.asc.orchestrator.tasks.components.RemoteAntProperty" classpath="${asc.basedir}/files/jar/asc.jar" />
	<taskdef name="remoteAntElement" classname="com.ibm.asc.orchestrator.tasks.components.RemoteAntElement" classpath="${asc.basedir}/files/jar/asc.jar" />

	<!-- Invoke initialization operations. -->
	<sequential>
		<condition property="os.family" value="windows">
			<os family="windows" />
		</condition>

		<condition property="os.family" value="dos">
			<os family="dos" />
		</condition>

		<condition property="os.family" value="mac">
			<os family="mac" />
		</condition>

		<condition property="os.family" value="unix">
			<os family="unix" />
		</condition>

		<condition property="os.family" value="netware">
			<os family="netware" />
		</condition>

		<condition property="os.family" value="os/2">
			<os family="os/2" />
		</condition>

		<condition property="os.family" value="tandem">
			<os family="tandem" />
		</condition>

		<condition property="os.family" value="win9x">
			<os family="win9x" />
		</condition>

		<condition property="os.family" value="z/os">
			<os family="z/os" />
		</condition>

		<condition property="os.family" value="os/400">
			<os family="os/400" />
		</condition>

		<condition property="os.family" value="openvms">
			<os family="openvms" />
		</condition>


		<!-- The following property is suitable for use in "if" and "unless" attributes of targets. -->
		<property name="os.family_${os.family}" value="true" />

	</sequential>


	<!-- *************************************************************** -->
	<!-- Macro definitions                                               -->
	<!-- *************************************************************** -->
	<macrodef name="_asc_init">
		<attribute name="agent" />
		<sequential>
			<if>
				<not>
					<isset property="asc.remote.@{agent}" />
				</not>
				<then>
					<property name="asc.remote.@{agent}" value="true" />

					<!-- The ASC library must be put with putFile; others can use putFiles
					     (putFiles requires the ASC library to already be available to the agent). -->
					<putFile fileName="library/asc/asc.xml" agent="@{agent}" />
					<putFile fileName="library/asc/files/jar/asc.jar" agent="@{agent}" />
					
					<putFiles agent="@{agent}">
						<files>
							<include name="library/**" />
						</files>
					</putFiles>
				</then>
			</if>
		</sequential>
	</macrodef>

	<macrodef name="copyFile" description="Copy a file between two agents.">
		<attribute name="srcFile" description="the file to be copied (absolute path)" />
		<attribute name="destFile" description="the destination path for the file (absolute path)" />
		<attribute name="srcAgent" description="the handle for the agent where the file is located" />
		<attribute name="destAgent" description="the handle for the agent where the file will be sent" />
		<attribute name="transferFileName" default="asc.transferFile.tmp" />
		<sequential>
			<!-- Initialize the library on the target systems. -->
			<_asc_init agent="@{srcAgent}" />
			<_asc_init agent="@{destAgent}" />
			
			<invokeRemoteAnt fileName="library/asc/asc.xml" isPutFile="false" target="_asc_copyFile_src" agent="@{srcAgent}">
				<remoteAntProperty name="file" value="@{srcFile}" />
				<remoteAntProperty name="tofile" value="@{transferFileName}" />
			</invokeRemoteAnt>

			<transferFile fileName="@{transferFileName}" srcAgent="@{srcAgent}" destAgent="@{destAgent}" />

			<invokeRemoteAnt fileName="library/asc/asc.xml" isPutFile="false" target="_asc_copyFile_dest" agent="@{destAgent}">
				<remoteAntProperty name="file" value="@{transferFileName}" />
				<remoteAntProperty name="tofile" value="@{destFile}" />
			</invokeRemoteAnt>
		</sequential>
	</macrodef>

	<target name="_asc_copyFile_src">
		<copy file="${file}" tofile="${tofile}" overwrite="true" />
	</target>

	<target name="_asc_copyFile_dest">
		<copy file="${file}" tofile="${tofile}" overwrite="true" />
	</target>


	<macrodef name="copyFiles" description="Copy a set of files from a source server to a target server.">
		<attribute name="srcDir" description="Base directory from which to copy files on the source server." />
		<attribute name="srcIncludes" description="comma- or space-separated list of patterns of files that must be included. (asterisk includes all files)" />
		<attribute name="destDir" description="Base directory into which the copied files are places on the destination server." />
		<attribute name="srcAgent" description="the handle for the agent where the file is located" />
		<attribute name="destAgent" description="the handle for the agent where the file will be sent" />
		<attribute name="transferFileName" default="asc.transferFile.zip" />
		<sequential>
			<!-- Initialize the library on the target systems. -->
			<_asc_init agent="@{srcAgent}" />
			<_asc_init agent="@{destAgent}" />
			
			<invokeRemoteAnt fileName="library/asc/asc.xml" isPutFile="false" target="_asc_copyFiles_src" agent="@{srcAgent}">
				<remoteAntProperty name="srcDir" value="@{srcDir}" />
				<remoteAntProperty name="srcIncludes" value="@{srcIncludes}" />
				<remoteAntProperty name="transferFileName" value="@{transferFileName}" />
			</invokeRemoteAnt>

			<transferFile fileName="@{transferFileName}" srcAgent="@{srcAgent}" destAgent="@{destAgent}" />

			<invokeRemoteAnt fileName="library/asc/asc.xml" isPutFile="false" target="_asc_copyFiles_dest" agent="@{destAgent}">
				<remoteAntProperty name="destDir" value="@{destDir}" />
				<remoteAntProperty name="transferFileName" value="@{transferFileName}" />
			</invokeRemoteAnt>
		</sequential>
	</macrodef>

	<target name="_asc_copyFiles_src">
		<!-- Bug fix:  The zip task throws an exception if the temp file exists and it's not a ZIP file.
			 Delete the file first to prevent such problems. -->
		<delete file="${transferFileName}" />
		<zip destfile="${transferFileName}" basedir="${srcDir}" includes="${srcIncludes}" />
	</target>

	<target name="_asc_copyFiles_dest">
		<unzip src="${transferFileName}" dest="${destDir}" />
	</target>


	<macrodef name="putFiles" description="Put all files and directories in the orchestrator base directory into the agent working directory.">
		<attribute name="zipFile" default="asctmp.zip" description="the name of the temporary zip file used in transferring the files.  Defaults to asctmp.zip"  />
		<attribute name="agent" description="the handle for the agent where the files will be sent" />
		<element name="files" description="Relative to basedir of the orchestration buildfile." />
		<sequential>
			<!-- Initialize the library on the target system. -->
			<_asc_init agent="@{agent}" />

			<!-- Zip relative to the basedir; only works with descendents in the filesystem,
			     which also ensures that the extracted results are contained within the
			     agent working directory on the remote system. -->
			<zip destfile="@{zipFile}">
				<fileset dir=".">
					<files />
				</fileset>
			</zip>

			<putFile fileName="@{zipFile}" agent="@{agent}" />

			<invokeRemoteAnt fileName="library/asc/asc.xml" isPutFile="false" target="_asc_putFiles" agent="@{agent}">
				<remoteAntProperty name="zipFile" value="@{zipFile}" />
			</invokeRemoteAnt>

			<delete file="@{zipFile}" />
		</sequential>
	</macrodef>

	<target name="_asc_putFiles">
		<unzip src="${zipFile}" dest="." />
		<delete file="${zipFile}" />
	</target>
</project>
