<?xml version="1.0"?>

<!DOCTYPE project [
    <!ENTITY elements SYSTEM "elements.xml">
]>

<!-- Generated from ihs.local.xml. -->
<!-- Generated from ihs.distributed.xml. -->

<project name="ihs" xmlns:ihs="ihs" xmlns:ihs.local="ihs.local" xmlns:ihs.distributed="ihs.distributed">
  <import file="../asc/asc.xml" />
  <import file="ihs.local.xml" />
  <import file="ihs.distributed.xml" />
  <description>IBM Http Server</description>

  <!-- ===================================================================== -->
  <!-- Artifacts for remote invocation of install_2_0_47 -->
  <!-- ===================================================================== -->
  <macrodef name="install_2_0_47" uri="ihs" description="Install IHS 2.0.47." >
    <attribute name="ihshome" description="Directory into which IHS is to be installed." />
    <attribute name="installerdir" description="Directory containing the extracted install image." />
    <attribute name="ntserviceuser" description="Required for Windows." />
    <attribute name="ntservicepassword" description="Required for Windows." />
    <attribute name="agent" description="ASC agent handle for remoting execution." />
    <sequential>
      <_asc_init agent="@{agent}" />

      <invokeRemoteAnt fileName="library/ihs/ihs.xml" target="_ihs:install_2_0_47" isPutFile="false" agent="@{agent}">
        <remoteAntProperty name="ihshome" value="@{ihshome}" />
        <remoteAntProperty name="installerdir" value="@{installerdir}" />
        <remoteAntProperty name="ntserviceuser" value="@{ntserviceuser}" />
        <remoteAntProperty name="ntservicepassword" value="@{ntservicepassword}" />
      </invokeRemoteAnt>
    </sequential>
  </macrodef>

  <target name="_ihs:install_2_0_47" >
    <ihs.local:install_2_0_47 ihshome="${ihshome}" installerdir="${installerdir}" ntserviceuser="${ntserviceuser}" ntservicepassword="${ntservicepassword}" >
    </ihs.local:install_2_0_47>
  </target>

  <!-- ===================================================================== -->
  <!-- Artifacts for remote invocation of start -->
  <!-- ===================================================================== -->
  <macrodef name="start" uri="ihs" description="Start an IBM HTTP Server." >
    <attribute name="ihshome" description="the root directory of the IBM HTTP Server install you want to start" />
    <attribute name="version" description="version string used to start/stop service on Windows (e.g. 1.3.28 or 2.0.47)" />
    <attribute name="failonerror" default="true" />
    <attribute name="agent" description="ASC agent handle for remoting execution." />
    <sequential>
      <_asc_init agent="@{agent}" />

      <invokeRemoteAnt fileName="library/ihs/ihs.xml" target="_ihs:start" isPutFile="false" agent="@{agent}">
        <remoteAntProperty name="ihshome" value="@{ihshome}" />
        <remoteAntProperty name="version" value="@{version}" />
        <remoteAntProperty name="failonerror" value="@{failonerror}" />
      </invokeRemoteAnt>
    </sequential>
  </macrodef>

  <target name="_ihs:start" >
    <ihs.local:start ihshome="${ihshome}" version="${version}" failonerror="${failonerror}" >
    </ihs.local:start>
  </target>

  <!-- ===================================================================== -->
  <!-- Artifacts for remote invocation of stop -->
  <!-- ===================================================================== -->
  <macrodef name="stop" uri="ihs" description="Stop an IBM HTTP Server." >
    <attribute name="ihshome" description="the root drectory of the IBM HTTP Server install you want to stop" />
    <attribute name="version" description="version string used to start/stop service on Windows (e.g. 1.3.28 or 2.0.47)" />
    <attribute name="failonerror" default="true" />
    <attribute name="agent" description="ASC agent handle for remoting execution." />
    <sequential>
      <_asc_init agent="@{agent}" />

      <invokeRemoteAnt fileName="library/ihs/ihs.xml" target="_ihs:stop" isPutFile="false" agent="@{agent}">
        <remoteAntProperty name="ihshome" value="@{ihshome}" />
        <remoteAntProperty name="version" value="@{version}" />
        <remoteAntProperty name="failonerror" value="@{failonerror}" />
      </invokeRemoteAnt>
    </sequential>
  </macrodef>

  <target name="_ihs:stop" >
    <ihs.local:stop ihshome="${ihshome}" version="${version}" failonerror="${failonerror}" >
    </ihs.local:stop>
  </target>

  <!-- ===================================================================== -->
  <!-- Wrapped macro for consolidated access to ihs.distributed.xml -->
  <!-- ===================================================================== -->
  <macrodef name="addPlugin" uri="ihs" description="Add WAS plugin to installed IHS" >
    <attribute name="ihshome" />
    <attribute name="ihsversion" />
    <attribute name="ihswasdir" default="" description="Directory on IHS server to contain the WAS plugin and plugin-cfg.xml files.  For local setup (ihsAgent==wasAgent), defaults to standard WAS directory." />
    <attribute name="ihsagent" />
    <attribute name="washome" />
    <attribute name="wasagent" />
    <sequential>
      <antcall target="_ihs:addPlugin" >
        <param name="ihshome" value="@{ihshome}" />
        <param name="ihsversion" value="@{ihsversion}" />
        <param name="ihswasdir" value="@{ihswasdir}" />
        <param name="ihsagent" value="@{ihsagent}" />
        <param name="washome" value="@{washome}" />
        <param name="wasagent" value="@{wasagent}" />
      </antcall>
    </sequential>
  </macrodef>

  <target name="_ihs:addPlugin" >
    <ihs.distributed:addPlugin ihshome="${ihshome}" ihsversion="${ihsversion}" ihswasdir="${ihswasdir}" ihsagent="${ihsagent}" washome="${washome}" wasagent="${wasagent}" />
  </target>

  <!-- ===================================================================== -->
  <!-- Wrapped macro for consolidated access to ihs.distributed.xml -->
  <!-- ===================================================================== -->
  <macrodef name="updatePlugin" uri="ihs" >
    <attribute name="ihshome" />
    <attribute name="ihsversion" />
    <attribute name="ihswasdir" default="" description="Directory on IHS server to contain the WAS plugin and plugin-cfg.xml files.  For local setup (ihsAgent==wasAgent), defaults to standard WAS directory." />
    <attribute name="ihsagent" />
    <attribute name="washome" />
    <attribute name="wasagent" />
    <sequential>
      <antcall target="_ihs:updatePlugin" >
        <param name="ihshome" value="@{ihshome}" />
        <param name="ihsversion" value="@{ihsversion}" />
        <param name="ihswasdir" value="@{ihswasdir}" />
        <param name="ihsagent" value="@{ihsagent}" />
        <param name="washome" value="@{washome}" />
        <param name="wasagent" value="@{wasagent}" />
      </antcall>
    </sequential>
  </macrodef>

  <target name="_ihs:updatePlugin" >
    <ihs.distributed:updatePlugin ihshome="${ihshome}" ihsversion="${ihsversion}" ihswasdir="${ihswasdir}" ihsagent="${ihsagent}" washome="${washome}" wasagent="${wasagent}" />
  </target>

  <!-- ===================================================================== -->
  <!-- Verification target for syntax checking -->
  <!-- ===================================================================== -->
  <target name="_verify" >
    <ihs:install_2_0_47 ihshome="test" installerdir="test" ntserviceuser="test" ntservicepassword="test" agent="test" />
    <ihs:start ihshome="test" version="test" failonerror="test" agent="test" />
    <ihs:stop ihshome="test" version="test" failonerror="test" agent="test" />
    <ihs:addPlugin ihshome="test" ihsversion="test" ihswasdir="test" ihsagent="test" washome="test" wasagent="test" />
    <ihs:updatePlugin ihshome="test" ihsversion="test" ihswasdir="test" ihsagent="test" washome="test" wasagent="test" />
  </target>
</project>
