<!-- Copyright (C), 2004, International Business Machines, Inc. -->
<project name="ihs.local" basedir="." xmlns:ihs="ihs.local" xmlns:os="os.local">
	<description>IBM Http Server</description>

	<import file="../os/os.local.xml" />

	<!-- Relative file references must be relative to this buildfile;
		since this buildfile is typically imported by other buildfiles,
		a property that points to the directory containing this buildfile is created. -->
	<dirname file="${ant.file.ihs.local}" property="ihs.local.basedir" />


        <!-- On Windows, 'net start|stop service' fails with return
             code 2 for (1) service already started/stopped and (2)
             service not found.  We could use output to distinguish
             the cases. -->

	<macrodef name="start" uri="ihs.local" description="Start an IBM HTTP Server.">
		<attribute name="ihsHome" description="the root directory of the IBM HTTP Server install you want to start"/>
		<attribute name="version" description="version string used to start/stop service on Windows (e.g. 1.3.28 or 2.0.47)" />
		<attribute name="failOnError" default="true" />
		<sequential>
			<if>
				<os name="Linux" />
				<then>
					<os:runCmd cmd="@{ihsHome}/bin/apachectl" failonerror="@{failOnError}">
						<arg value="-k" />
						<arg value="start" />
					</os:runCmd>
				</then>
				<elseif>
					<os family="windows" />
					<then>
						<os:runCmd cmd="net" failonerror="@{failOnError}">
							<arg value="start" />
							<arg value="IBM HTTP Server @{version}" />
						</os:runCmd>
					</then>
				</elseif>
				<else>
					<fail message="ASC macro ihs:start invoked on an unsupported platform (os.name=${os.name})." />
				</else>
			</if>
		</sequential>
	</macrodef>

	<macrodef name="stop" uri="ihs.local" description="Stop an IBM HTTP Server.">
		<attribute name="ihsHome" description="the root drectory of the IBM HTTP Server install you want to stop"/>
		<attribute name="version" description="version string used to start/stop service on Windows (e.g. 1.3.28 or 2.0.47)" />
		<attribute name="failOnError" default="true" />
		<sequential>
			<if>
				<os name="Linux" />
				<then>
					<os:runCmd cmd="@{ihsHome}/bin/apachectl" failonerror="@{failOnError}">
						<arg value="-k" />
						<arg value="stop" />
					</os:runCmd>
				</then>
				<elseif>
					<os family="windows" />
					<then>
						<os:runCmd cmd="net" failonerror="@{failOnError}">
							<arg value="stop" />
							<arg value="IBM HTTP Server @{version}" />
						</os:runCmd>
					</then>
				</elseif>
				<else>
					<fail message="ASC macro ihs:stop invoked on an unsupported platform (os.name=${os.name})." />
				</else>
			</if>
		</sequential>
	</macrodef>

	<macrodef name="install_2_0_47" uri="ihs.local" description="Install IHS 2.0.47.">
		<attribute name="ihsHome" description="Directory into which IHS is to be installed." />
		<attribute name="installerDir" description="Directory containing the extracted install image." />
		<attribute name="ntServiceUser" description="Required for Windows." />
		<attribute name="ntServicePassword" description="Required for Windows." />
		<sequential>
			<if>
				<os family="windows" />
				<then>
					<pathconvert targetOS="windows" property="_ihsHome">
						<path location="@{ihsHome}" />
					</pathconvert>
		
					<copy file="${ihs.local.basedir}/files/windows/ihs.rsp.template" tofile="${ihs.local.basedir}/files/windows/ihs.rsp" overwrite="true">
						<filterset>
							<filter token="IHS_HOME" value="${_ihsHome}"/>
							<filter token="SERVICE_USER" value="@{ntServiceUser}" />
							<filter token="SERVICE_PASSWORD" value="@{ntServicePassword}" />
						</filterset>
					</copy>

					<os:runCmd cmd=".\Windows\jdk\java\bin\java" dir="@{installerDir}">
						<arg value="-jar" />
						<arg value=".\Windows\setup.jar" />
						<arg value="-P" />
						<arg value="ihs.installGskit.command=.\Windows\skit\setup" />
						<arg value="-silent" />
						<arg value="-options" />
						<arg value="${ihs.local.basedir}\files\windows\ihs.rsp" />
					</os:runCmd>

					<unset name="_ihsHome" />
				</then>

				<elseif><os name="Linux" />
					<then>
						<os:runShellScript shellScript="./installIHS" dir="@{installerDir}/linuxi386">
							<arg value="-silent" />
						</os:runShellScript>
					</then>
				</elseif>

				<else>
					<fail message="ASC macro ihs:install_2_0_47 invoked on an unsupported platform (os.name=${os.name})." />
				</else>
			</if>
		</sequential>
	</macrodef>
</project>
