<!-- Copyright (C), 2004, International Business Machines, Inc. -->
<project name="ihs.distributed" basedir="." xmlns:ihs.distributed="ihs.distributed" xmlns:was_5="was_5">
	<import file="../asc/asc.xml" />
	<import file="../was_5/was_5.xml" />
	<!-- Do not import ihs.xml because it causes circular processing
		in the RemoteMacroBuilder utility.  (The utility uses Ant to instantiate
		each buildfile, then APIs to extract the macrodef information.  The
		problem is that Ant attempts to import ihs.xml, which is
		only partially generated at the time.)
		
		One fix would be to rewrite the utility to parse buildfiles directly
		(that is, do not use Ant).
		
		Another (simpler) fix is to not import ihs.xml here.  This works.
		At run-time, ihs.distributed.xml is imported from ihs.xml, so
		no need to import ihs.xml. -->
	
	
	<macrodef name="addPlugin" uri="ihs.distributed" description="Add WAS plugin to installed IHS">
		<attribute name="ihsHome" />
		<attribute name="ihsVersion" />
		<attribute name="ihsWasDir" default="" description="Directory on IHS server to contain the WAS plugin and plugin-cfg.xml files.  For local setup (ihsAgent==wasAgent), defaults to standard WAS directory." />
		<attribute name="ihsAgent" />
		<attribute name="wasHome" />
		<attribute name="wasAgent" />
		<sequential>
			<if>
				<and>
					<not><equals arg1="@{ihsAgent}" arg2="@{wasAgent}" /></not>
					<equals arg1="@{ihsWasDir}" arg2="" trim="true" />
				</and>
				<then>
					<fail message="Attribute 'ihsWasDir' must be specified for remote setup (ihsAgent != wasAgent)." />
				</then>

				<elseif>
					<not><equals arg1="@{ihsWasDir}" arg2="" trim="true" /></not>
					<then>
						<!-- Add plugin using non-default directory. -->
						<copyFiles srcDir="@{wasHome}/bin" srcIncludes="mod_*" srcAgent="@{wasAgent}" destDir="@{ihsWasDir}" destAgent="@{ihsAgent}" />

						<!--  Update IHS httpd.conf. -->
						<invokeRemoteAnt fileName="library/ihs/ihs.distributed.xml" target="_ihs.distributed:addPlugin" isPutFile="false" agent="@{ihsAgent}">
							<remoteAntProperty name="ihsHome" value="@{ihsHome}" />
							<remoteAntProperty name="ihsVersion" value="@{ihsVersion}" />
							<remoteAntProperty name="ihsWasDir" value="@{ihsWasDir}" />
							<remoteAntProperty name="ihsAgent" value="@{ihsAgent}" />
							<remoteAntProperty name="wasHome" value="@{wasHome}" />
							<remoteAntProperty name="wasAgent" value="@{wasAgent}" />
						</invokeRemoteAnt>
			
						<ihs.distributed:updatePlugin ihsHome="@{ihsHome}" ihsVersion="@{ihsVersion}" ihsWasDir="@{ihsWasDir}" ihsAgent="@{ihsAgent}" wasHome="@{wasHome}" wasAgent="@{wasAgent}" />
					</then>
				</elseif>

				<else>
					<!-- Add plugin using default directory. -->
					<_asc_init agent="@{wasAgent}" />

					<!--  Update IHS httpd.conf. -->
					<invokeRemoteAnt fileName="library/ihs/ihs.distributed.xml" target="_ihs.distributed:addPluginLocal" isPutFile="false" agent="@{ihsAgent}">
						<remoteAntProperty name="ihsHome" value="@{ihsHome}" />
						<remoteAntProperty name="ihsVersion" value="@{ihsVersion}" />
						<remoteAntProperty name="ihsAgent" value="@{ihsAgent}" />
						<remoteAntProperty name="wasHome" value="@{wasHome}" />
						<remoteAntProperty name="wasAgent" value="@{wasAgent}" />
					</invokeRemoteAnt>
			
					<ihs.distributed:updatePlugin ihsHome="@{ihsHome}" ihsVersion="@{ihsVersion}" ihsAgent="@{ihsAgent}" wasHome="@{wasHome}" wasAgent="@{wasAgent}" />
				</else>
			</if>
		</sequential>
	</macrodef>
	
	<target name="_ihs.distributed:addPlugin">
		<if>
			<os name="Linux" />
			<then>
				<property name="suffix" value="so" />
			</then>
			<elseif>
				<os family="windows" />
				<then>
					<property name="suffix" value="dll" />
				</then>
			</elseif>
			<else>
				<fail message="ASC target _ihs.distributed:addPlugin invoked on an unsupported platform (os.name=${os.name})." />
			</else>
		</if>

		<if>
			<lessThan arg1="${ihsVersion}" arg2="2" />
			<then>
				<property name="pluginCode" value="mod_ibm_app_server_http.${suffix}" />
				<property name="moduleName" value="ibm_app_server_http_module" />
			</then>
			<else>
				<property name="pluginCode" value="mod_was_ap20_http.${suffix}" />
				<property name="moduleName" value="was_ap20_module" />
			</else>
		</if>

  		<pathconvert targetos="${os.family}" property="_pluginConfFile">
  			<path location="${ihsWasDir}/plugin-cfg.xml" />
  		</pathconvert>

  		<pathconvert targetos="${os.family}" property="_pluginCode">
  			<path location="${ihsWasDir}/${pluginCode}" />
  		</pathconvert>

		<echo file="${ihsHome}/conf/httpd.conf" append="true">
LoadModule ${moduleName} "${_pluginCode}"
WebSpherePluginConfig "${_pluginConfFile}"
</echo>
	</target>

	<target name="_ihs.distributed:addPluginLocal">
		<if>
			<os name="Linux" />
			<then>
				<property name="suffix" value="so" />
			</then>
			<elseif>
				<os family="windows" />
				<then>
					<property name="suffix" value="dll" />
				</then>
			</elseif>
			<else>
				<fail message="ASC target _ihs.distributed:addPluginLocal invoked on an unsupported platform (os.name=${os.name})." />
			</else>
		</if>

		<if>
			<lessThan arg1="${ihsVersion}" arg2="2" />
			<then>
				<property name="pluginCode" value="mod_ibm_app_server_http.${suffix}" />
				<property name="moduleName" value="ibm_app_server_http_module" />
			</then>
			<else>
				<property name="pluginCode" value="mod_was_ap20_http.${suffix}" />
				<property name="moduleName" value="was_ap20_module" />
			</else>
		</if>

  		<pathconvert targetos="${os.family}" property="_pluginConfFile">
  			<path location="${wasHome}/config/cells/plugin-cfg.xml" />
  		</pathconvert>

  		<pathconvert targetos="${os.family}" property="_pluginCode">
  			<path location="${wasHome}/bin/${pluginCode}" />
  		</pathconvert>

		<echo file="${ihsHome}/conf/httpd.conf" append="true">
LoadModule ${moduleName} "${_pluginCode}"
WebSpherePluginConfig "${_pluginConfFile}"
</echo>
	</target>


	<macrodef name="updatePlugin" uri="ihs.distributed">
		<attribute name="ihsHome" />
		<attribute name="ihsVersion" />
		<attribute name="ihsWasDir" default="" description="Directory on IHS server to contain the WAS plugin and plugin-cfg.xml files.  For local setup (ihsAgent==wasAgent), defaults to standard WAS directory." />
		<attribute name="ihsAgent" />
		<attribute name="wasHome" />
		<attribute name="wasAgent" />
		<sequential>
			<if>
				<and>
					<not><equals arg1="@{ihsAgent}" arg2="@{wasAgent}" /></not>
					<equals arg1="ihsWasDir" arg2="" trim="true" />
				</and>
				<then>
					<fail message="Attribute 'ihsWasDir' must be specified for remote setup (ihsAgent != wasAgent)." />
				</then>

				<elseif>
					<not><equals arg1="@{ihsAgent}" arg2="@{wasAgent}" /></not>
					<then>
						<was_5:genPlugin wasHome="@{wasHome}" destinationRoot="@{ihsWasDir}" agent="@{wasAgent}" />
				
						<!-- Copy plugin-cfg.xml. -->
						<copyFile srcFile="@{wasHome}/config/cells/plugin-cfg.xml" srcAgent="@{wasAgent}" destFile="@{ihsWasDir}/plugin-cfg.xml" destAgent="@{ihsAgent}" />
					</then>
				</elseif>

				<else>
					<was_5:genPlugin wasHome="@{wasHome}" agent="@{wasAgent}" />
				</else>
			</if>
		</sequential>
	</macrodef>
</project>
