<!-- Copyright (C), 2004, International Business Machines, Inc. -->
<project name="was_6.local" basedir="." xmlns:was_6="was_6.local" xmlns:os="os.local">
	<import file="../asc/asc.xml" />
	<import file="../os/os.local.xml" />


	<!-- Relative file references must be relative to this buildfile;
		since this buildfile is typically imported by other buildfiles,
		a property that points to the directory containing this buildfile is created. -->
	<dirname file="${ant.file.was_6.local}" property="was_6.local.basedir" />
	
	
	<macrodef name="installWASV6" uri="was_6.local" description="Install WebSphere Application Server v6.">
		<attribute name="cell" description="WAS cell name when installed" />
		<attribute name="node" description="WAS node name when installed" />
		<attribute name="hostName" description="Resolveable hostname for the server when installed" />
		<attribute name="wasHome"
			description="Directory into which WAS is to be installed (e.g. C:/Progra~1/WebSphere/AppServer)." />
		<attribute name="installerDir" description="Directory that contains the install image." />		
		<attribute name="WCDefaultHost" default="9080"
			description="Thpe port of WC_defaulthost" />
		<attribute name="WCAdminHost" default="9060"
			description="Thpe port of WC_adminhost" />
		<attribute name="WCDHSecure" default="9443"
			description="Thpe port of WC_defaulthost_secure" />
		<attribute name="WCAHSecure" default="9043"
			description="Thpe port of WC_adminhost_secure" />
		<attribute name="bootStrapAddress" default="2809"
			description="Thpe port of BOOTSTRAP_ADDRESS" />
		<attribute name="SOAPConnectorAddress" default="8880"
			description="Thpe port of SOAP_CONNECTOR_ADDRESS" />
		<attribute name="SASSSAuthListenerAddress" default="9401"
			description="Thpe port of SAS_SSL_SERVERAUTH_LISTENER_ADDRESS" />
		<attribute name="CSIV2SSAuthListenerAddress" default="9403"
			description="Thpe port of CSIV2_SSL_SERVERAUTH_LISTENER_ADDRESS" />
		<attribute name="CSIV2SMAuthListenerAddress" default="9402"
			description="Thpe port of CSIV2_SSL_MUTUALAUTH_LISTENER_ADDRESS" />
		<attribute name="ORBListenerAddress" default="9100"
			description="Thpe port of ORB_LISTENER_ADDRESS" />
		<attribute name="DCSUnicastAddress" default="9353"
			description="Thpe port of DCS_UNICAST_ADDRESS" />
		<attribute name="SIBEndpointAddress" default="7276"
			description="Thpe port of SIB_ENDPOINT_ADDRESS" />
		<attribute name="SIBEndpointSAddress" default="7286"
			description="Thpe port of SIB_ENDPOINT_SECURE_ADDRESS" />
		<attribute name="SIBMQEndpointAddress" default="5558"
			description="Thpe port of SIB_MQ_ENDPOINT_ADDRESS" />
		<attribute name="SIBMQEndpointSAddress" default="5578"
			description="Thpe port of SIB_MQ_ENDPOINT_SECURE_ADDRESS" />
		
		<sequential>
			<copy file="${was_6.local.basedir}/files/was-6.rsp.template"
				tofile="${was_6.local.basedir}/files/was-6.rsp" overwrite="true">
				<filterset>
					<filter token="NODE_NAME" value="@{node}" />
					<filter token="HOST_NAME" value="@{hostName}" />
					<filter token="WAS_HOME" value="@{wasHome}" />
					<filter token="CELL_NAME" value="@{cell}" />
					<filter token="WC_defaulthost" value="@{WCDefaultHost}"/>
					<filter token="WC_adminhost" value="@{WCAdminHost}"/>
					<filter token="WC_defaulthost_secure" value="@{WCDHSecure}"/>
					<filter token="WC_adminhost_secure" value="@{WCAHSecure}"/>
					<filter token="BOOTSTRAP_ADDRESS" value="@{bootStrapAddress}"/>
					<filter token="SOAP_CONNECTOR_ADDRESS" value="@{SOAPConnectorAddress}"/>
					<filter token="SAS_SSL_SERVERAUTH_LISTENER_ADDRESS" value="@{SASSSAuthListenerAddress}"/>
					<filter token="CSIV2_SSL_SERVERAUTH_LISTENER_ADDRESS" value="@{CSIV2SSAuthListenerAddress}"/>
					<filter token="CSIV2_SSL_MUTUALAUTH_LISTENER_ADDRESS" value="@{CSIV2SMAuthListenerAddress}"/>
					<filter token="ORB_LISTENER_ADDRESS" value="@{ORBListenerAddress}"/>
					<filter token="DCS_UNICAST_ADDRESS" value="@{DCSUnicastAddress}"/>
					<filter token="SIB_ENDPOINT_ADDRESS" value="@{SIBEndpointAddress}"/>
					<filter token="SIB_ENDPOINT_SECURE_ADDRESS" value="@{SIBEndpointSAddress}"/>
					<filter token="SIB_MQ_ENDPOINT_ADDRESS" value="@{SIBMQEndpointAddress}"/>
					<filter token="SIB_MQ_ENDPOINT_SECURE_ADDRESS" value="@{SIBMQEndpointSAddress}"/>
				</filterset>
			</copy>

			<if>
				<os name="Linux" />
				<then>
					<!-- The WAS 6 silent installer returns a 1 after successful install; prevent failonerror. -->
					<!-- Cannot directly execute ./install (get an error about it not being found). -->
					<os:runCmd cmd="/bin/sh" dir="@{installerDir}/linuxi386" failonerror="false">
						<arg value="-c" />
						<arg value="./install -options ${was_6.local.basedir}/files/was-6.rsp" />
					</os:runCmd>
				</then>

				<elseif>
					<os family="windows" />
					<then>
						<os:runCmd cmd="Install.exe" dir="@{installerDir}/WAS">
							<arg value="-options" />
							<arg value="${was_6.local.basedir}\files\was-6.rsp" />
							<!-- Dont want to do this until I'm NOT debugging. to debug, comment out the next line-->
							<arg value="-silent" />
						</os:runCmd>
					</then>
				</elseif>

				<else>
					<fail
						message="ASC macro was_6:install_6 invoked on an unsupported platform (os.name=${os.name})" />
				</else>
			</if>
		</sequential>
	</macrodef>
</project>
