<?xml version="1.0"?>

<!DOCTYPE project [
    <!ENTITY elements SYSTEM "elements.xml">
]>

<!-- Generated from was_6.local.xml. -->

<project name="was_6" xmlns:was_6="was_6" xmlns:was_6.local="was_6.local" xmlns:was_6_common="was_6_common">
  <import file="../asc/asc.xml" />
  <import file="was_6.local.xml" />
  <import file="../was_6_common/was_6_common.xml" />
  <description></description>

  <!-- ===================================================================== -->
  <!-- Artifacts for remote invocation of installWASV6 -->
  <!-- ===================================================================== -->
  <macrodef name="installWASV6" uri="was_6" description="Install WebSphere Application Server v6." >
    <attribute name="cell" description="WAS cell name when installed" />
    <attribute name="node" description="WAS node name when installed" />
    <attribute name="hostname" description="Resolveable hostname for the server when installed" />
    <attribute name="washome" description="Directory into which WAS is to be installed (e.g. C:/Progra~1/WebSphere/AppServer)." />
    <attribute name="installerdir" description="Directory that contains the install image." />
    <attribute name="wcdefaulthost" default="9080" description="Thpe port of WC_defaulthost" />
    <attribute name="wcadminhost" default="9060" description="Thpe port of WC_adminhost" />
    <attribute name="wcdhsecure" default="9443" description="Thpe port of WC_defaulthost_secure" />
    <attribute name="wcahsecure" default="9043" description="Thpe port of WC_adminhost_secure" />
    <attribute name="bootstrapaddress" default="2809" description="Thpe port of BOOTSTRAP_ADDRESS" />
    <attribute name="soapconnectoraddress" default="8880" description="Thpe port of SOAP_CONNECTOR_ADDRESS" />
    <attribute name="sasssauthlisteneraddress" default="9401" description="Thpe port of SAS_SSL_SERVERAUTH_LISTENER_ADDRESS" />
    <attribute name="csiv2ssauthlisteneraddress" default="9403" description="Thpe port of CSIV2_SSL_SERVERAUTH_LISTENER_ADDRESS" />
    <attribute name="csiv2smauthlisteneraddress" default="9402" description="Thpe port of CSIV2_SSL_MUTUALAUTH_LISTENER_ADDRESS" />
    <attribute name="orblisteneraddress" default="9100" description="Thpe port of ORB_LISTENER_ADDRESS" />
    <attribute name="dcsunicastaddress" default="9353" description="Thpe port of DCS_UNICAST_ADDRESS" />
    <attribute name="sibendpointaddress" default="7276" description="Thpe port of SIB_ENDPOINT_ADDRESS" />
    <attribute name="sibendpointsaddress" default="7286" description="Thpe port of SIB_ENDPOINT_SECURE_ADDRESS" />
    <attribute name="sibmqendpointaddress" default="5558" description="Thpe port of SIB_MQ_ENDPOINT_ADDRESS" />
    <attribute name="sibmqendpointsaddress" default="5578" description="Thpe port of SIB_MQ_ENDPOINT_SECURE_ADDRESS" />
    <attribute name="agent" description="ASC agent handle for remoting execution." />
    <sequential>
      <_asc_init agent="@{agent}" />

      <invokeRemoteAnt fileName="library/was_6/was_6.xml" target="_was_6:installWASV6" isPutFile="false" agent="@{agent}">
        <remoteAntProperty name="cell" value="@{cell}" />
        <remoteAntProperty name="node" value="@{node}" />
        <remoteAntProperty name="hostname" value="@{hostname}" />
        <remoteAntProperty name="washome" value="@{washome}" />
        <remoteAntProperty name="installerdir" value="@{installerdir}" />
        <remoteAntProperty name="wcdefaulthost" value="@{wcdefaulthost}" />
        <remoteAntProperty name="wcadminhost" value="@{wcadminhost}" />
        <remoteAntProperty name="wcdhsecure" value="@{wcdhsecure}" />
        <remoteAntProperty name="wcahsecure" value="@{wcahsecure}" />
        <remoteAntProperty name="bootstrapaddress" value="@{bootstrapaddress}" />
        <remoteAntProperty name="soapconnectoraddress" value="@{soapconnectoraddress}" />
        <remoteAntProperty name="sasssauthlisteneraddress" value="@{sasssauthlisteneraddress}" />
        <remoteAntProperty name="csiv2ssauthlisteneraddress" value="@{csiv2ssauthlisteneraddress}" />
        <remoteAntProperty name="csiv2smauthlisteneraddress" value="@{csiv2smauthlisteneraddress}" />
        <remoteAntProperty name="orblisteneraddress" value="@{orblisteneraddress}" />
        <remoteAntProperty name="dcsunicastaddress" value="@{dcsunicastaddress}" />
        <remoteAntProperty name="sibendpointaddress" value="@{sibendpointaddress}" />
        <remoteAntProperty name="sibendpointsaddress" value="@{sibendpointsaddress}" />
        <remoteAntProperty name="sibmqendpointaddress" value="@{sibmqendpointaddress}" />
        <remoteAntProperty name="sibmqendpointsaddress" value="@{sibmqendpointsaddress}" />
      </invokeRemoteAnt>
    </sequential>
  </macrodef>

  <target name="_was_6:installWASV6" >
    <was_6.local:installWASV6 cell="${cell}" node="${node}" hostname="${hostname}" washome="${washome}" installerdir="${installerdir}" wcdefaulthost="${wcdefaulthost}" wcadminhost="${wcadminhost}" wcdhsecure="${wcdhsecure}" wcahsecure="${wcahsecure}" bootstrapaddress="${bootstrapaddress}" soapconnectoraddress="${soapconnectoraddress}" sasssauthlisteneraddress="${sasssauthlisteneraddress}" csiv2ssauthlisteneraddress="${csiv2ssauthlisteneraddress}" csiv2smauthlisteneraddress="${csiv2smauthlisteneraddress}" orblisteneraddress="${orblisteneraddress}" dcsunicastaddress="${dcsunicastaddress}" sibendpointaddress="${sibendpointaddress}" sibendpointsaddress="${sibendpointsaddress}" sibmqendpointaddress="${sibmqendpointaddress}" sibmqendpointsaddress="${sibmqendpointsaddress}" >
    </was_6.local:installWASV6>
  </target>

  <!-- ===================================================================== -->
  <!-- Extended macro for remote invocation of was_6_common:setVarSub -->
  <!-- ===================================================================== -->
  <macrodef name="setVarSub" uri="was_6" description="Edit a variable in a WebSphere Application Server variable map. Create the variable if it doesn't exist or modify its value if it already does." >
    <attribute name="profilehome" description="Profile directory (e.g. C:/Progra~1/WebSphere/AppServer/profiles/profile_name)." />
    <attribute name="server" default="" description="WAS server name.  At least one of cell/node/server must be specified." />
    <attribute name="node" default="" description="WAS node name.  At least one of cell/node/server must be specified." />
    <attribute name="cell" default="" description="WAS cell name.  At least one of cell/node/server must be specified." />
    <attribute name="varname" description="the variable name to create or modify" />
    <attribute name="varvalue" description="the new value for the variable" />
    <attribute name="scope" default="Server" description="Specify on which scope to deploy WAS artifact" />
    <attribute name="agent" description="ASC agent handle for remoting execution." />
    <sequential>
      <was_6_common:setVarSub profilehome="@{profilehome}" server="@{server}" node="@{node}" cell="@{cell}" varname="@{varname}" varvalue="@{varvalue}" scope="@{scope}" agent="@{agent}"></was_6_common:setVarSub>
    </sequential>
  </macrodef>

  <!-- ===================================================================== -->
  <!-- Extended macro for remote invocation of was_6_common:setMessageListenerPort -->
  <!-- ===================================================================== -->
  <macrodef name="setMessageListenerPort" uri="was_6" description="Creates a new WebSphere Application Server message listener port.  Does nothing if a message listener pport of the given name already exists.  DOES NOT actually start the listener port as a restart is required to start the listener port." >
    <attribute name="profilehome" description="Profile directory (e.g. C:/Progra~1/WebSphere/AppServer/profiles/profile_name)." />
    <attribute name="server" description="WAS server name associated with the Listener Port." />
    <attribute name="node" description="WAS node name associated with the Listener Port." />
    <attribute name="cell" description="WAS cell name associated with the Listener Port." />
    <attribute name="lpname" description="the name of the message listener port" />
    <attribute name="destjndiname" description="the JNDI name for the destination to be used by the listener port" />
    <attribute name="qcfjndiname" description="the JNDI name for the JMS Connection factory to be used by the listener port" />
    <attribute name="maxretries" description="the maximum number of times the listener tries to deliver a message before the listener is stopped (must be in the range 0 through 2147483647)" />
    <attribute name="agent" description="ASC agent handle for remoting execution." />
    <sequential>
      <was_6_common:setMessageListenerPort profilehome="@{profilehome}" server="@{server}" node="@{node}" cell="@{cell}" lpname="@{lpname}" destjndiname="@{destjndiname}" qcfjndiname="@{qcfjndiname}" maxretries="@{maxretries}" agent="@{agent}"></was_6_common:setMessageListenerPort>
    </sequential>
  </macrodef>

  <!-- ===================================================================== -->
  <!-- Extended macro for remote invocation of was_6_common:setSharedLib -->
  <!-- ===================================================================== -->
  <macrodef name="setSharedLib" uri="was_6" description="Create or modify a WebSphere Application Server shared library associated with the specified cell/node/server." >
    <attribute name="profilehome" description="Profile directory (e.g. C:/Progra~1/WebSphere/AppServer/profiles/profile_name)." />
    <attribute name="name" description="Name of the shared library." />
    <attribute name="classpath" description="Classpath for the shared library." />
    <attribute name="server" default="" description="WAS server name.  At least one of cell/node/server must be specified." />
    <attribute name="node" default="" description="WAS node name.  At least one of cell/node/server must be specified." />
    <attribute name="cell" default="" description="WAS cell name.  At least one of cell/node/server must be specified." />
    <attribute name="scope" default="Server" description="Specify on which scope to deploy WAS artifact" />
    <attribute name="agent" description="ASC agent handle for remoting execution." />
    <sequential>
      <was_6_common:setSharedLib profilehome="@{profilehome}" name="@{name}" classpath="@{classpath}" server="@{server}" node="@{node}" cell="@{cell}" scope="@{scope}" agent="@{agent}"></was_6_common:setSharedLib>
    </sequential>
  </macrodef>

  <!-- ===================================================================== -->
  <!-- Extended macro for remote invocation of was_6_common:setMqQcfClient -->
  <!-- ===================================================================== -->
  <macrodef name="setMqQcfClient" uri="was_6" description="Create a new WebSphere Application Server MQ Queue Connection Factory using TCP/IP client connection. Do nothing if a MQ Queue Connection Factory with the given name already exists." >
    <attribute name="profilehome" description="Profile directory (e.g. C:/Progra~1/WebSphere/AppServer/profiles/profile_name)." />
    <attribute name="server" default="" description="WAS server name associated with the QCF.  At least one of cell/node/server must be specified." />
    <attribute name="node" default="" description="WAS node name associated with the QCF.  At least one of cell/node/server must be specified." />
    <attribute name="cell" default="" description="WAS cell name associated with the QCF.  At least one of cell/node/server must be specified." />
    <attribute name="qcfname" description="the name of the MQ Queue Connection Factory to create" />
    <attribute name="description" default="'MQ Queue Connection Factory'" description="a description of the MQ Queue Connection Factory. Defaults to 'MQ Queue Connection Factory'" />
    <attribute name="jndiname" description="the JNDI name of the MQ Queue Connection Factory" />
    <attribute name="qmname" description="the queue manager name" />
    <attribute name="authdataalias" default="" description="Optional alias of the authentication data entry for this MQ Queue Connection Factory.  Defaults to none." />
    <attribute name="host" description="the name of the host where the queue manager runs" />
    <attribute name="port" description="the port of the queue manager" />
    <attribute name="channel" description="the name of the channel used for connecting to the queue manager" />
    <attribute name="isxaenabled" default="true" description="whether the connection factory is for the XA coordination of messages. Defaults to true." />
    <attribute name="scope" default="Server" description="Specify on which scope to deploy WAS artifact" />
    <attribute name="agent" description="ASC agent handle for remoting execution." />
    <sequential>
      <was_6_common:setMqQcfClient profilehome="@{profilehome}" server="@{server}" node="@{node}" cell="@{cell}" qcfname="@{qcfname}" description="@{description}" jndiname="@{jndiname}" qmname="@{qmname}" authdataalias="@{authdataalias}" host="@{host}" port="@{port}" channel="@{channel}" isxaenabled="@{isxaenabled}" scope="@{scope}" agent="@{agent}"></was_6_common:setMqQcfClient>
    </sequential>
  </macrodef>

  <!-- ===================================================================== -->
  <!-- Extended macro for remote invocation of was_6_common:createDefaultMessagingConnectionFactory -->
  <!-- ===================================================================== -->
  <macrodef name="createDefaultMessagingConnectionFactory" uri="was_6" description="Creating default messaging queue destination" >
    <attribute name="profilehome" description="WAS Home (e.g. C:/Progra~1/WebSphere/AppServer/profiles/profile_name)." />
    <attribute name="connectionfactoryname" description="The name of the SIB JMS connection factory" />
    <attribute name="connectionfactoryjndiname" description="The JNDI name of the SIB JMS connection factory" />
    <attribute name="busname" default="" description="The name of the bus on which the topic resides" />
    <attribute name="connectionfactorytype" default="" description="The type of connection factory to create" />
    <attribute name="server" default="server1" description="WAS server name associated with the DB2 JDBC provider.  At least one of cell/node/server must be specified." />
    <attribute name="node" default="" description="WAS node name associated with the DB2 JDBC provider.  At least one of cell/node/server must be specified." />
    <attribute name="cell" default="" description="WAS cell name associated with the DB2 JDBC provider.  At least one of cell/node/server must be specified." />
    <attribute name="scope" default="" description="Specify on which scope to deploy WAS artifact" />
    <attribute name="agent" description="ASC agent handle for remoting execution." />
    <sequential>
      <was_6_common:createDefaultMessagingConnectionFactory profilehome="@{profilehome}" connectionfactoryname="@{connectionfactoryname}" connectionfactoryjndiname="@{connectionfactoryjndiname}" busname="@{busname}" connectionfactorytype="@{connectionfactorytype}" server="@{server}" node="@{node}" cell="@{cell}" scope="@{scope}" agent="@{agent}"></was_6_common:createDefaultMessagingConnectionFactory>
    </sequential>
  </macrodef>

  <!-- ===================================================================== -->
  <!-- Extended macro for remote invocation of was_6_common:createPortsFile -->
  <!-- ===================================================================== -->
  <macrodef name="createPortsFile" uri="was_6" description="Create the file that defines port settings for the new profile" >
    <attribute name="washome" description="Directory into which WAS is installed (e.g. C:/Progra~1/WebSphere/AppServer)." />
    <attribute name="wcdefaulthost" default="9080" description="Thpe port of WC_defaulthost" />
    <attribute name="wcadminhost" default="9060" description="Thpe port of WC_adminhost" />
    <attribute name="wcdhsecure" default="9443" description="Thpe port of WC_defaulthost_secure" />
    <attribute name="wcahsecure" default="9043" description="Thpe port of WC_adminhost_secure" />
    <attribute name="bootstrapaddress" default="2809" description="Thpe port of BOOTSTRAP_ADDRESS" />
    <attribute name="soapconnectoraddress" default="8880" description="Thpe port of SOAP_CONNECTOR_ADDRESS" />
    <attribute name="sasssauthlisteneraddress" default="9401" description="Thpe port of SAS_SSL_SERVERAUTH_LISTENER_ADDRESS" />
    <attribute name="csiv2ssauthlisteneraddress" default="9403" description="Thpe port of CSIV2_SSL_SERVERAUTH_LISTENER_ADDRESS" />
    <attribute name="csiv2smauthlisteneraddress" default="9402" description="Thpe port of CSIV2_SSL_MUTUALAUTH_LISTENER_ADDRESS" />
    <attribute name="orblisteneraddress" default="9100" description="Thpe port of ORB_LISTENER_ADDRESS" />
    <attribute name="dcsunicastaddress" default="9353" description="Thpe port of DCS_UNICAST_ADDRESS" />
    <attribute name="sibendpointaddress" default="7276" description="Thpe port of SIB_ENDPOINT_ADDRESS" />
    <attribute name="sibendpointsaddress" default="7286" description="Thpe port of SIB_ENDPOINT_SECURE_ADDRESS" />
    <attribute name="sibmqendpointaddress" default="5558" description="Thpe port of SIB_MQ_ENDPOINT_ADDRESS" />
    <attribute name="sibmqendpointsaddress" default="5578" description="Thpe port of SIB_MQ_ENDPOINT_SECURE_ADDRESS" />
    <attribute name="agent" description="ASC agent handle for remoting execution." />
    <sequential>
      <was_6_common:createPortsFile washome="@{washome}" wcdefaulthost="@{wcdefaulthost}" wcadminhost="@{wcadminhost}" wcdhsecure="@{wcdhsecure}" wcahsecure="@{wcahsecure}" bootstrapaddress="@{bootstrapaddress}" soapconnectoraddress="@{soapconnectoraddress}" sasssauthlisteneraddress="@{sasssauthlisteneraddress}" csiv2ssauthlisteneraddress="@{csiv2ssauthlisteneraddress}" csiv2smauthlisteneraddress="@{csiv2smauthlisteneraddress}" orblisteneraddress="@{orblisteneraddress}" dcsunicastaddress="@{dcsunicastaddress}" sibendpointaddress="@{sibendpointaddress}" sibendpointsaddress="@{sibendpointsaddress}" sibmqendpointaddress="@{sibmqendpointaddress}" sibmqendpointsaddress="@{sibmqendpointsaddress}" agent="@{agent}"></was_6_common:createPortsFile>
    </sequential>
  </macrodef>

  <!-- ===================================================================== -->
  <!-- Extended macro for remote invocation of was_6_common:setSchedulerConfig -->
  <!-- ===================================================================== -->
  <macrodef name="setSchedulerConfig" uri="was_6" description="Create a new scheduler configuration. Do nothing if a scheduler configuration of the given name already exists." >
    <attribute name="profilehome" description="Profile directory (e.g. C:/Progra~1/WebSphere/AppServer/profiles/profile_name)." />
    <attribute name="server" default="" description="WAS server name associated with the Scheduler.  At least one of cell/node/server must be specified." />
    <attribute name="node" default="" description="WAS node name associated with the Scheduler.  At least one of cell/node/server must be specified." />
    <attribute name="cell" default="" description="WAS cell name associated with the Scheduler.  At least one of cell/node/server must be specified." />
    <attribute name="name" description="the name of the scheduler configuration" />
    <attribute name="jndiname" description="JNDI name of this scheduler" />
    <attribute name="category" description="a string that can be used to classify or group this scheduler" />
    <attribute name="dsauthnalias" description="alias to a username and password to access the datasource" />
    <attribute name="dsjndiname" description="JNDI name of datasource where persistent tasks will be stored" />
    <attribute name="pollinterval" description="the interval at which the scheduler daemon polls the database (in seconds)" />
    <attribute name="tableprefix" description="a prefix string used in the database so that multiple schedulers can share the same database" />
    <attribute name="workmanager" description="the work manager that serves this scheduler" />
    <attribute name="agent" description="ASC agent handle for remoting execution." />
    <sequential>
      <was_6_common:setSchedulerConfig profilehome="@{profilehome}" server="@{server}" node="@{node}" cell="@{cell}" name="@{name}" jndiname="@{jndiname}" category="@{category}" dsauthnalias="@{dsauthnalias}" dsjndiname="@{dsjndiname}" pollinterval="@{pollinterval}" tableprefix="@{tableprefix}" workmanager="@{workmanager}" agent="@{agent}"></was_6_common:setSchedulerConfig>
    </sequential>
  </macrodef>

  <!-- ===================================================================== -->
  <!-- Extended macro for remote invocation of was_6_common:setResourceAdapter -->
  <!-- ===================================================================== -->
  <macrodef name="setResourceAdapter" uri="was_6" description="Install a J2C Resource Adapter." >
    <attribute name="profilehome" description="Profile directory (e.g. C:/Progra~1/WebSphere/AppServer/profiles/profile_name)." />
    <attribute name="rarfile" description="Archive (.rar) containing the resource adapter." />
    <attribute name="name" description="resource adaptor name " />
    <attribute name="node" default="node1" description="WAS node name.  (wsadmin interface only installs RARs to nodes.)" />
    <attribute name="cell" default="" description="the (WAS) cell" />
    <attribute name="server" default="" description="WAS server name.  At least one of cell/node/server must be specified." />
    <attribute name="scope" default="Node" description="Specify on which scope to deploy WAS artifact" />
    <attribute name="agent" description="ASC agent handle for remoting execution." />
    <sequential>
      <was_6_common:setResourceAdapter profilehome="@{profilehome}" rarfile="@{rarfile}" name="@{name}" node="@{node}" cell="@{cell}" server="@{server}" scope="@{scope}" agent="@{agent}"></was_6_common:setResourceAdapter>
    </sequential>
  </macrodef>

  <!-- ===================================================================== -->
  <!-- Extended macro for remote invocation of was_6_common:install_CEI -->
  <!-- ===================================================================== -->
  <macrodef name="install_CEI" uri="was_6" >
    <attribute name="profilehome" description="Profile directory (e.g. C:/Progra~1/WebSphere/AppServer/profiles/profile_name)." />
    <attribute name="jdbcclasspath" />
    <attribute name="dbuser" />
    <attribute name="dbpassword" />
    <attribute name="node" />
    <attribute name="server" />
    <attribute name="dbnodename" default="" />
    <attribute name="agent" description="ASC agent handle for remoting execution." />
    <sequential>
      <was_6_common:install_CEI profilehome="@{profilehome}" jdbcclasspath="@{jdbcclasspath}" dbuser="@{dbuser}" dbpassword="@{dbpassword}" node="@{node}" server="@{server}" dbnodename="@{dbnodename}" agent="@{agent}"></was_6_common:install_CEI>
    </sequential>
  </macrodef>

  <!-- ===================================================================== -->
  <!-- Extended macro for remote invocation of was_6_common:setEventGroupProfile -->
  <!-- ===================================================================== -->
  <macrodef name="setEventGroupProfile" uri="was_6" description="Creates a new WebSphere Application Server event group profile in the given event group profile list. Event group profiles are part of the Common Event Infrastructure. Does not currently check to see if the event group profile already exists." >
    <attribute name="profilehome" description="Profile directory (e.g. C:/Progra~1/WebSphere/AppServer/profiles/profile_name)." />
    <attribute name="server" default="" description="WAS server name associated with the CEI Provider.  At least one of cell/node/server must be specified." />
    <attribute name="node" default="" description="WAS node name associated with the CEI Provider.  At least one of cell/node/server must be specified." />
    <attribute name="cell" default="" description="WAS cell name associated with the CEI Provider.  At least one of cell/node/server must be specified." />
    <attribute name="listname" description="the name of the event group profile list to create this profile in" />
    <attribute name="groupname" description="the name of the event group profile" />
    <attribute name="eventselectorstring" description="describes the events you want to include in the event group" />
    <attribute name="agent" description="ASC agent handle for remoting execution." />
    <sequential>
      <was_6_common:setEventGroupProfile profilehome="@{profilehome}" server="@{server}" node="@{node}" cell="@{cell}" listname="@{listname}" groupname="@{groupname}" eventselectorstring="@{eventselectorstring}" agent="@{agent}"></was_6_common:setEventGroupProfile>
    </sequential>
  </macrodef>

  <!-- ===================================================================== -->
  <!-- Extended macro for remote invocation of was_6_common:runWsadmin -->
  <!-- ===================================================================== -->
  <macrodef name="runWsadmin" uri="was_6" description="Run WebSphere Application Server's wsadmin scripting client." >
    <attribute name="profilehome" description="Profile directory (e.g. C:/Progra~1/WebSphere/AppServer/profiles/profile_name)." />
    <attribute name="jaclfile" description="the filename of the script to execute" />
    <attribute name="dir" default="." description="the directory in which to execute wsadmin. Defaults to the current directory." />
    <attribute name="agent" description="ASC agent handle for remoting execution." />
    <element name="args" optional="true" implicit="true" description="Contains nested arg elements for wsadmin." />
    <sequential>
      <was_6_common:runWsadmin profilehome="@{profilehome}" jaclfile="@{jaclfile}" dir="@{dir}" agent="@{agent}"><args/></was_6_common:runWsadmin>
    </sequential>
  </macrodef>

  <!-- ===================================================================== -->
  <!-- Extended macro for remote invocation of was_6_common:setLibraryRef -->
  <!-- ===================================================================== -->
  <macrodef name="setLibraryRef" uri="was_6" description="Configure WebSphere Application Server library references.  Add the library to all existing classloaders or create a new classloader if none exist." >
    <attribute name="profilehome" description="Profile directory (e.g. C:/Progra~1/WebSphere/AppServer/profiles/profile_name)." />
    <attribute name="libname" description="Name of the shared library to add to the classloaders." />
    <attribute name="server" default="" description="WAS server name.  At least one of cell/node/server must be specified." />
    <attribute name="node" default="" description="WAS node name.  At least one of cell/node/server must be specified." />
    <attribute name="cell" default="" description="WAS cell name.  At least one of cell/node/server must be specified." />
    <attribute name="scope" default="Server" description="Specify on which scope to deploy WAS artifact" />
    <attribute name="agent" description="ASC agent handle for remoting execution." />
    <sequential>
      <was_6_common:setLibraryRef profilehome="@{profilehome}" libname="@{libname}" server="@{server}" node="@{node}" cell="@{cell}" scope="@{scope}" agent="@{agent}"></was_6_common:setLibraryRef>
    </sequential>
  </macrodef>

  <!-- ===================================================================== -->
  <!-- Extended macro for remote invocation of was_6_common:createSchedulerDatabaseDB2 -->
  <!-- ===================================================================== -->
  <macrodef name="createSchedulerDatabaseDB2" uri="was_6" >
    <attribute name="profilehome" />
    <attribute name="wasdbinst" />
    <attribute name="wasdbnode" />
    <attribute name="wasagent" />
    <attribute name="tokenlocation" />
    <attribute name="tokenschedtablespace" />
    <attribute name="tokentableprefix" />
    <attribute name="dbname" />
    <attribute name="db2ddldir" />
    <attribute name="db2dbinst" />
    <attribute name="db2dbinstpassword" />
    <attribute name="db2agent" />
    <sequential>
      <was_6_common:createSchedulerDatabaseDB2 profilehome="@{profilehome}" wasdbinst="@{wasdbinst}" wasdbnode="@{wasdbnode}" wasagent="@{wasagent}" tokenlocation="@{tokenlocation}" tokenschedtablespace="@{tokenschedtablespace}" tokentableprefix="@{tokentableprefix}" dbname="@{dbname}" db2ddldir="@{db2ddldir}" db2dbinst="@{db2dbinst}" db2dbinstpassword="@{db2dbinstpassword}" db2agent="@{db2agent}"></was_6_common:createSchedulerDatabaseDB2>
    </sequential>
  </macrodef>

  <!-- ===================================================================== -->
  <!-- Extended macro for remote invocation of was_6_common:installJAR -->
  <!-- ===================================================================== -->
  <macrodef name="installJAR" uri="was_6" description="Install a Ejb Application into WebSphere Application Server." >
    <attribute name="profilehome" description="Profile directory (e.g. C:/Progra~1/WebSphere/AppServer/profiles/profile_name)." />
    <attribute name="jarfile" description="Archive (.jar) containing the Ejb application to install." />
    <attribute name="appname" description="Name for the application." />
    <attribute name="server" default="" description="WAS server name.  At least one of cell/node/server must be specified." />
    <attribute name="node" default="" description="WAS node name.  At least one of cell/node/server must be specified." />
    <attribute name="cell" default="" description="WAS cell name.  At least one of cell/node/server must be specified." />
    <attribute name="agent" description="ASC agent handle for remoting execution." />
    <sequential>
      <was_6_common:installJAR profilehome="@{profilehome}" jarfile="@{jarfile}" appname="@{appname}" server="@{server}" node="@{node}" cell="@{cell}" agent="@{agent}"></was_6_common:installJAR>
    </sequential>
  </macrodef>

  <!-- ===================================================================== -->
  <!-- Extended macro for remote invocation of was_6_common:createSIBus -->
  <!-- ===================================================================== -->
  <macrodef name="createSIBus" uri="was_6" description="Create a SIBus on WAS6." >
    <attribute name="profilehome" description="WAS Home (e.g. C:/Progra~1/WebSphere/AppServer/profiles/profile_name)." />
    <attribute name="busname" description="bus name" />
    <attribute name="agent" description="ASC agent handle for remoting execution." />
    <sequential>
      <was_6_common:createSIBus profilehome="@{profilehome}" busname="@{busname}" agent="@{agent}"></was_6_common:createSIBus>
    </sequential>
  </macrodef>

  <!-- ===================================================================== -->
  <!-- Extended macro for remote invocation of was_6_common:setDataSourceCustomProperties -->
  <!-- ===================================================================== -->
  <macrodef name="setDataSourceCustomProperties" uri="was_6" description="Configure the properties of a WebSphere Application Server datasource.  Modify the value of a property if it exists, or create the property if it doesn't." >
    <attribute name="profilehome" description="Profile directory (e.g. C:/Progra~1/WebSphere/AppServer/profiles/profile_name)." />
    <attribute name="server" default="" description="WAS server name associated with the data source.  At least one of cell/node/server must be specified." />
    <attribute name="node" default="" description="WAS node name associated with the data source.  At least one of cell/node/server must be specified." />
    <attribute name="cell" default="" description="WAS cell name associated with the data source.  At least one of cell/node/server must be specified." />
    <attribute name="providername" description="Name of the associated JDBC provider." />
    <attribute name="dsname" description="Name of the datasource." />
    <attribute name="propertyname" description="the name of the property to set" />
    <attribute name="propertyvalue" description="the new value of the property" />
    <attribute name="agent" description="ASC agent handle for remoting execution." />
    <sequential>
      <was_6_common:setDataSourceCustomProperties profilehome="@{profilehome}" server="@{server}" node="@{node}" cell="@{cell}" providername="@{providername}" dsname="@{dsname}" propertyname="@{propertyname}" propertyvalue="@{propertyvalue}" agent="@{agent}"></was_6_common:setDataSourceCustomProperties>
    </sequential>
  </macrodef>

  <!-- ===================================================================== -->
  <!-- Extended macro for remote invocation of was_6_common:installFix -->
  <!-- ===================================================================== -->
  <macrodef name="installFix" uri="was_6" description="Install a WAS fix." >
    <attribute name="washome" description="Directory where WAS 5.1 was already installed." />
    <attribute name="fixfile" description="Archive (.jar) containing the fix." />
    <attribute name="fixid" description="Fix ID.  Required for WAS' update installer." />
    <attribute name="agent" description="ASC agent handle for remoting execution." />
    <sequential>
      <was_6_common:installFix washome="@{washome}" fixfile="@{fixfile}" fixid="@{fixid}" agent="@{agent}"></was_6_common:installFix>
    </sequential>
  </macrodef>

  <!-- ===================================================================== -->
  <!-- Extended macro for remote invocation of was_6_common:setDB2JdbcProvider -->
  <!-- ===================================================================== -->
  <macrodef name="setDB2JdbcProvider" uri="was_6" description="Configure a WebSphere Application Server DB2 JDBC provider. Create the DB2 JDBC provider if it doesn't exist.  If it does exist, no modifications are made." >
    <attribute name="profilehome" description="Profile directory (e.g. C:/Progra~1/WebSphere/AppServer/profiles/profile_name)." />
    <attribute name="providername" description="Name for this DB2 JDBC provider entry." />
    <attribute name="providertype" description="the name of the provider type to use when creating the JDBC provider" />
    <attribute name="server" default="" description="WAS server name.  At least one of cell/node/server must be specified." />
    <attribute name="node" default="" description="WAS node name.  At least one of cell/node/server must be specified." />
    <attribute name="cell" default="" description="WAS cell name.  At least one of cell/node/server must be specified." />
    <attribute name="scope" default="Node" description="Specify on which scope to deploy WAS artifact" />
    <attribute name="description" default="" description="Description of the DB2 JDBC provider" />
    <attribute name="implementationtype" description="the name of the implementation type to use when creating the JDBC provider" />
    <attribute name="agent" description="ASC agent handle for remoting execution." />
    <sequential>
      <was_6_common:setDB2JdbcProvider profilehome="@{profilehome}" providername="@{providername}" providertype="@{providertype}" server="@{server}" node="@{node}" cell="@{cell}" scope="@{scope}" description="@{description}" implementationtype="@{implementationtype}" agent="@{agent}"></was_6_common:setDB2JdbcProvider>
    </sequential>
  </macrodef>

  <!-- ===================================================================== -->
  <!-- Extended macro for remote invocation of was_6_common:startAppServer -->
  <!-- ===================================================================== -->
  <macrodef name="startAppServer" uri="was_6" description="Start a WebSphere Application Server server." >
    <attribute name="profilehome" description="Profile directory (e.g. C:/Progra~1/WebSphere/AppServer/profiles/profile_name)." />
    <attribute name="server" description="Name of the WAS server." />
    <attribute name="failonerror" default="true" description="Controls response to errors.  Example:  Set false if the server might already be started." />
    <attribute name="agent" description="ASC agent handle for remoting execution." />
    <sequential>
      <was_6_common:startAppServer profilehome="@{profilehome}" server="@{server}" failonerror="@{failonerror}" agent="@{agent}"></was_6_common:startAppServer>
    </sequential>
  </macrodef>

  <!-- ===================================================================== -->
  <!-- Extended macro for remote invocation of was_6_common:createDefaultMessagingTopicDestination -->
  <!-- ===================================================================== -->
  <macrodef name="createDefaultMessagingTopicDestination" uri="was_6" description="Creating default messaging queue destination" >
    <attribute name="profilehome" description="WAS Home (e.g. C:/Progra~1/WebSphere/AppServer/profiles/profile_name)." />
    <attribute name="topicname" description="The name of the SIB JMS topic " />
    <attribute name="topicjndiname" description="The JNDI name of the SIB JMS topic" />
    <attribute name="busname" default="" description="The name of the bus on which the topic resides" />
    <attribute name="topicspacename" default="" description="The name of the underlying SIB topic space to which the topic points. " />
    <attribute name="server" default="server1" description="WAS server name associated with the DB2 JDBC provider.  At least one of cell/node/server must be specified." />
    <attribute name="node" default="" description="WAS node name associated with the DB2 JDBC provider.  At least one of cell/node/server must be specified." />
    <attribute name="cell" default="" description="WAS cell name associated with the DB2 JDBC provider.  At least one of cell/node/server must be specified." />
    <attribute name="scope" default="" description="Specify on which scope to deploy WAS artifact" />
    <attribute name="agent" description="ASC agent handle for remoting execution." />
    <sequential>
      <was_6_common:createDefaultMessagingTopicDestination profilehome="@{profilehome}" topicname="@{topicname}" topicjndiname="@{topicjndiname}" busname="@{busname}" topicspacename="@{topicspacename}" server="@{server}" node="@{node}" cell="@{cell}" scope="@{scope}" agent="@{agent}"></was_6_common:createDefaultMessagingTopicDestination>
    </sequential>
  </macrodef>

  <!-- ===================================================================== -->
  <!-- Extended macro for remote invocation of was_6_common:deletePortsFile -->
  <!-- ===================================================================== -->
  <macrodef name="deletePortsFile" uri="was_6" description="Delete the file that defines port settings for the new profile" >
    <attribute name="washome" description="Directory into which WAS is installed (e.g. C:/Progra~1/WebSphere/AppServer)." />
    <attribute name="agent" description="ASC agent handle for remoting execution." />
    <sequential>
      <was_6_common:deletePortsFile washome="@{washome}" agent="@{agent}"></was_6_common:deletePortsFile>
    </sequential>
  </macrodef>

  <!-- ===================================================================== -->
  <!-- Extended macro for remote invocation of was_6_common:setJdbcProvider -->
  <!-- ===================================================================== -->
  <macrodef name="setJdbcProvider" uri="was_6" description="Configure a WebSphere Application Server JDBC provider. Create the JDBC provider if it doesn't exist.  If it does exist, no modifications are made." >
    <attribute name="profilehome" description="Profile directory (e.g. C:/Progra~1/WebSphere/AppServer/profiles/profile_name)." />
    <attribute name="providername" description="Name for this JDBC provider entry." />
    <attribute name="providertemplatename" description="the name of the template to use when creating the JDBC provider" />
    <attribute name="server" default="" description="WAS server name.  At least one of cell/node/server must be specified." />
    <attribute name="node" default="" description="WAS node name.  At least one of cell/node/server must be specified." />
    <attribute name="cell" default="" description="WAS cell name.  At least one of cell/node/server must be specified." />
    <attribute name="scope" default="Server" description="Specify on which scope to deploy WAS artifact" />
    <attribute name="agent" description="ASC agent handle for remoting execution." />
    <sequential>
      <was_6_common:setJdbcProvider profilehome="@{profilehome}" providername="@{providername}" providertemplatename="@{providertemplatename}" server="@{server}" node="@{node}" cell="@{cell}" scope="@{scope}" agent="@{agent}"></was_6_common:setJdbcProvider>
    </sequential>
  </macrodef>

  <!-- ===================================================================== -->
  <!-- Extended macro for remote invocation of was_6_common:configureBpelContainer -->
  <!-- ===================================================================== -->
  <macrodef name="configureBpelContainer" uri="was_6" description="Configures the Business Process Choreography container with local or remote DB2.  Pre-req:  Queue manager already created.  Does not enable global security." >
    <attribute name="washome" description="WAS install directory (e.g. C:/Progra~1/WebSphere/AppServer)" />
    <attribute name="wasnode" description="Name of WAS node that contains the server to be configured with BPC" />
    <attribute name="wasserver" description="Name of WAS server to be configured with BPC" />
    <attribute name="wasdb2home" description="DB2 install directory on WAS host; can be different from db2Home for remote DB2" />
    <attribute name="mqhome" description="MQ install directory on WAS host" />
    <attribute name="wasmqadmin" description="(Linux only) User with MQ admin permissions" />
    <attribute name="wasqmgr" description="Already-defined Queue Manager on WAS host" />
    <attribute name="wasdbnode" default="" description="(Remote only) Local name for the cataloged remote node" />
    <attribute name="wasdbinst" default="" description="(Remote only) User with owner permissions for DB2 on WAS host" />
    <attribute name="wasagent" description="ASC agent handle for the WAS agent" />
    <attribute name="pcadminuser" description="User to have admin permissions for the Process Choreography container" />
    <attribute name="pcjmsrunasuser" description="Owner of the JMS process" />
    <attribute name="pcjmsrunaspwd" description="Password for pcJmsRunAsUser" />
    <attribute name="tokenlocation" description="Location where the container tablespaces are stored (e.g. mySolution)" />
    <attribute name="db2home" description="DB2 install directory on DB2 host; same as wasDb2Home for single-server configuration." />
    <attribute name="dbserver" description="Fully-qualified host name of the database server machine." />
    <attribute name="db2dbinst" description="Owner of the database instance" />
    <attribute name="db2dbinstpasswd" description="Password for db2DbInst" />
    <attribute name="db2ddldir" description="Directory on DB2 host into which the DDL files are copied" />
    <attribute name="db2agent" description="ASC agent handle for the DB2 agent" />
    <sequential>
      <was_6_common:configureBpelContainer washome="@{washome}" wasnode="@{wasnode}" wasserver="@{wasserver}" wasdb2home="@{wasdb2home}" mqhome="@{mqhome}" wasmqadmin="@{wasmqadmin}" wasqmgr="@{wasqmgr}" wasdbnode="@{wasdbnode}" wasdbinst="@{wasdbinst}" wasagent="@{wasagent}" pcadminuser="@{pcadminuser}" pcjmsrunasuser="@{pcjmsrunasuser}" pcjmsrunaspwd="@{pcjmsrunaspwd}" tokenlocation="@{tokenlocation}" db2home="@{db2home}" dbserver="@{dbserver}" db2dbinst="@{db2dbinst}" db2dbinstpasswd="@{db2dbinstpasswd}" db2ddldir="@{db2ddldir}" db2agent="@{db2agent}"></was_6_common:configureBpelContainer>
    </sequential>
  </macrodef>

  <!-- ===================================================================== -->
  <!-- Extended macro for remote invocation of was_6_common:setInboundService -->
  <!-- ===================================================================== -->
  <macrodef name="setInboundService" uri="was_6" description="Creating inBound service" >
    <attribute name="profilehome" description="WAS Home (e.g. C:/Progra~1/WebSphere/AppServer/profiles/profile_name)." />
    <attribute name="busname" description="bus name" />
    <attribute name="inboundservname" description="inBound servName" />
    <attribute name="inboundservdestname" description="inBound service destination name" />
    <attribute name="inboundservurl" description="inBound servURL" />
    <attribute name="inboundwsdlservname" description="inBound WSDL ServName" />
    <attribute name="inboundwsdlservnamespace" description="inBound WSDL ServiceNamespace" />
    <attribute name="agent" description="ASC agent handle for remoting execution." />
    <sequential>
      <was_6_common:setInboundService profilehome="@{profilehome}" busname="@{busname}" inboundservname="@{inboundservname}" inboundservdestname="@{inboundservdestname}" inboundservurl="@{inboundservurl}" inboundwsdlservname="@{inboundwsdlservname}" inboundwsdlservnamespace="@{inboundwsdlservnamespace}" agent="@{agent}"></was_6_common:setInboundService>
    </sequential>
  </macrodef>

  <!-- ===================================================================== -->
  <!-- Extended macro for remote invocation of was_6_common:WASProfile -->
  <!-- ===================================================================== -->
  <macrodef name="WASProfile" uri="was_6" description="Create the run-time environment for a WebSphere Application Server process in a set of files called a profile" >
    <attribute name="washome" description="Directory into which WAS is installed (e.g. C:/Progra~1/WebSphere/AppServer)." />
    <attribute name="profilename" description="Specifies the name of the profile. Use a unique value when creating a profile." />
    <attribute name="profilehome" description="Specifies the fully qualified path to the profile." />
    <attribute name="nodename" description="Specifies the node name for the node that is created with the new profile. Use a unique value or on the machine." />
    <attribute name="hostname" description="Specifies the host name where you are creating the profile. This should match the host name that you specified during installation of the initial product." />
    <attribute name="servername" default="server1" description="Specifies the name of the application server." />
    <attribute name="cellname" description="Specifies the cell name of the profile. Use a unique cell name for each profile." />
    <attribute name="agent" description="ASC agent handle for remoting execution." />
    <sequential>
      <was_6_common:WASProfile washome="@{washome}" profilename="@{profilename}" profilehome="@{profilehome}" nodename="@{nodename}" hostname="@{hostname}" servername="@{servername}" cellname="@{cellname}" agent="@{agent}"></was_6_common:WASProfile>
    </sequential>
  </macrodef>

  <!-- ===================================================================== -->
  <!-- Extended macro for remote invocation of was_6_common:setDataSource -->
  <!-- ===================================================================== -->
  <macrodef name="setDataSource" uri="was_6" description="Create a new WebSphere Application Server datasource for a given JDBC provider.  Do nothing is a data source already exists with the specified JNDI name." >
    <attribute name="profilehome" description="Profile directory (e.g. C:/Progra~1/WebSphere/AppServer/profiles/profile_name)." />
    <attribute name="server" default="" description="WAS server name associated with the JDBC provider.  At least one of cell/node/server must be specified." />
    <attribute name="node" default="" description="WAS node name associated with the JDBC provider.  At least one of cell/node/server must be specified." />
    <attribute name="cell" default="" description="WAS cell name associated with the JDBC provider.  At least one of cell/node/server must be specified." />
    <attribute name="providername" description="Name of the associated JDBC provider." />
    <attribute name="providertemplatename" description="the name of the template to use to create the datasource" />
    <attribute name="name" description="Name of the datasource." />
    <attribute name="jndiname" description="the JNDI name of the datasource" />
    <attribute name="authdataalias" default="" description="Optional alias of the authentication data entry for the datasource.  Defaults to none." />
    <attribute name="databasename" description="database name" />
    <attribute name="scope" default="Server" description="Specify on which scope to deploy WAS artifact" />
    <attribute name="agent" description="ASC agent handle for remoting execution." />
    <sequential>
      <was_6_common:setDataSource profilehome="@{profilehome}" server="@{server}" node="@{node}" cell="@{cell}" providername="@{providername}" providertemplatename="@{providertemplatename}" name="@{name}" jndiname="@{jndiname}" authdataalias="@{authdataalias}" databasename="@{databasename}" scope="@{scope}" agent="@{agent}"></was_6_common:setDataSource>
    </sequential>
  </macrodef>

  <!-- ===================================================================== -->
  <!-- Extended macro for remote invocation of was_6_common:setEndpointListener -->
  <!-- ===================================================================== -->
  <macrodef name="setEndpointListener" uri="was_6" description="Set an endpoint listener" >
    <attribute name="profilehome" description="WAS Home (e.g. C:/Progra~1/WebSphere/AppServer/profiles/profile_name)." />
    <attribute name="name" description="endpoint listener name" />
    <attribute name="urlroot" description="endpoint listener urlRoot" />
    <attribute name="wsdlurlroot" description="endpoint listener wsdlUrlRoot" />
    <attribute name="node" default="" description="WAS node name. When add an appserver to bus, at least one of cell/node/server must be specified." />
    <attribute name="server" default="" description="WAS server name. When add an appserver to bus, at least one of cell/node/server must be specified." />
    <attribute name="cell" default="" description="WAS cell name. When add an appserver to bus, at least one of cell/node/server must be specified." />
    <attribute name="scope" default="Server" description="Specify on which scope to deploy WAS artifact" />
    <attribute name="agent" description="ASC agent handle for remoting execution." />
    <sequential>
      <was_6_common:setEndpointListener profilehome="@{profilehome}" name="@{name}" urlroot="@{urlroot}" wsdlurlroot="@{wsdlurlroot}" node="@{node}" server="@{server}" cell="@{cell}" scope="@{scope}" agent="@{agent}"></was_6_common:setEndpointListener>
    </sequential>
  </macrodef>

  <!-- ===================================================================== -->
  <!-- Extended macro for remote invocation of was_6_common:unconfigureBpelContainer -->
  <!-- ===================================================================== -->
  <macrodef name="unconfigureBpelContainer" uri="was_6" description="Unconfigure the Business Process container." >
    <attribute name="profilehome" description="Profile directory (e.g. C:/Progra~1/WebSphere/AppServer/profiles/profile_name)." />
    <attribute name="node" description="Node containing the server running the Business Process container." />
    <attribute name="server" description="Server hosting the Business Process container." />
    <attribute name="agent" description="ASC agent handle for remoting execution." />
    <sequential>
      <was_6_common:unconfigureBpelContainer profilehome="@{profilehome}" node="@{node}" server="@{server}" agent="@{agent}"></was_6_common:unconfigureBpelContainer>
    </sequential>
  </macrodef>

  <!-- ===================================================================== -->
  <!-- Extended macro for remote invocation of was_6_common:createProfile -->
  <!-- ===================================================================== -->
  <macrodef name="createProfile" uri="was_6" description="Create the run-time environment for a WebSphere Application Server process in a set of files called a profile" >
    <attribute name="washome" description="Directory into which WAS is installed (e.g. C:/Progra~1/WebSphere/AppServer)." />
    <attribute name="profilename" description="Specifies the name of the profile. Use a unique value when creating a profile." />
    <attribute name="profilehome" description="Specifies the fully qualified path to the profile." />
    <attribute name="nodename" description="Specifies the node name for the node that is created with the new profile. Use a unique value or on the machine." />
    <attribute name="hostname" description="Specifies the host name where you are creating the profile. This should match the host name that you specified during installation of the initial product." />
    <attribute name="servername" default="server1" description="Specifies the name of the application server." />
    <attribute name="cellname" description="Specifies the cell name of the profile. Use a unique cell name for each profile." />
    <attribute name="wcdefaulthost" default="9080" description="Thpe port of WC_defaulthost" />
    <attribute name="wcadminhost" default="9060" description="Thpe port of WC_adminhost" />
    <attribute name="wcdhsecure" default="9443" description="Thpe port of WC_defaulthost_secure" />
    <attribute name="wcahsecure" default="9043" description="Thpe port of WC_adminhost_secure" />
    <attribute name="bootstrapaddress" default="2809" description="Thpe port of BOOTSTRAP_ADDRESS" />
    <attribute name="soapconnectoraddress" default="8880" description="Thpe port of SOAP_CONNECTOR_ADDRESS" />
    <attribute name="sasssauthlisteneraddress" default="9401" description="Thpe port of SAS_SSL_SERVERAUTH_LISTENER_ADDRESS" />
    <attribute name="csiv2ssauthlisteneraddress" default="9403" description="Thpe port of CSIV2_SSL_SERVERAUTH_LISTENER_ADDRESS" />
    <attribute name="csiv2smauthlisteneraddress" default="9402" description="Thpe port of CSIV2_SSL_MUTUALAUTH_LISTENER_ADDRESS" />
    <attribute name="orblisteneraddress" default="9100" description="Thpe port of ORB_LISTENER_ADDRESS" />
    <attribute name="dcsunicastaddress" default="9353" description="Thpe port of DCS_UNICAST_ADDRESS" />
    <attribute name="sibendpointaddress" default="7276" description="Thpe port of SIB_ENDPOINT_ADDRESS" />
    <attribute name="sibendpointsaddress" default="7286" description="Thpe port of SIB_ENDPOINT_SECURE_ADDRESS" />
    <attribute name="sibmqendpointaddress" default="5558" description="Thpe port of SIB_MQ_ENDPOINT_ADDRESS" />
    <attribute name="sibmqendpointsaddress" default="5578" description="Thpe port of SIB_MQ_ENDPOINT_SECURE_ADDRESS" />
    <attribute name="agent" description="ASC agent handle for remoting execution." />
    <sequential>
      <was_6_common:createProfile washome="@{washome}" profilename="@{profilename}" profilehome="@{profilehome}" nodename="@{nodename}" hostname="@{hostname}" servername="@{servername}" cellname="@{cellname}" wcdefaulthost="@{wcdefaulthost}" wcadminhost="@{wcadminhost}" wcdhsecure="@{wcdhsecure}" wcahsecure="@{wcahsecure}" bootstrapaddress="@{bootstrapaddress}" soapconnectoraddress="@{soapconnectoraddress}" sasssauthlisteneraddress="@{sasssauthlisteneraddress}" csiv2ssauthlisteneraddress="@{csiv2ssauthlisteneraddress}" csiv2smauthlisteneraddress="@{csiv2smauthlisteneraddress}" orblisteneraddress="@{orblisteneraddress}" dcsunicastaddress="@{dcsunicastaddress}" sibendpointaddress="@{sibendpointaddress}" sibendpointsaddress="@{sibendpointsaddress}" sibmqendpointaddress="@{sibmqendpointaddress}" sibmqendpointsaddress="@{sibmqendpointsaddress}" agent="@{agent}"></was_6_common:createProfile>
    </sequential>
  </macrodef>

  <!-- ===================================================================== -->
  <!-- Extended macro for remote invocation of was_6_common:genPlugin -->
  <!-- ===================================================================== -->
  <macrodef name="genPlugin" uri="was_6" description="Update the WebSphere Application Server Web server plug-in configuration file." >
    <attribute name="profilehome" description="Profile directory (e.g. C:/Progra~1/WebSphere/AppServer/profiles/profile_name)." />
    <attribute name="destinationroot" default="" description="Sets root directory for filesystem references (e.g. log is placed in {destinationRoot}/logs/http_plugin.log).  Defaults to the WAS install directory." />
    <attribute name="agent" description="ASC agent handle for remoting execution." />
    <sequential>
      <was_6_common:genPlugin profilehome="@{profilehome}" destinationroot="@{destinationroot}" agent="@{agent}"></was_6_common:genPlugin>
    </sequential>
  </macrodef>

  <!-- ===================================================================== -->
  <!-- Extended macro for remote invocation of was_6_common:createDefaultMessagingActivationSpecification -->
  <!-- ===================================================================== -->
  <macrodef name="createDefaultMessagingActivationSpecification" uri="was_6" description="Creating default messaging queue destination" >
    <attribute name="profilehome" description="WAS Home (e.g. C:/Progra~1/WebSphere/AppServer/profiles/profile_name)." />
    <attribute name="activationspecificationname" description="The name of the activation specification that you want to create" />
    <attribute name="activationspecificationjndiname" description="The Java Naming and Directory Interface (JNDI) of the activation specification" />
    <attribute name="busname" default="" description="the name of bus on which the associated queue exists" />
    <attribute name="destinationjndiname" default="" description="JNDI Name of destination" />
    <attribute name="destinationtype" default="" description="Indicates if the message-driven bean uses a queue or topic destination" />
    <attribute name="server" default="server1" description="WAS server name associated with the DB2 JDBC provider.  At least one of cell/node/server must be specified." />
    <attribute name="node" default="" description="WAS node name associated with the DB2 JDBC provider.  At least one of cell/node/server must be specified." />
    <attribute name="cell" default="" description="WAS cell name associated with the DB2 JDBC provider.  At least one of cell/node/server must be specified." />
    <attribute name="scope" default="" description="Specify on which scope to deploy WAS artifact" />
    <attribute name="agent" description="ASC agent handle for remoting execution." />
    <sequential>
      <was_6_common:createDefaultMessagingActivationSpecification profilehome="@{profilehome}" activationspecificationname="@{activationspecificationname}" activationspecificationjndiname="@{activationspecificationjndiname}" busname="@{busname}" destinationjndiname="@{destinationjndiname}" destinationtype="@{destinationtype}" server="@{server}" node="@{node}" cell="@{cell}" scope="@{scope}" agent="@{agent}"></was_6_common:createDefaultMessagingActivationSpecification>
    </sequential>
  </macrodef>

  <!-- ===================================================================== -->
  <!-- Extended macro for remote invocation of was_6_common:startApp -->
  <!-- ===================================================================== -->
  <macrodef name="startApp" uri="was_6" description="Start an application running on WebSphere Application Server." >
    <attribute name="profilehome" description="Profile directory (e.g. C:/Progra~1/WebSphere/AppServer/profiles/profile_name)." />
    <attribute name="server" description="the (WAS) server where the application is installed" />
    <attribute name="node" description="the (WAS) node" />
    <attribute name="cell" description="the (WAS) cell" />
    <attribute name="appname" description="the name of the application to start" />
    <attribute name="scope" default="Server" description="Specify on which scope to deploy WAS artifact" />
    <attribute name="agent" description="ASC agent handle for remoting execution." />
    <sequential>
      <was_6_common:startApp profilehome="@{profilehome}" server="@{server}" node="@{node}" cell="@{cell}" appname="@{appname}" scope="@{scope}" agent="@{agent}"></was_6_common:startApp>
    </sequential>
  </macrodef>

  <!-- ===================================================================== -->
  <!-- Extended macro for remote invocation of was_6_common:setMqQcfBindings -->
  <!-- ===================================================================== -->
  <macrodef name="setMqQcfBindings" uri="was_6" description="Create a new WebSphere Application Server MQ Queue Connection Factory using 'bindings' transport type.  Do nothing if a MQ Queue Connection Factory with the given name already exists." >
    <attribute name="profilehome" description="Profile directory (e.g. C:/Progra~1/WebSphere/AppServer/profiles/profile_name)." />
    <attribute name="server" default="" description="WAS server name associated with the QCF.  At least one of cell/node/server must be specified." />
    <attribute name="node" default="" description="WAS node name associated with the QCF.  At least one of cell/node/server must be specified." />
    <attribute name="cell" default="" description="WAS cell name associated with the QCF.  At least one of cell/node/server must be specified." />
    <attribute name="qcfname" description="Name of the MQ Queue Connection Factory to create" />
    <attribute name="description" default="MQ Queue Connection Factory" description="Description of the MQ Queue Connection Factory. Defaults to 'MQ Queue Connection Factory'" />
    <attribute name="jndiname" description="JNDI name of the MQ Queue Connection Factory" />
    <attribute name="qmname" description="Name of the associated queue manager" />
    <attribute name="authdataalias" default="" description="Optional alias of the authentication data entry for this MQ Queue Connection Factory.  Defaults to none." />
    <attribute name="isxaenabled" default="true" description="whether the connection factory is for the XA coordination of messages.  Defaults to true." />
    <attribute name="scope" default="Server" description="Specify on which scope to deploy WAS artifact" />
    <attribute name="agent" description="ASC agent handle for remoting execution." />
    <sequential>
      <was_6_common:setMqQcfBindings profilehome="@{profilehome}" server="@{server}" node="@{node}" cell="@{cell}" qcfname="@{qcfname}" description="@{description}" jndiname="@{jndiname}" qmname="@{qmname}" authdataalias="@{authdataalias}" isxaenabled="@{isxaenabled}" scope="@{scope}" agent="@{agent}"></was_6_common:setMqQcfBindings>
    </sequential>
  </macrodef>

  <!-- ===================================================================== -->
  <!-- Extended macro for remote invocation of was_6_common:createDefaultMessagingQueueDestination -->
  <!-- ===================================================================== -->
  <macrodef name="createDefaultMessagingQueueDestination" uri="was_6" description="Creating default messaging queue destination" >
    <attribute name="profilehome" description="WAS Home (e.g. C:/Progra~1/WebSphere/AppServer/profiles/profile_name)." />
    <attribute name="queuename" description="queue name" />
    <attribute name="queuejndiname" description="jndi name of queue" />
    <attribute name="busname" default="" description="the name of bus on which the associated queue exists" />
    <attribute name="sibqueuename" default="" description="The name of the associated queue on the service integration bus." />
    <attribute name="server" default="server1" description="WAS server name associated with the DB2 JDBC provider.  At least one of cell/node/server must be specified." />
    <attribute name="node" default="" description="WAS node name associated with the DB2 JDBC provider.  At least one of cell/node/server must be specified." />
    <attribute name="cell" default="" description="WAS cell name associated with the DB2 JDBC provider.  At least one of cell/node/server must be specified." />
    <attribute name="scope" default="" description="Specify on which scope to deploy WAS artifact" />
    <attribute name="agent" description="ASC agent handle for remoting execution." />
    <sequential>
      <was_6_common:createDefaultMessagingQueueDestination profilehome="@{profilehome}" queuename="@{queuename}" queuejndiname="@{queuejndiname}" busname="@{busname}" sibqueuename="@{sibqueuename}" server="@{server}" node="@{node}" cell="@{cell}" scope="@{scope}" agent="@{agent}"></was_6_common:createDefaultMessagingQueueDestination>
    </sequential>
  </macrodef>

  <!-- ===================================================================== -->
  <!-- Extended macro for remote invocation of was_6_common:installUpdateInstaller -->
  <!-- ===================================================================== -->
  <macrodef name="installUpdateInstaller" uri="was_6" >
    <attribute name="washome" description="the root of the WebSphere Application Server install (e.g. C:/Progra~1/WebSphere/AppServer)" />
    <attribute name="installimage" description="Directory that contains the install image." />
    <attribute name="agent" description="ASC agent handle for remoting execution." />
    <sequential>
      <was_6_common:installUpdateInstaller washome="@{washome}" installimage="@{installimage}" agent="@{agent}"></was_6_common:installUpdateInstaller>
    </sequential>
  </macrodef>

  <!-- ===================================================================== -->
  <!-- Extended macro for remote invocation of was_6_common:installResourceAdapter -->
  <!-- ===================================================================== -->
  <macrodef name="installResourceAdapter" uri="was_6" description="Install a J2C Resource Adapter." >
    <attribute name="profilehome" description="Profile directory (e.g. C:/Progra~1/WebSphere/AppServer/profiles/profile_name)." />
    <attribute name="rarfile" description="Archive (.rar) containing the resource adapter." />
    <attribute name="name" description="resource adaptor name " />
    <attribute name="node" default="" description="WAS node name. " />
    <attribute name="cell" default="" description="WAS cell name. " />
    <attribute name="scope" default="Node" description="Specify on which scope to deploy WAS artifact" />
    <attribute name="agent" description="ASC agent handle for remoting execution." />
    <sequential>
      <was_6_common:installResourceAdapter profilehome="@{profilehome}" rarfile="@{rarfile}" name="@{name}" node="@{node}" cell="@{cell}" scope="@{scope}" agent="@{agent}"></was_6_common:installResourceAdapter>
    </sequential>
  </macrodef>

  <!-- ===================================================================== -->
  <!-- Extended macro for remote invocation of was_6_common:setInboundPort -->
  <!-- ===================================================================== -->
  <macrodef name="setInboundPort" uri="was_6" description="Creating inBound Port" >
    <attribute name="profilehome" description="WAS Home (e.g. C:/Progra~1/WebSphere/AppServer/profiles/profile_name)." />
    <attribute name="inboundportname" description="inBound PortName" />
    <attribute name="inboundservname" description="inBound servName" />
    <attribute name="cell" default="" description="WAS cell name. The cell in which the endpoint listener is located." />
    <attribute name="node" default="" description="WAS node name. The node in which the endpoint listener is located." />
    <attribute name="server" default="" description="WAS server name. The server in which the endpoint listener is located." />
    <attribute name="endpointlistenername" description="endpointListener name" />
    <attribute name="agent" description="ASC agent handle for remoting execution." />
    <sequential>
      <was_6_common:setInboundPort profilehome="@{profilehome}" inboundportname="@{inboundportname}" inboundservname="@{inboundservname}" cell="@{cell}" node="@{node}" server="@{server}" endpointlistenername="@{endpointlistenername}" agent="@{agent}"></was_6_common:setInboundPort>
    </sequential>
  </macrodef>

  <!-- ===================================================================== -->
  <!-- Extended macro for remote invocation of was_6_common:setEventGroupProfileList -->
  <!-- ===================================================================== -->
  <macrodef name="setEventGroupProfileList" uri="was_6" description="Creates a new WebSphere Application Server event group profile list. Event group profile lists are part of the Common Event Infrastructure. Does not create the event group profile list if one of the given name already exists." >
    <attribute name="profilehome" description="Profile directory (e.g. C:/Progra~1/WebSphere/AppServer/profiles/profile_name)." />
    <attribute name="server" default="" description="WAS server name associated with the CEI Provider.  At least one of cell/node/server must be specified." />
    <attribute name="node" default="" description="WAS node name associated with the CEI Provider.  At least one of cell/node/server must be specified." />
    <attribute name="cell" default="" description="WAS cell name associated with the CEI Provider.  At least one of cell/node/server must be specified." />
    <attribute name="name" description="the name of the event group profile list" />
    <attribute name="jndiname" description="the JNDI name of the event group profile list" />
    <attribute name="agent" description="ASC agent handle for remoting execution." />
    <sequential>
      <was_6_common:setEventGroupProfileList profilehome="@{profilehome}" server="@{server}" node="@{node}" cell="@{cell}" name="@{name}" jndiname="@{jndiname}" agent="@{agent}"></was_6_common:setEventGroupProfileList>
    </sequential>
  </macrodef>

  <!-- ===================================================================== -->
  <!-- Extended macro for remote invocation of was_6_common:installFixPack -->
  <!-- ===================================================================== -->
  <macrodef name="installFixPack" uri="was_6" description="Install a WAS fixpack." >
    <attribute name="washome" description="Directory where WAS 5.1 was already installed." />
    <attribute name="installerimage" description="Directory that contains the install image." />
    <attribute name="fixpackidprefix" description="Platform-independent fixpack ID prefix.  Implementation appends platform-dependent suffix (e.g. _win, _linux)." />
    <attribute name="agent" description="ASC agent handle for remoting execution." />
    <sequential>
      <was_6_common:installFixPack washome="@{washome}" installerimage="@{installerimage}" fixpackidprefix="@{fixpackidprefix}" agent="@{agent}"></was_6_common:installFixPack>
    </sequential>
  </macrodef>

  <!-- ===================================================================== -->
  <!-- Extended macro for remote invocation of was_6_common:setTransactionServiceLifetimeTimeout -->
  <!-- ===================================================================== -->
  <macrodef name="setTransactionServiceLifetimeTimeout" uri="was_6" description="Set the timeout for the WebSphere Application Server transaction service." >
    <attribute name="profilehome" description="Profile directory (e.g. C:/Progra~1/WebSphere/AppServer/profiles/profile_name)." />
    <attribute name="cell" description="the cell to set the timeout for" />
    <attribute name="node" description="the node to set the timeout for" />
    <attribute name="server" description="the server to set the timeout for" />
    <attribute name="timeout" description="the new timeout (in seconds)" />
    <attribute name="agent" description="ASC agent handle for remoting execution." />
    <sequential>
      <was_6_common:setTransactionServiceLifetimeTimeout profilehome="@{profilehome}" cell="@{cell}" node="@{node}" server="@{server}" timeout="@{timeout}" agent="@{agent}"></was_6_common:setTransactionServiceLifetimeTimeout>
    </sequential>
  </macrodef>

  <!-- ===================================================================== -->
  <!-- Extended macro for remote invocation of was_6_common:createJ2CAuthentication -->
  <!-- ===================================================================== -->
  <macrodef name="createJ2CAuthentication" uri="was_6" description="Define authentication data, which includes user identities and passwords" >
    <attribute name="profilehome" description="Profile directory (e.g. C:/Progra~1/WebSphere/AppServer/profiles/profile_name)." />
    <attribute name="alias" description="Specifies the name of the authentication data entry" />
    <attribute name="userid" description="Specifies the user identity" />
    <attribute name="password" description="the pass word of the user" />
    <attribute name="description" default="JAAS Alias for WebSphere" description="Specifies an optional description of the authentication data entry" />
    <attribute name="agent" description="ASC agent handle for remoting execution." />
    <sequential>
      <was_6_common:createJ2CAuthentication profilehome="@{profilehome}" alias="@{alias}" userid="@{userid}" password="@{password}" description="@{description}" agent="@{agent}"></was_6_common:createJ2CAuthentication>
    </sequential>
  </macrodef>

  <!-- ===================================================================== -->
  <!-- Extended macro for remote invocation of was_6_common:setSharedLibrary -->
  <!-- ===================================================================== -->
  <macrodef name="setSharedLibrary" uri="was_6" description="Add a shared library to the specified cell/node/server classloader." >
    <attribute name="profilehome" description="Profile directory (e.g. C:/Progra~1/WebSphere/AppServer/profiles/profile_name)." />
    <attribute name="name" description="A unique name (used internally for the shared library reference)." />
    <attribute name="classpath" description="Classpath for the shared library." />
    <attribute name="server" default="" description="WAS server name.  At least one of cell/node/server must be specified." />
    <attribute name="node" default="" description="WAS node name.  At least one of cell/node/server must be specified." />
    <attribute name="cell" default="" description="WAS cell name.  At least one of cell/node/server must be specified." />
    <attribute name="scope" default="Server" description="Specify on which scope to deploy WAS artifact" />
    <attribute name="agent" description="ASC agent handle for remoting execution." />
    <sequential>
      <was_6_common:setSharedLibrary profilehome="@{profilehome}" name="@{name}" classpath="@{classpath}" server="@{server}" node="@{node}" cell="@{cell}" scope="@{scope}" agent="@{agent}"></was_6_common:setSharedLibrary>
    </sequential>
  </macrodef>

  <!-- ===================================================================== -->
  <!-- Extended macro for remote invocation of was_6_common:installWAR -->
  <!-- ===================================================================== -->
  <macrodef name="installWAR" uri="was_6" description="Install a Web Application into WebSphere Application Server." >
    <attribute name="profilehome" description="Profile directory (e.g. C:/Progra~1/WebSphere/AppServer/profiles/profile_name)." />
    <attribute name="warfile" description="Archive (.war) containing the Web application to install." />
    <attribute name="appname" description="Name for the application." />
    <attribute name="contextroot" description="Web root for the application (e.g. /myApp)." />
    <attribute name="server" default="" description="WAS server name.  At least one of cell/node/server must be specified." />
    <attribute name="node" default="" description="WAS node name.  At least one of cell/node/server must be specified." />
    <attribute name="cell" default="" description="WAS cell name.  At least one of cell/node/server must be specified." />
    <attribute name="scope" default="Server" description="Specify on which scope to deploy WAS artifact" />
    <attribute name="agent" description="ASC agent handle for remoting execution." />
    <sequential>
      <was_6_common:installWAR profilehome="@{profilehome}" warfile="@{warfile}" appname="@{appname}" contextroot="@{contextroot}" server="@{server}" node="@{node}" cell="@{cell}" scope="@{scope}" agent="@{agent}"></was_6_common:installWAR>
    </sequential>
  </macrodef>

  <!-- ===================================================================== -->
  <!-- Extended macro for remote invocation of was_6_common:setAuthnData -->
  <!-- ===================================================================== -->
  <macrodef name="setAuthnData" uri="was_6" description="Configure a WebSphere Application Server authentication data entry.  Create the alias if it doesn't exist or modify its userid and password if it does." >
    <attribute name="profilehome" description="Profile directory (e.g. C:/Progra~1/WebSphere/AppServer/profiles/profile_name)." />
    <attribute name="alias" description="the name of the authentication data entry" />
    <attribute name="userid" description="the user id contained in the authentication data entry" />
    <attribute name="password" description="the password contained in the authentication data entry" />
    <attribute name="agent" description="ASC agent handle for remoting execution." />
    <sequential>
      <was_6_common:setAuthnData profilehome="@{profilehome}" alias="@{alias}" userid="@{userid}" password="@{password}" agent="@{agent}"></was_6_common:setAuthnData>
    </sequential>
  </macrodef>

  <!-- ===================================================================== -->
  <!-- Extended macro for remote invocation of was_6_common:setOutboundService -->
  <!-- ===================================================================== -->
  <macrodef name="setOutboundService" uri="was_6" description="Creating outBound service" >
    <attribute name="profilehome" description="WAS Home (e.g. C:/Progra~1/WebSphere/AppServer/profiles/profile_name)." />
    <attribute name="busname" description="bus name" />
    <attribute name="outboundservname" description="outBound servName" />
    <attribute name="outboundservdestname" description="outBound service destination name" />
    <attribute name="outboundservurl" description="outBound servURL" />
    <attribute name="cell" default="" description="WAS cell name. The cell in which the port destination is localized. " />
    <attribute name="outboundwsdlservname" description="outBound WSDL ServName" />
    <attribute name="outboundwsdlservnamespace" description="outBound WSDL ServiceNamespace" />
    <attribute name="agent" description="ASC agent handle for remoting execution." />
    <sequential>
      <was_6_common:setOutboundService profilehome="@{profilehome}" busname="@{busname}" outboundservname="@{outboundservname}" outboundservdestname="@{outboundservdestname}" outboundservurl="@{outboundservurl}" cell="@{cell}" outboundwsdlservname="@{outboundwsdlservname}" outboundwsdlservnamespace="@{outboundwsdlservnamespace}" agent="@{agent}"></was_6_common:setOutboundService>
    </sequential>
  </macrodef>

  <!-- ===================================================================== -->
  <!-- Extended macro for remote invocation of was_6_common:installEAR -->
  <!-- ===================================================================== -->
  <macrodef name="installEAR" uri="was_6" description="Install an Enterprise Application into WebSphere Application Server." >
    <attribute name="profilehome" description="Profile directory (e.g. C:/Progra~1/WebSphere/AppServer/profiles/profile_name)." />
    <attribute name="earfile" description="Archive (.ear) containing the application to install." />
    <attribute name="appname" description="Optional name for the application." />
    <attribute name="server" default="" description="WAS server name.  At least one of cell/node/server must be specified." />
    <attribute name="node" default="" description="WAS node name.  At least one of cell/node/server must be specified." />
    <attribute name="cell" default="" description="WAS cell name.  At least one of cell/node/server must be specified." />
    <attribute name="scope" default="Server" description="Specify on which scope to deploy WAS artifact" />
    <attribute name="agent" description="ASC agent handle for remoting execution." />
    <sequential>
      <was_6_common:installEAR profilehome="@{profilehome}" earfile="@{earfile}" appname="@{appname}" server="@{server}" node="@{node}" cell="@{cell}" scope="@{scope}" agent="@{agent}"></was_6_common:installEAR>
    </sequential>
  </macrodef>

  <!-- ===================================================================== -->
  <!-- Extended macro for remote invocation of was_6_common:stopAppServer -->
  <!-- ===================================================================== -->
  <macrodef name="stopAppServer" uri="was_6" description="Stop a WebSphere Application Server server." >
    <attribute name="profilehome" description="Profile directory (e.g. C:/Progra~1/WebSphere/AppServer/profiles/profile_name)." />
    <attribute name="server" description="Name of the WAS server." />
    <attribute name="username" default="" description="WAS admin user; required only if WAS security is enabled." />
    <attribute name="password" default="" description="WAS admin password; required only if WAS security is enabled." />
    <attribute name="agent" description="ASC agent handle for remoting execution." />
    <sequential>
      <was_6_common:stopAppServer profilehome="@{profilehome}" server="@{server}" username="@{username}" password="@{password}" agent="@{agent}"></was_6_common:stopAppServer>
    </sequential>
  </macrodef>

  <!-- ===================================================================== -->
  <!-- Extended macro for remote invocation of was_6_common:mediateSIBDestination -->
  <!-- ===================================================================== -->
  <macrodef name="mediateSIBDestination" uri="was_6" description="apply a mediation to destination" >
    <attribute name="profilehome" description="WAS Home (e.g. C:/Progra~1/WebSphere/AppServer/profiles/profile_name)." />
    <attribute name="busname" description="Bus name" />
    <attribute name="destinationname" description="Destination name" />
    <attribute name="mediationname" description="Mediation name" />
    <attribute name="node" default="" description="WAS node name." />
    <attribute name="server" default="" description="WAS server name." />
    <attribute name="agent" description="ASC agent handle for remoting execution." />
    <sequential>
      <was_6_common:mediateSIBDestination profilehome="@{profilehome}" busname="@{busname}" destinationname="@{destinationname}" mediationname="@{mediationname}" node="@{node}" server="@{server}" agent="@{agent}"></was_6_common:mediateSIBDestination>
    </sequential>
  </macrodef>

  <!-- ===================================================================== -->
  <!-- Extended macro for remote invocation of was_6_common:setOutboundPort -->
  <!-- ===================================================================== -->
  <macrodef name="setOutboundPort" uri="was_6" description="Creating outBound port" >
    <attribute name="profilehome" description="WAS Home (e.g. C:/Progra~1/WebSphere/AppServer/profiles/profile_name)." />
    <attribute name="outboundportname" description="outBound PortName" />
    <attribute name="outboundservname" description="outBound servName" />
    <attribute name="destinationname" description="destination name" />
    <attribute name="cell" default="" description="WAS cell name. The cell in which the port destination is located." />
    <attribute name="node" default="" description="WAS node name. The node in which the port destination is located." />
    <attribute name="server" default="" description="WAS server name. The server in which the port destination is located." />
    <attribute name="agent" description="ASC agent handle for remoting execution." />
    <sequential>
      <was_6_common:setOutboundPort profilehome="@{profilehome}" outboundportname="@{outboundportname}" outboundservname="@{outboundservname}" destinationname="@{destinationname}" cell="@{cell}" node="@{node}" server="@{server}" agent="@{agent}"></was_6_common:setOutboundPort>
    </sequential>
  </macrodef>

  <!-- ===================================================================== -->
  <!-- Extended macro for remote invocation of was_6_common:setMqQDest -->
  <!-- ===================================================================== -->
  <macrodef name="setMqQDest" uri="was_6" description="Create a WebSphere Application Server MQ queue destination. Do nothing if an MQ queue destination of the given name already exists." >
    <attribute name="profilehome" description="Profile directory (e.g. C:/Progra~1/WebSphere/AppServer/profiles/profile_name)." />
    <attribute name="server" default="" description="WAS server name associated with the Queue Destination.  At least one of cell/node/server must be specified." />
    <attribute name="node" default="" description="WAS node name associated with the Queue Destination.  At least one of cell/node/server must be specified." />
    <attribute name="cell" default="" description="WAS cell name associated with the Queue Destination.  At least one of cell/node/server must be specified." />
    <attribute name="destname" description="the name of the MQ Queue destination" />
    <attribute name="jndiname" description="the JNDI name of the MQ Queue destination" />
    <attribute name="qname" description="the name of the queue to which messages are sent" />
    <attribute name="qmname" description="the name of the queue manager to which messages are sent" />
    <attribute name="scope" default="Server" description="Specify on which scope to deploy WAS artifact" />
    <attribute name="agent" description="ASC agent handle for remoting execution." />
    <sequential>
      <was_6_common:setMqQDest profilehome="@{profilehome}" server="@{server}" node="@{node}" cell="@{cell}" destname="@{destname}" jndiname="@{jndiname}" qname="@{qname}" qmname="@{qmname}" scope="@{scope}" agent="@{agent}"></was_6_common:setMqQDest>
    </sequential>
  </macrodef>

  <!-- ===================================================================== -->
  <!-- Extended macro for remote invocation of was_6_common:addAppServerToSIBus -->
  <!-- ===================================================================== -->
  <macrodef name="addAppServerToSIBus" uri="was_6" description="Add a bus member on SIBus." >
    <attribute name="profilehome" description="WAS Home (e.g. C:/Progra~1/WebSphere/AppServer/profiles/profile_name)." />
    <attribute name="busname" description="bus name" />
    <attribute name="node" default="" description="WAS node name. When add an appserver to bus, at least one of cell/node/server must be specified." />
    <attribute name="server" default="" description="WAS server name. When add an appserver to bus, at least one of cell/node/server must be specified." />
    <attribute name="cell" default="" description="WAS cell name. When add an appserver to bus, at least one of cell/node/server must be specified." />
    <attribute name="agent" description="ASC agent handle for remoting execution." />
    <sequential>
      <was_6_common:addAppServerToSIBus profilehome="@{profilehome}" busname="@{busname}" node="@{node}" server="@{server}" cell="@{cell}" agent="@{agent}"></was_6_common:addAppServerToSIBus>
    </sequential>
  </macrodef>

  <!-- ===================================================================== -->
  <!-- Extended macro for remote invocation of was_6_common:setDB2DataSourceV5 -->
  <!-- ===================================================================== -->
  <macrodef name="setDB2DataSourceV5" uri="was_6" description="Create a new WebSphere Application Server datasource for a given DB2 JDBC provider.  Do nothing is a data source already exists with the specified JNDI name." >
    <attribute name="profilehome" description="Profile directory (e.g. C:/Progra~1/WebSphere/AppServer/profiles/profile_name)." />
    <attribute name="server" default="" description="WAS server name associated with the DB2 JDBC provider.  At least one of cell/node/server must be specified." />
    <attribute name="node" default="" description="WAS node name associated with the DB2 JDBC provider.  At least one of cell/node/server must be specified." />
    <attribute name="cell" default="" description="WAS cell name associated with the DB2 JDBC provider.  At least one of cell/node/server must be specified." />
    <attribute name="providername" description="Name of the associated DB2 JDBC provider." />
    <attribute name="datasourcename" description="Name of the datasource." />
    <attribute name="scope" default="" description="Specify on which scope to deploy WAS artifact" />
    <attribute name="databasename" description="database name in datasource" />
    <attribute name="jndiname" description="Specify the jndiName of the datasource" />
    <attribute name="authenticationalias" default="" description="This alias is used for database authentication at run time" />
    <attribute name="agent" description="ASC agent handle for remoting execution." />
    <sequential>
      <was_6_common:setDB2DataSourceV5 profilehome="@{profilehome}" server="@{server}" node="@{node}" cell="@{cell}" providername="@{providername}" datasourcename="@{datasourcename}" scope="@{scope}" databasename="@{databasename}" jndiname="@{jndiname}" authenticationalias="@{authenticationalias}" agent="@{agent}"></was_6_common:setDB2DataSourceV5>
    </sequential>
  </macrodef>

  <!-- ===================================================================== -->
  <!-- Extended macro for remote invocation of was_6_common:setSibDestination -->
  <!-- ===================================================================== -->
  <macrodef name="setSibDestination" uri="was_6" description="Creating message destinations" >
    <attribute name="profilehome" description="WAS Home (e.g. C:/Progra~1/WebSphere/AppServer/profiles/profile_name)." />
    <attribute name="busname" description="bus name" />
    <attribute name="destinationname" description="message destination name" />
    <attribute name="destinationtype" description="message destination type" />
    <attribute name="cell" default="" description="WAS cell name. Only for Queue Type destination. To assign the queue to a bus member that will store and process the messages for the queue." />
    <attribute name="node" default="" description="WAS node name. Only for Queue Type destination. To assign the queue to a bus member that will store and process the messages for the queue." />
    <attribute name="server" default="" description="WAS server name. Only for Queue Type destination. To assign the queue to a bus member that will store and process the messages for the queue." />
    <attribute name="agent" description="ASC agent handle for remoting execution." />
    <sequential>
      <was_6_common:setSibDestination profilehome="@{profilehome}" busname="@{busname}" destinationname="@{destinationname}" destinationtype="@{destinationtype}" cell="@{cell}" node="@{node}" server="@{server}" agent="@{agent}"></was_6_common:setSibDestination>
    </sequential>
  </macrodef>

  <!-- ===================================================================== -->
  <!-- Extended macro for remote invocation of was_6_common:setSibMediation -->
  <!-- ===================================================================== -->
  <macrodef name="setSibMediation" uri="was_6" description="Creating a mediation" >
    <attribute name="profilehome" description="WAS Home (e.g. C:/Progra~1/WebSphere/AppServer/profiles/profile_name)." />
    <attribute name="busname" description="Name of bus which a mediation will be created on" />
    <attribute name="mediationname" description="Name of mediation which will be created" />
    <attribute name="handlerlistname" description="Handler List Name" />
    <attribute name="description" default="" description="Mediation description" />
    <attribute name="globaltransaction" default="" description="Whether or not start globalTransaction for deal every message" />
    <attribute name="allowconcurrentmediation" default="" description="Whether or not allow concurrent mediation.true|false, default is false." />
    <attribute name="selector" default="" description="selector" />
    <attribute name="discriminator" default="" description="discriminator" />
    <attribute name="agent" description="ASC agent handle for remoting execution." />
    <sequential>
      <was_6_common:setSibMediation profilehome="@{profilehome}" busname="@{busname}" mediationname="@{mediationname}" handlerlistname="@{handlerlistname}" description="@{description}" globaltransaction="@{globaltransaction}" allowconcurrentmediation="@{allowconcurrentmediation}" selector="@{selector}" discriminator="@{discriminator}" agent="@{agent}"></was_6_common:setSibMediation>
    </sequential>
  </macrodef>

  <!-- ===================================================================== -->
  <!-- Extended macro for remote invocation of was_6_common:setSoapRequestTimeout -->
  <!-- ===================================================================== -->
  <macrodef name="setSoapRequestTimeout" uri="was_6" description="Set the timeout for the WebSphere Application Server JMX SOAP connector." >
    <attribute name="profilehome" description="Profile directory (e.g. C:/Progra~1/WebSphere/AppServer/profiles/profile_name)." />
    <attribute name="timeout" description="the new timeout (in seconds)" />
    <attribute name="agent" description="ASC agent handle for remoting execution." />
    <sequential>
      <was_6_common:setSoapRequestTimeout profilehome="@{profilehome}" timeout="@{timeout}" agent="@{agent}"></was_6_common:setSoapRequestTimeout>
    </sequential>
  </macrodef>

  <!-- ===================================================================== -->
  <!-- Verification target for syntax checking -->
  <!-- ===================================================================== -->
  <target name="_verify" >
    <was_6:installWASV6 cell="test" node="test" hostname="test" washome="test" installerdir="test" wcdefaulthost="test" wcadminhost="test" wcdhsecure="test" wcahsecure="test" bootstrapaddress="test" soapconnectoraddress="test" sasssauthlisteneraddress="test" csiv2ssauthlisteneraddress="test" csiv2smauthlisteneraddress="test" orblisteneraddress="test" dcsunicastaddress="test" sibendpointaddress="test" sibendpointsaddress="test" sibmqendpointaddress="test" sibmqendpointsaddress="test" agent="test" />
  </target>
</project>
