<project name="mq.local" basedir="." xmlns:mq="mq.local" xmlns:os="os.local">
	<import file="../asc/asc.xml" />
	<import file="../os/os.local.xml" />

	<!-- Relative file references must be relative to this buildfile;
		since this buildfile is typically imported by other buildfiles,
		a property that points to the directory containing this buildfile is created. -->
	<dirname file="${ant.file.mq.local}" property="mq.local.basedir" />


	<macrodef name="install_5_3_0_2" uri="mq.local">
		<attribute name="mqCap" default="Number of licensed processors." />
		<attribute name="mqHome" description="Directory into which MQ should be installed." />
		<attribute name="installerDir"
			description="Directory containing the extracted install image (from C48UIML.exe-Windows; C48UBML.tar.gz-Linux)." />
		<sequential>
			<if>
				<os name="Linux" />
				<then>
					<!-- Confirm installs with 'rpm -q -a | grep MQSeries' -->
					<os:runShellScript shellScript="./mqlicense" dir="@{installerDir}">
						<arg value="-accept" />
					</os:runShellScript>

					<os:runCmd cmd="rpm" dir="@{installerDir}">
						<arg value="-i" />
						<arg value="MQSeriesRuntime-5.3.0-2.i386.rpm" />
					</os:runCmd>

					<os:runCmd cmd="rpm" dir="@{installerDir}">
						<arg value="-i" />
						<arg value="MQSeriesSDK-5.3.0-2.i386.rpm" />
					</os:runCmd>

					<os:runCmd cmd="rpm" dir="@{installerDir}">
						<arg value="-i" />
						<arg value="MQSeriesServer-5.3.0-2.i386.rpm" />
					</os:runCmd>

					<os:runCmd cmd="rpm" dir="@{installerDir}">
						<arg value="-i" />
						<arg value="MQSeriesSamples-5.3.0-2.i386.rpm" />
					</os:runCmd>

					<os:runCmd cmd="rpm" dir="@{installerDir}">
						<arg value="-i" />
						<arg value="MQSeriesJava-5.3.0-2.i386.rpm" />
					</os:runCmd>

					<!-- setmqcap fails to execute when invoked directly. -->
					<os:runCmd cmd="/bin/sh">
						<arg value="-c" />
						<arg value="setmqcap @{mqCap}" />
					</os:runCmd>
				</then>

				<elseif>
					<os family="windows" />
					<then>
						<pathconvert targetOS="windows" property="_mqHome">
							<path location="@{mqHome}" />
						</pathconvert>

						<copy file="${mq.local.basedir}/files/windows/mq.rsp.template"
							tofile="${mq.local.basedir}/files/windows/mq.rsp" overwrite="true">
							<filterset>
								<filter token="MQ_HOME" value="${_mqHome}" />
							</filterset>
						</copy>

						<os:runCmd cmd="MQParms.exe" dir="@{installerDir}" failonerror="@{failonerror}">
							<arg value="${mq.local.basedir}\files\windows\mq.rsp" />
						</os:runCmd>

						<!--  Unset local variables. -->
						<unset name="_mqHome" />
					</then>
				</elseif>

				<else>
					<fail
						message="ASC macro mq:install_5_3_0_2 invoked on an unsupported platform (os.name=${os.name})." />
				</else>
			</if>

		</sequential>
	</macrodef>

	<macrodef name="install_5_3_CSD" uri="mq.local">
		<attribute name="installerDir"
			description="Directory containing the install image (U200242A.exe-Windows)." />
		<sequential>
			<if>
				<os family="windows" />
				<then>
					<set name="_tempDir" value="${mq.local.basedir}\install_5_3_CSD" />

					<!-- start/stop nt service - workaround for fp problems 
					<mq:start failOnError="false" />
					<mq:stop />
-->
					<mkdir dir="${_tempDir}" />
					<os:runCmd cmd="U200242A.exe" dir="@{installerDir}">
						<arg value="-s" />						
						<arg value="-f" />
						<arg value="${_tempDir}" /> 
						<arg value="-a " />
						<arg value="MQPREBOOT=0" />
						<arg value="MQPSILENT=1" />	
										
					</os:runCmd>
					<delete dir="${_tempDir}" />

					<!--  <mq:start />-->

					<unset name="_tempDir" />
				</then>

				<elseif>
					<os name="Linux" />
					<then>
						<os:runCmd cmd="rpm" dir="@{installerDir}">
							<arg value="-i" />
							<arg value="MQSeriesRuntime-U496732-5.3.0-7.i386.rpm" />
						</os:runCmd>

						<os:runCmd cmd="rpm" dir="@{installerDir}">
							<arg value="-i" />
							<arg value="MQSeriesSDK-U496732-5.3.0-7.i386.rpm" />
						</os:runCmd>

						<os:runCmd cmd="rpm" dir="@{installerDir}">
							<arg value="-i" />
							<arg value="MQSeriesServer-U496732-5.3.0-7.i386.rpm" />
						</os:runCmd>

						<os:runCmd cmd="rpm" dir="@{installerDir}">
							<arg value="-i" />
							<arg value="MQSeriesSamples-U496732-5.3.0-7.i386.rpm" />
						</os:runCmd>

						<os:runCmd cmd="rpm" dir="@{installerDir}">
							<arg value="-i" />
							<arg value="MQSeriesJava-U496732-5.3.0-7.i386.rpm" />
						</os:runCmd>
					</then>
				</elseif>

				<else>
					<fail
						message="ASC macro mq:install_5_3_CSD07 invoked on an unsupported platform (os.name=${os.name})." />
				</else>
			</if>
		</sequential>
	</macrodef>

	<!-- 
		<macrodef name="MQServer.verify" uri="mq.local">
		<sequential>
		<switch>
		<caseEqual arg1="${os.name}" arg2="Linux">
		<linux:runShellScript shellScript="${mq.local.basedir}/files/linux/verifyMQ.sh" />
		</caseEqual>
		</switch>
		</sequential>
		</macrodef>
		
		<macrodef name="MQClient.install" uri="mq.local">
		<attribute name="mqCap" />
		<attribute name="installerDir" />
		<sequential>
		<switch>
		<caseEqual arg1="${os.name}" arg2="Linux">
		<linux:runShellScript shellScript="${mq.local.basedir}/files/linux/installMQ.sh" args="@{mqCap} client @{installerDir}" />
		</caseEqual>
		</switch>
		</sequential>
		</macrodef>
	-->

	<macrodef name="start" uri="mq.local" description="Start MQ.">
		<attribute name="failOnError" default="true"
			description="Indicate whether the process should fail on error.  Default is true." />
		<sequential>
			<if>
				<os family="windows" />
				<then>
					<os:runCmd cmd="net" failOnError="@{failOnError}">
						<arg value="start" />
						<arg value="IBM MQSeries" />
					</os:runCmd>
				</then>

				<else>
					<fail
						message="ASC macro mq:start invoked on an unsupported platform (os.name=${os.name})." />
				</else>
			</if>
		</sequential>
	</macrodef>

	<macrodef name="stop" uri="mq.local" description="Start MQ.">
		<attribute name="failOnError" default="true"
			description="Indicate whether the process should fail on error.  Default is true." />
		<sequential>
			<if>
				<os family="windows" />
				<then>
					<os:runCmd cmd="net" failOnError="@{failOnError}">
						<arg value="stop" />
						<arg value="IBM MQSeries" />
					</os:runCmd>
				</then>

				<else>
					<fail
						message="ASC macro mq:stop invoked on an unsupported platform (os.name=${os.name})." />
				</else>
			</if>
		</sequential>
	</macrodef>

	<macrodef name="startMqListener" uri="mq.local" description="Start a new MQ Listener.">
		<attribute name="qMgr"
			description="the listener will listen on behalf of this queue manager" />
		<attribute name="port" description="the port the listener should run on" />
		<sequential>
			<if>
				<os name="Linux" />
				<then>
					<os:runShellScript shellScript="${mq.local.basedir}/files/linux/startMqListener"
						spawn="true" failOnError="false">
						<arg value="@{qMgr}" />
						<arg value="@{port}" />
					</os:runShellScript>
				</then>

				<elseif>
					<os family="windows" />
					<then>
						<os:runCmd cmd="start" spawn="true">
							<arg value="runmqlsr" />
							<arg value="-t" />
							<arg value="tcp" />
							<arg value="-m" />
							<arg value="@{qMgr}" />
							<arg value="-p" />
							<arg value="@{port}" />
						</os:runCmd>
					</then>
				</elseif>

				<else>
					<fail
						message="ASC macro mq:startMqListener invoked on an unsupported platform (os.name=${os.name})." />
				</else>
			</if>
		</sequential>
	</macrodef>

	<macrodef name="runmqsc" uri="mq.local" description="Run the MQ Series command line utility.">
		<attribute name="runAsUser"
			description="the user to run the runmqsc command as (used on Linux)" />
		<attribute name="qMgr" description="the queue manager to run the command utility against" />
		<attribute name="cmd" description="the command to run" />
		<sequential>
			<if>
				<os name="Linux" />
				<then>
					<os:runCmd runAsUser="@{runAsUser}" cmd="echo '@{cmd}' | runmqsc @{qMgr}" />
				</then>

				<elseif>
					<os family="windows" />
					<then>
						<os:runCmd cmd="echo">
							<arg line="@{cmd} | runmqsc @{qMgr}" />
						</os:runCmd>
					</then>
				</elseif>

				<else>
					<fail
						message="ASC macro mq:runmqsc invoked on an unsupported platform (os.name=${os.name})." />
				</else>
			</if>
		</sequential>
	</macrodef>

	<macrodef name="crtmqm" uri="mq.local" description="Create a local queue manager.">
		<attribute name="qMgr" description="the name of the queue manager to create" />
		<attribute name="runAsUser"
			description="the user to run the crtmqm command as (used on Linux)" />
		<sequential>
			<os:runCmd cmd="crtmqm" runAsUser="@{runAsUser}">
				<arg value="-q" />
				<arg value="@{qMgr}" />
			</os:runCmd>
		</sequential>
	</macrodef>

	<macrodef name="strmqm" uri="mq.local" description="Start a queue manager.">
		<attribute name="qMgr" description="the name of the queue manager to start" />
		<attribute name="runAsUser"
			description="the user to run the strmqm command as (used on Linux)" />
		<sequential>
			<os:runCmd cmd="strmqm" runAsUser="@{runAsUser}">
				<arg value="@{qMgr}" />
			</os:runCmd>
		</sequential>
	</macrodef>
</project>
