<?xml version="1.0"?>

<!DOCTYPE project [
    <!ENTITY elements SYSTEM "elements.xml">
]>

<!-- Generated from mq.local.xml. -->

<project name="mq" xmlns:mq="mq" xmlns:mq.local="mq.local">
  <import file="../asc/asc.xml" />
  <import file="mq.local.xml" />
  <description></description>

  <!-- ===================================================================== -->
  <!-- Artifacts for remote invocation of crtmqm -->
  <!-- ===================================================================== -->
  <macrodef name="crtmqm" uri="mq" description="Create a local queue manager." >
    <attribute name="qmgr" description="the name of the queue manager to create" />
    <attribute name="runasuser" description="the user to run the crtmqm command as (used on Linux)" />
    <attribute name="agent" description="ASC agent handle for remoting execution." />
    <sequential>
      <_asc_init agent="@{agent}" />

      <invokeRemoteAnt fileName="library/mq/mq.xml" target="_mq:crtmqm" isPutFile="false" agent="@{agent}">
        <remoteAntProperty name="qmgr" value="@{qmgr}" />
        <remoteAntProperty name="runasuser" value="@{runasuser}" />
      </invokeRemoteAnt>
    </sequential>
  </macrodef>

  <target name="_mq:crtmqm" >
    <mq.local:crtmqm qmgr="${qmgr}" runasuser="${runasuser}" >
    </mq.local:crtmqm>
  </target>

  <!-- ===================================================================== -->
  <!-- Artifacts for remote invocation of install_5_3_0_2 -->
  <!-- ===================================================================== -->
  <macrodef name="install_5_3_0_2" uri="mq" >
    <attribute name="mqcap" default="Number of licensed processors." />
    <attribute name="mqhome" description="Directory into which MQ should be installed." />
    <attribute name="installerdir" description="Directory containing the extracted install image (from C48UIML.exe-Windows; C48UBML.tar.gz-Linux)." />
    <attribute name="agent" description="ASC agent handle for remoting execution." />
    <sequential>
      <_asc_init agent="@{agent}" />

      <invokeRemoteAnt fileName="library/mq/mq.xml" target="_mq:install_5_3_0_2" isPutFile="false" agent="@{agent}">
        <remoteAntProperty name="mqcap" value="@{mqcap}" />
        <remoteAntProperty name="mqhome" value="@{mqhome}" />
        <remoteAntProperty name="installerdir" value="@{installerdir}" />
      </invokeRemoteAnt>
    </sequential>
  </macrodef>

  <target name="_mq:install_5_3_0_2" >
    <mq.local:install_5_3_0_2 mqcap="${mqcap}" mqhome="${mqhome}" installerdir="${installerdir}" >
    </mq.local:install_5_3_0_2>
  </target>

  <!-- ===================================================================== -->
  <!-- Artifacts for remote invocation of install_5_3_CSD -->
  <!-- ===================================================================== -->
  <macrodef name="install_5_3_CSD" uri="mq" >
    <attribute name="installerdir" description="Directory containing the install image (U200242A.exe-Windows)." />
    <attribute name="agent" description="ASC agent handle for remoting execution." />
    <sequential>
      <_asc_init agent="@{agent}" />

      <invokeRemoteAnt fileName="library/mq/mq.xml" target="_mq:install_5_3_CSD" isPutFile="false" agent="@{agent}">
        <remoteAntProperty name="installerdir" value="@{installerdir}" />
      </invokeRemoteAnt>
    </sequential>
  </macrodef>

  <target name="_mq:install_5_3_CSD" >
    <mq.local:install_5_3_CSD installerdir="${installerdir}" >
    </mq.local:install_5_3_CSD>
  </target>

  <!-- ===================================================================== -->
  <!-- Artifacts for remote invocation of runmqsc -->
  <!-- ===================================================================== -->
  <macrodef name="runmqsc" uri="mq" description="Run the MQ Series command line utility." >
    <attribute name="runasuser" description="the user to run the runmqsc command as (used on Linux)" />
    <attribute name="qmgr" description="the queue manager to run the command utility against" />
    <attribute name="cmd" description="the command to run" />
    <attribute name="agent" description="ASC agent handle for remoting execution." />
    <sequential>
      <_asc_init agent="@{agent}" />

      <invokeRemoteAnt fileName="library/mq/mq.xml" target="_mq:runmqsc" isPutFile="false" agent="@{agent}">
        <remoteAntProperty name="runasuser" value="@{runasuser}" />
        <remoteAntProperty name="qmgr" value="@{qmgr}" />
        <remoteAntProperty name="cmd" value="@{cmd}" />
      </invokeRemoteAnt>
    </sequential>
  </macrodef>

  <target name="_mq:runmqsc" >
    <mq.local:runmqsc runasuser="${runasuser}" qmgr="${qmgr}" cmd="${cmd}" >
    </mq.local:runmqsc>
  </target>

  <!-- ===================================================================== -->
  <!-- Artifacts for remote invocation of start -->
  <!-- ===================================================================== -->
  <macrodef name="start" uri="mq" description="Start MQ." >
    <attribute name="failonerror" default="true" description="Indicate whether the process should fail on error.  Default is true." />
    <attribute name="agent" description="ASC agent handle for remoting execution." />
    <sequential>
      <_asc_init agent="@{agent}" />

      <invokeRemoteAnt fileName="library/mq/mq.xml" target="_mq:start" isPutFile="false" agent="@{agent}">
        <remoteAntProperty name="failonerror" value="@{failonerror}" />
      </invokeRemoteAnt>
    </sequential>
  </macrodef>

  <target name="_mq:start" >
    <mq.local:start failonerror="${failonerror}" >
    </mq.local:start>
  </target>

  <!-- ===================================================================== -->
  <!-- Artifacts for remote invocation of startMqListener -->
  <!-- ===================================================================== -->
  <macrodef name="startMqListener" uri="mq" description="Start a new MQ Listener." >
    <attribute name="qmgr" description="the listener will listen on behalf of this queue manager" />
    <attribute name="port" description="the port the listener should run on" />
    <attribute name="agent" description="ASC agent handle for remoting execution." />
    <sequential>
      <_asc_init agent="@{agent}" />

      <invokeRemoteAnt fileName="library/mq/mq.xml" target="_mq:startMqListener" isPutFile="false" agent="@{agent}">
        <remoteAntProperty name="qmgr" value="@{qmgr}" />
        <remoteAntProperty name="port" value="@{port}" />
      </invokeRemoteAnt>
    </sequential>
  </macrodef>

  <target name="_mq:startMqListener" >
    <mq.local:startMqListener qmgr="${qmgr}" port="${port}" >
    </mq.local:startMqListener>
  </target>

  <!-- ===================================================================== -->
  <!-- Artifacts for remote invocation of stop -->
  <!-- ===================================================================== -->
  <macrodef name="stop" uri="mq" description="Start MQ." >
    <attribute name="failonerror" default="true" description="Indicate whether the process should fail on error.  Default is true." />
    <attribute name="agent" description="ASC agent handle for remoting execution." />
    <sequential>
      <_asc_init agent="@{agent}" />

      <invokeRemoteAnt fileName="library/mq/mq.xml" target="_mq:stop" isPutFile="false" agent="@{agent}">
        <remoteAntProperty name="failonerror" value="@{failonerror}" />
      </invokeRemoteAnt>
    </sequential>
  </macrodef>

  <target name="_mq:stop" >
    <mq.local:stop failonerror="${failonerror}" >
    </mq.local:stop>
  </target>

  <!-- ===================================================================== -->
  <!-- Artifacts for remote invocation of strmqm -->
  <!-- ===================================================================== -->
  <macrodef name="strmqm" uri="mq" description="Start a queue manager." >
    <attribute name="qmgr" description="the name of the queue manager to start" />
    <attribute name="runasuser" description="the user to run the strmqm command as (used on Linux)" />
    <attribute name="agent" description="ASC agent handle for remoting execution." />
    <sequential>
      <_asc_init agent="@{agent}" />

      <invokeRemoteAnt fileName="library/mq/mq.xml" target="_mq:strmqm" isPutFile="false" agent="@{agent}">
        <remoteAntProperty name="qmgr" value="@{qmgr}" />
        <remoteAntProperty name="runasuser" value="@{runasuser}" />
      </invokeRemoteAnt>
    </sequential>
  </macrodef>

  <target name="_mq:strmqm" >
    <mq.local:strmqm qmgr="${qmgr}" runasuser="${runasuser}" >
    </mq.local:strmqm>
  </target>

  <!-- ===================================================================== -->
  <!-- Verification target for syntax checking -->
  <!-- ===================================================================== -->
  <target name="_verify" >
    <mq:crtmqm qmgr="test" runasuser="test" agent="test" />
    <mq:install_5_3_0_2 mqcap="test" mqhome="test" installerdir="test" agent="test" />
    <mq:install_5_3_CSD installerdir="test" agent="test" />
    <mq:runmqsc runasuser="test" qmgr="test" cmd="test" agent="test" />
    <mq:start failonerror="test" agent="test" />
    <mq:startMqListener qmgr="test" port="test" agent="test" />
    <mq:stop failonerror="test" agent="test" />
    <mq:strmqm qmgr="test" runasuser="test" agent="test" />
  </target>
</project>
