<!-- Copyright (C), 2004, International Business Machines, Inc. -->
<project name="wps_6.local" basedir="." xmlns:wps_6="wps_6.local" xmlns:os="os.local">
	<import file="../asc/asc.xml" />
	<import file="../os/os.local.xml" />

	<!-- Relative file references must be relative to this buildfile;
		since this buildfile is typically imported by other buildfiles,
		a property that points to the directory containing this buildfile is created. -->
	<dirname file="${ant.file.wps_6.local}" property="wps_6.local.basedir" />


	<macrodef name="install_6" uri="wps_6.local"
		description="Install WebSphere Process Server v6.">
		<attribute name="wasHome"
			description="Directory into which WPS is to be installed (e.g. C:/Progra~1/WebSphere/ProcServer)." />
		<attribute name="installBusinessRuleBean" description="deprecated Business Rule Beans"
			default="false" />
		<attribute name="installExtendedMessage" description="decprecated Extended messages"
			default="false" />
		<attribute name="installSamplesGallerry" description="Samples Gallery" default="true" />
		<attribute name="installJavaDocs" description="Samples Gallery" default="true" />


		<attribute name="profileName" description="WAS profile name when installed"
			default="ProcSrv01" />
		<attribute name="profileHome" description="location for the profile to be installed to" />
		<attribute name="node" description="WAS node name when installed" />
		<attribute name="hostName" description="Resolveable hostname for the server when installed" />
		<attribute name="cell" description="name of the cell to create" />
		<!-- the cell name use is discouraged -->
		<!-- port numbers will be default -->
		<attribute name="installAsService"
			description="use Windows Service mechanism to control the server process." default="false" />
		<attribute name="winServiceaccnt"
			description="use local system account or a specific user account as the owner of the service process."
			default="localsystem" />
		<!-- other option is specifieduser, in which case the next few lines will be used by the install -->
		<attribute name="username"
			description="using Windows Services, owner for the server process" default="userid" />
		<attribute name="password" description="using Windows Services, password for the owner"
			default="passwd" />
		<attribute name="winServiceStart"
			description="using Windows Services, how to start the server process" default="manual" />
		<!-- Other options are automatic and disabled -->
		<attribute name="configSCA" description="use Service Component Architecture Configuration"
			default="" />
		<!--  if this is set to "true" then you need to set these two to be set -->
		<attribute name="useridForSCA"
			description="userid that Service Component Architecture will function under" default="userid" />
		<attribute name="passwdForSCA" description="password for that userid" default="passwd" />

		<attribute name="useridForCEI" description="userid for CEI sample configuration."
			default="userid" />
		<attribute name="passwdForCEI" description="password for CEI userid" default="passwd" />
		<attribute name="ceiServer" description="name of the server to be used by CEI"
			default="server1" />
		<!--  I am not even asking users about this at the moment.  This is getting set automatically for this version.
			<attribute name="ceiDBtype" description="use Service Component Architecture Configuration" default="CLOUDSCAPE V51_1" />
		-->
		<attribute name="configBPC"
			description="install Business Process choreographer sample config" default="" />
		<!-- other possibility: "yes"... if yes, you must set the next three variables, blank is no-->
		<attribute name="useridForBPC" description="userid for BPC sample configuration."
			default="userid" />
		<attribute name="passwdForBPC"
			description="password for userid for BPC sample configuration" default="passwd" />
		<attribute name="secRoleForBPC" description="security role for BPC sample config"
			default="com.ibm.not.valid" />
		<!-- need to put an LDAP style identifier here -->
		<attribute name="configAppScheduler"
			description="install Application Scheduler configuration" default="" />
		<!-- other option is "yes" -->
		<attribute name="appSchedulerServer"
			description="name of the server for the Application scheduler to use." default="server1" />
		<!-- Not even asking for this one either.
			<attribute name="WBIDBtype" description="WBI DB type" default="CLOUDSCAPE"/>
			<attribute name="WBIDBname" description="WBI DB name" default="WPRCSDB"/>
		-->

		<attribute name="installerDir" description="Directory that contains the install image." />
		<sequential>
			<copy file="${wps_6.local.basedir}\files\wps-6.rsp.template"
				tofile="${wps_6.local.basedir}\files\wps-6.rsp" overwrite="true">
				<filterset>
					<filter token="WPS_HOME" value="@{wasHome}" />
					<filter token="DBRBEANS" value="@{installBusinessRuleBean}" />
					<filter token="EXTMESSAGES" value="@{installExtendedMessage}" />
					<filter token="SAMPGALLERY" value="@{SamplesGallery}" />
					<filter token="JAVADOC" value="@{installJavaDocs}" />
					<filter token="PCAWRSPLOC" value="${wps_6.local.basedir}\files\wps-6.pcaw" />
				</filterset>
			</copy>

			<copy file="${wps_6.local.basedir}\files\wps-6.pcaw.template"
				tofile="${wps_6.local.basedir}\files\wps-6.pcaw" overwrite="true">
				<filterset>
					<filter token="PROFILENAME" value="@{profileName}" />
					<filter token="PROFILEDIR" value="@{profileHome}" />
					<filter token="NODENAME" value="@{node}" />
					<filter token="HOSTNAME" value="@{hostName}" />
					<filter token="CELLNAME" value="@{cell}" />
					<filter token="ASWINDOWSSERVICE" value="@{installAsService}" />
					<filter token="WINSERVICEUSERTYPE" value="@{winServiceaccnt}" />
					<filter token="WINSERVICEUSERID" value="@{username}" />
					<filter token="WINSERVICEPASSWD" value="@{password}" />
					<filter token="WINSERVICESTART" value="@{winServiceStart}" />
					<filter token="SETSCA" value="@{configSCA}" />
					<filter token="SCAUSERID" value="@{useridForSCA}" />
					<filter token="SCAPASSWD" value="@{passwdForSCA}" />
					<filter token="CEIUSERID" value="@{useridForCEI}" />
					<filter token="CEIPASSWD" value="@{passwdForCEI}" />
					<filter token="CEISERVER" value="@{ceiServer}" />
					<filter token="USEBPC" value="@{configBPC}" />
					<filter token="BPCUSERID" value="@{useridForBPC}" />
					<filter token="BPCPASSWD" value="@{passwdForBPC}" />
					<filter token="BPCSECURITY" value="@{secRoleForBPC}" />
					<filter token="USEASC" value="@{configAppScheduler}" />
					<filter token="ASSERVERNAME" value="@{appSchedulerServer}" />
				</filterset>
			</copy>

			<if>
				<os name="Linux" />
				<then>
					<!-- The WAS 6 silent installer returns a 1 after successful install; prevent failonerror. -->
					<!-- Cannot directly execute ./install (get an error about it not being found). -->
					<os:runCmd cmd="/bin/sh" dir="@{installerDir}/linuxi386" failonerror="false">
						<arg value="-c" />
						<arg value="./install -options ${wps_6.local.basedir}/files/was-6.rsp" />
					</os:runCmd>
				</then>

				<elseif>
					<os family="windows" />
					<then>
						<os:runCmd cmd="install.exe" dir="@{installerDir}/WBI">
							<arg value="-options" />
							<arg value="${wps_6.local.basedir}\files\wps-6.rsp" />
							<!-- Dont want to do this until I'm NOT debugging. to debug, comment out the next line-->
							<arg value="-silent" />
							<!--  and insert this line: -->
							<arg value="-log" />
							<arg value="#" />
							<arg value="!${wps_6.local.basedir}\files\WPSsilentinst.log" />
							<arg value="@ALL" />
						</os:runCmd>
					</then>
				</elseif>

				<else>
					<fail
						message="ASC macro wps_6:install_6 invoked on an unsupported platform (os.name=${os.name})" />
				</else>
			</if>
		</sequential>
	</macrodef>
</project>
