<!-- Copyright (C), 2004, International Business Machines, Inc. -->
<project name="was_5_common.distributed" basedir="." xmlns:db2="db2" xmlns:was_5_common.distributed="was_5_common.distributed" xmlns:was_5_common="was_5_common" xmlns:os="os">
	<import file="../asc/asc.xml" />
	<import file="../db2/db2.xml" />
	<import file="../os/os.xml" />
	<!-- Do not import was_5_common.xml because it causes circular processing
	     in the RemoteMacroBuilder utility.  (The utility uses Ant to instantiate
	     each buildfile, then APIs to extract the macrodef information.  The
	     problem is that Ant attempts to import was_5_common.xml, which is
	     only partially generated at the time.)
	     
	     One fix would be to rewrite the utility to parse buildfiles directly
	     (that is, do not use Ant).
	     
	     Another (simpler) fix is to not import was_5_common.xml here.  This works.
	     At run-time, was_5_common.distributed.xml is imported from was_5_common.xml, so
	     no need to import was_5_common.xml. -->


	<macrodef name="createSchedulerDatabaseDB2" uri="was_5_common.distributed">
		<attribute name="wasHome" />
		<attribute name="wasDbInst" />
		<attribute name="wasDbNode" />
		<attribute name="wasAgent" />
		<attribute name="tokenLocation" />
		<attribute name="tokenSchedTablespace" />
		<attribute name="tokenTablePrefix" />
		<attribute name="dbName" />
		<attribute name="db2DdlDir" />
		<attribute name="db2DbInst" />
		<attribute name="db2DbInstPassword" />
		<attribute name="db2Agent" />
		<sequential>
			<copyFile srcFile="@{wasHome}/Scheduler/createTablespaceDB2.ddl" srcAgent="@{wasAgent}" destFile="@{db2DdlDir}/createTablespaceDB2.ddl" destAgent="@{db2Agent}" />
			<copyFile srcFile="@{wasHome}/Scheduler/createSchemaDB2.ddl" srcAgent="@{wasAgent}" destFile="@{db2DdlDir}/createSchemaDB2.ddl" destAgent="@{db2Agent}" />
			<copyFile srcFile="@{wasHome}/Scheduler/dropTablespaceDB2.ddl" srcAgent="@{wasAgent}" destFile="@{db2DdlDir}/dropTablespaceDB2.ddl" destAgent="@{db2Agent}" />
			<copyFile srcFile="@{wasHome}/Scheduler/dropSchemaDB2.ddl" srcAgent="@{wasAgent}" destFile="@{db2DdlDir}/dropSchemaDB2.ddl" destAgent="@{db2Agent}" />

			<invokeRemoteAnt fileName="library/was_5_common/was_5_common.distributed.xml" target="_was_5_common.distributed:modifySchedulerDDLs" agent="@{db2Agent}">
				<remoteAntProperty name="workingDir" value="@{db2DdlDir}" />
				<remoteAntProperty name="location" value="@{tokenLocation}" />
				<remoteAntProperty name="SCHED_TABLESPACE" value="@{tokenSchedTablespace}" />
				<remoteAntProperty name="TABLE_PREFIX" value="@{tokenTablePrefix}" />
			</invokeRemoteAnt>
			
			<db2:runClp runAsUser="@{db2DbInst}" cmd="db2 create database @{dbName} USING CODESET UTF-8 TERRITORY en-us" agent="@{db2Agent}" />

			<db2:executeDdl runAsUser="@{db2DbInst}" dbName="@{dbName}" user="@{db2DbInst}" password="@{db2DbInstPassword}" ddlFileName="@{db2DdlDir}/createTablespaceDB2.ddl" agent="@{db2Agent}" />
			<db2:executeDdl runAsUser="@{db2DbInst}" dbName="@{dbName}" user="@{db2DbInst}" password="@{db2DbInstPassword}" ddlFileName="@{db2DdlDir}/createSchemaDB2.ddl" agent="@{db2Agent}" />

			<if>
				<not>
					<equals arg1="@{wasAgent}" arg2="@{db2Agent}" />
				</not>
				<then>
					<db2:catalogRemoteDb dbName="@{dbName}" nodeName="@{wasDbNode}" userName="@{wasDbInst}" agent="@{wasAgent}" />
				</then>
			</if>
		</sequential>
	</macrodef>
	
	<target name="_was_5_common.distributed:modifySchedulerDDLs">
		<replace dir="${workingDir}" includes="createTablespaceDB2.ddl,createSchemaDB2.ddl,dropTablespaceDB2.ddl,dropSchemaDB2.ddl">
			<replacefilter token="@location@" value="${location}" />
			<replacefilter token="@SCHED_TABLESPACE@" value="${SCHED_TABLESPACE}" />
			<replacefilter token="@TABLE_PREFIX@" value="${TABLE_PREFIX}" />
		</replace>
	</target>
	

	<!-- Ref:  http://publib.boulder.ibm.com/infocenter/ws51help/index.jsp?topic=/com.ibm.wasee.doc/info/ee/workflow/tasks/t2co.html -->
	<macrodef name="configureBpelContainer" uri="was_5_common.distributed" description="Configures the Business Process Choreography container with local or remote DB2.  Pre-req:  Queue manager already created.  Does not enable global security.">
		<attribute name="wasHome" description="WAS install directory (e.g. C:/Progra~1/WebSphere/AppServer)" />
		<attribute name="wasNode" description="Name of WAS node that contains the server to be configured with BPC" />
		<attribute name="wasServer" description="Name of WAS server to be configured with BPC" />
		<attribute name="wasDb2Home" description="DB2 install directory on WAS host; can be different from db2Home for remote DB2" />
		<attribute name="mqHome" description="MQ install directory on WAS host" />
		<attribute name="wasMqAdmin" description="(Linux only) User with MQ admin permissions" />
		<attribute name="wasQmgr" description="Already-defined Queue Manager on WAS host" />
		<attribute name="wasDbNode" default="" description="(Remote only) Local name for the cataloged remote node" />
		<attribute name="wasDbInst" default="" description="(Remote only) User with owner permissions for DB2 on WAS host" />
		<attribute name="wasAgent" description="ASC agent handle for the WAS agent" />
		<attribute name="pcAdminUser" description="User to have admin permissions for the Process Choreography container" />
		<attribute name="pcJmsRunAsUser" description="Owner of the JMS process" />
		<attribute name="pcJmsRunAsPwd" description="Password for pcJmsRunAsUser" />
		<attribute name="tokenLocation" description="Location where the container tablespaces are stored (e.g. mySolution)" />
		<attribute name="db2Home" description="DB2 install directory on DB2 host; same as wasDb2Home for single-server configuration." />
		<attribute name="dbServer" description="Fully-qualified host name of the database server machine." />
		<attribute name="db2DbInst" description="Owner of the database instance" />
		<attribute name="db2DbInstPasswd" description="Password for db2DbInst" />
		<attribute name="db2DdlDir" description="Directory on DB2 host into which the DDL files are copied" />
		<attribute name="db2Agent" description="ASC agent handle for the DB2 agent" />
		<sequential>
			<!-- Create MQ queues on an existing queue manager. -->
			<os:runShellScript shellScript="createQueues" dir="@{wasHome}/ProcessChoreographer" runAsUser="@{wasMqAdmin}" agent="@{wasAgent}">
				<arg value="@{wasQmgr}" />
			</os:runShellScript>

			<!-- Create database and BPC schema. -->
			<copyFiles srcDir="@{wasHome}/ProcessChoreographer" srcIncludes="clearSchemaDb2.ddl,createDatabaseDb2.ddl,createTablespaceDb2.ddl,createSchemaDb2.ddl,dropSchemaDb2.ddl,dropTablespaceDb2.ddl" srcAgent="@{wasAgent}" destDir="@{db2DdlDir}" destAgent="@{db2Agent}" />

			<invokeRemoteAnt fileName="library/was_5_common/was_5_common.distributed.xml" target="_was_5_common.distributed:modifyBpelDDLs" agent="@{db2Agent}">
				<remoteAntProperty name="workingDir" value="@{db2DdlDir}" />
				<remoteAntProperty name="location" value="@{tokenLocation}" />
			</invokeRemoteAnt>
			
			<db2:executeDdl runAsUser="@{db2DbInst}" dir="@{db2DdlDir}" ddlFileName="createDatabaseDb2.ddl" agent="@{db2Agent}" />

			<db2:runClp runAsUser="@{db2DbInst}" dbName="BPEDB" cmd="db2 bind @{db2Home}/bnd/@db2cli.lst blocking all grant public" agent="@{db2Agent}" />

			<db2:executeDdl runAsUser="@{db2DbInst}" dir="@{db2DdlDir}" dbName="BPEDB" ddlFileName="createTablespaceDb2.ddl" agent="@{db2Agent}" />
			<db2:executeDdl runAsUser="@{db2DbInst}" dir="@{db2DdlDir}" dbName="BPEDB" ddlFileName="createSchemaDb2.ddl" agent="@{db2Agent}" />
			

			<if>
				<not>
					<equals arg1="@{wasAgent}" arg2="@{db2Agent}" />
				</not>
				<then>
					<db2:catalogRemoteNode runAsUser="@{wasDbInst}" nodeName="@{wasDbNode}" db2ServerHostName="@{dbServer}" connectionServicePort="db2c_DB2" agent="@{wasAgent}" />
					<db2:catalogRemoteDb dbName="BPEDB" nodeName="@{wasDbNode}" runAsUser="@{wasDbInst}" agent="@{wasAgent}" />
				</then>
			</if>
			
			<was_5_common:runWsadmin wasHome="@{wasHome}" jaclFile="@{wasHome}/ProcessChoreographer/sample/bpeconfig.jacl" agent="@{wasAgent}">
				<arg value="-node" />
				<arg value="@{wasNode}" />
				<arg value="-server" />
				<arg value="@{wasServer}" />
				<arg value="-adminUsers" />
				<arg value="@{pcAdminUser}" />
				<arg value="-jmsRunAsUser" />
				<arg value="@{pcJmsRunAsUser}" />
				<arg value="-jmsRunAsPwd" />
				<arg value="@{pcJmsRunAsPwd}" />
				<arg value="-dbType" />
				<arg value="DB2" />
				<arg value="-hostName" />
				<arg value="default_host" />
				<arg value="-dbHome" />
				<arg value="@{wasDb2Home}" />
				<arg value="-dbName" />
				<arg value="BPEDB" />
				<arg value="-driverType" />
				<arg value="CLI" />
				<arg value="-dbUser" />
				<arg value="@{db2DbInst}" />
				<arg value="-dbPwd" />
				<arg value="@{db2DbInstPasswd}" />
				<arg value="-createDB" />
				<arg value="no" />
				<arg value="-createQM" />
				<arg value="no" />
				<arg value="-mqHome" />
				<arg value="@{mqHome}" />
				<arg value="-qmNameGet" />
				<arg value="@{wasQmgr}" />
				<arg value="-enableSecurity" />
				<arg value="no" />
			</was_5_common:runWsadmin>
		</sequential>
	</macrodef>

	<target name="_was_5_common.distributed:modifyBpelDDLs">
		<!--  Appears that the container path must use platform-specific separator (errors encountered when using forward slash on MS Windows). -->
		<!--  http://publib.boulder.ibm.com/infocenter/db2help/index.jsp?topic=/com.ibm.db2.udb.doc/admin/r0000929.htm -->
		<replace file="${workingDir}/createTablespaceDb2.ddl" token="@location@/" value="${location}${file.separator}" />
	</target>
	
</project>
