<?xml version="1.0"?>

<!DOCTYPE project [
    <!ENTITY elements SYSTEM "elements.xml">
]>

<!-- Generated from was_5_common.local.xml. -->
<!-- Generated from was_5_common.distributed.xml. -->

<project name="was_5_common" xmlns:was_5_common="was_5_common" xmlns:was_5_common.local="was_5_common.local" xmlns:was_5_common.distributed="was_5_common.distributed">
  <import file="../asc/asc.xml" />
  <import file="was_5_common.local.xml" />
  <import file="was_5_common.distributed.xml" />
  <description>Library of common macros for WebSphere Application Server V5 (and beyond).
	Developers of orchestration processes should reference product-specific
	WAS libraries (e.g. was_5, was_6) instead of this library.</description>

  <!-- ===================================================================== -->
  <!-- Artifacts for remote invocation of createJ2CAuthentication -->
  <!-- ===================================================================== -->
  <macrodef name="createJ2CAuthentication" uri="was_5_common" description="Define authentication data, which includes user identities and passwords" >
    <attribute name="washome" description="the root of the WebSphere Application Server install (e.g. C:/Progra~1/WebSphere/AppServer)" />
    <attribute name="alias" description="Specifies the name of the authentication data entry" />
    <attribute name="userid" description="Specifies the user identity" />
    <attribute name="password" description="the pass word of the user" />
    <attribute name="description" default="JAAS Alias for WebSphere" description="Specifies an optional description of the authentication data entry" />
    <attribute name="agent" description="ASC agent handle for remoting execution." />
    <sequential>
      <_asc_init agent="@{agent}" />

      <invokeRemoteAnt fileName="library/was_5_common/was_5_common.xml" target="_was_5_common:createJ2CAuthentication" isPutFile="false" agent="@{agent}">
        <remoteAntProperty name="washome" value="@{washome}" />
        <remoteAntProperty name="alias" value="@{alias}" />
        <remoteAntProperty name="userid" value="@{userid}" />
        <remoteAntProperty name="password" value="@{password}" />
        <remoteAntProperty name="description" value="@{description}" />
      </invokeRemoteAnt>
    </sequential>
  </macrodef>

  <target name="_was_5_common:createJ2CAuthentication" >
    <was_5_common.local:createJ2CAuthentication washome="${washome}" alias="${alias}" userid="${userid}" password="${password}" description="${description}" >
    </was_5_common.local:createJ2CAuthentication>
  </target>

  <!-- ===================================================================== -->
  <!-- Artifacts for remote invocation of genPlugin -->
  <!-- ===================================================================== -->
  <macrodef name="genPlugin" uri="was_5_common" description="Update the WebSphere Application Server Web server plug-in configuration file." >
    <attribute name="washome" description="the root of the WebSphere Application Server install (e.g. C:/Progra~1/WebSphere/AppServer)" />
    <attribute name="destinationroot" default="" description="Sets root directory for filesystem references (e.g. log is placed in {destinationRoot}/logs/http_plugin.log).  Defaults to the WAS install directory." />
    <attribute name="agent" description="ASC agent handle for remoting execution." />
    <sequential>
      <_asc_init agent="@{agent}" />

      <invokeRemoteAnt fileName="library/was_5_common/was_5_common.xml" target="_was_5_common:genPlugin" isPutFile="false" agent="@{agent}">
        <remoteAntProperty name="washome" value="@{washome}" />
        <remoteAntProperty name="destinationroot" value="@{destinationroot}" />
      </invokeRemoteAnt>
    </sequential>
  </macrodef>

  <target name="_was_5_common:genPlugin" >
    <was_5_common.local:genPlugin washome="${washome}" destinationroot="${destinationroot}" >
    </was_5_common.local:genPlugin>
  </target>

  <!-- ===================================================================== -->
  <!-- Artifacts for remote invocation of installEAR -->
  <!-- ===================================================================== -->
  <macrodef name="installEAR" uri="was_5_common" description="Install an Enterprise Application into WebSphere Application Server." >
    <attribute name="washome" description="the root of the WebSphere Application Server install (e.g. C:/Progra~1/WebSphere/AppServer)" />
    <attribute name="earfile" description="Archive (.ear) containing the application to install." />
    <attribute name="appname" description="Optional name for the application." />
    <attribute name="server" default="server1" description="WAS server name.  At least one of cell/node/server must be specified." />
    <attribute name="node" default="" description="WAS node name.  At least one of cell/node/server must be specified." />
    <attribute name="cell" default="" description="WAS cell name.  At least one of cell/node/server must be specified." />
    <attribute name="scope" default="Server" description="Specify on which scope to deploy WAS artifact" />
    <attribute name="agent" description="ASC agent handle for remoting execution." />
    <sequential>
      <_asc_init agent="@{agent}" />

      <invokeRemoteAnt fileName="library/was_5_common/was_5_common.xml" target="_was_5_common:installEAR" isPutFile="false" agent="@{agent}">
        <remoteAntProperty name="washome" value="@{washome}" />
        <remoteAntProperty name="earfile" value="@{earfile}" />
        <remoteAntProperty name="appname" value="@{appname}" />
        <remoteAntProperty name="server" value="@{server}" />
        <remoteAntProperty name="node" value="@{node}" />
        <remoteAntProperty name="cell" value="@{cell}" />
        <remoteAntProperty name="scope" value="@{scope}" />
      </invokeRemoteAnt>
    </sequential>
  </macrodef>

  <target name="_was_5_common:installEAR" >
    <was_5_common.local:installEAR washome="${washome}" earfile="${earfile}" appname="${appname}" server="${server}" node="${node}" cell="${cell}" scope="${scope}" >
    </was_5_common.local:installEAR>
  </target>

  <!-- ===================================================================== -->
  <!-- Artifacts for remote invocation of installFix -->
  <!-- ===================================================================== -->
  <macrodef name="installFix" uri="was_5_common" description="Install a WAS fix." >
    <attribute name="washome" description="Directory where WAS 5.1 was already installed." />
    <attribute name="fixfile" description="Archive (.jar) containing the fix." />
    <attribute name="fixid" description="Fix ID.  Required for WAS' update installer." />
    <attribute name="agent" description="ASC agent handle for remoting execution." />
    <sequential>
      <_asc_init agent="@{agent}" />

      <invokeRemoteAnt fileName="library/was_5_common/was_5_common.xml" target="_was_5_common:installFix" isPutFile="false" agent="@{agent}">
        <remoteAntProperty name="washome" value="@{washome}" />
        <remoteAntProperty name="fixfile" value="@{fixfile}" />
        <remoteAntProperty name="fixid" value="@{fixid}" />
      </invokeRemoteAnt>
    </sequential>
  </macrodef>

  <target name="_was_5_common:installFix" >
    <was_5_common.local:installFix washome="${washome}" fixfile="${fixfile}" fixid="${fixid}" >
    </was_5_common.local:installFix>
  </target>

  <!-- ===================================================================== -->
  <!-- Artifacts for remote invocation of installFixPack -->
  <!-- ===================================================================== -->
  <macrodef name="installFixPack" uri="was_5_common" description="Install a WAS fixpack." >
    <attribute name="washome" description="Directory where WAS 5.1 was already installed." />
    <attribute name="installerimage" description="Directory that contains the install image." />
    <attribute name="fixpackidprefix" description="Platform-independent fixpack ID prefix.  Implementation appends platform-dependent suffix (e.g. _win, _linux)." />
    <attribute name="agent" description="ASC agent handle for remoting execution." />
    <sequential>
      <_asc_init agent="@{agent}" />

      <invokeRemoteAnt fileName="library/was_5_common/was_5_common.xml" target="_was_5_common:installFixPack" isPutFile="false" agent="@{agent}">
        <remoteAntProperty name="washome" value="@{washome}" />
        <remoteAntProperty name="installerimage" value="@{installerimage}" />
        <remoteAntProperty name="fixpackidprefix" value="@{fixpackidprefix}" />
      </invokeRemoteAnt>
    </sequential>
  </macrodef>

  <target name="_was_5_common:installFixPack" >
    <was_5_common.local:installFixPack washome="${washome}" installerimage="${installerimage}" fixpackidprefix="${fixpackidprefix}" >
    </was_5_common.local:installFixPack>
  </target>

  <!-- ===================================================================== -->
  <!-- Artifacts for remote invocation of installJAR -->
  <!-- ===================================================================== -->
  <macrodef name="installJAR" uri="was_5_common" description="Install a EJB Application into WebSphere Application Server." >
    <attribute name="washome" description="the root of the WebSphere Application Server install (e.g. C:/Progra~1/WebSphere/AppServer)" />
    <attribute name="jarfile" description="Archive (.jar) containing the Ejb application to install." />
    <attribute name="appname" description="Name for the application." />
    <attribute name="server" default="server1" description="WAS server name.  At least one of cell/node/server must be specified." />
    <attribute name="node" default="" description="WAS node name.  At least one of cell/node/server must be specified." />
    <attribute name="cell" default="" description="WAS cell name.  At least one of cell/node/server must be specified." />
    <attribute name="agent" description="ASC agent handle for remoting execution." />
    <sequential>
      <_asc_init agent="@{agent}" />

      <invokeRemoteAnt fileName="library/was_5_common/was_5_common.xml" target="_was_5_common:installJAR" isPutFile="false" agent="@{agent}">
        <remoteAntProperty name="washome" value="@{washome}" />
        <remoteAntProperty name="jarfile" value="@{jarfile}" />
        <remoteAntProperty name="appname" value="@{appname}" />
        <remoteAntProperty name="server" value="@{server}" />
        <remoteAntProperty name="node" value="@{node}" />
        <remoteAntProperty name="cell" value="@{cell}" />
      </invokeRemoteAnt>
    </sequential>
  </macrodef>

  <target name="_was_5_common:installJAR" >
    <was_5_common.local:installJAR washome="${washome}" jarfile="${jarfile}" appname="${appname}" server="${server}" node="${node}" cell="${cell}" >
    </was_5_common.local:installJAR>
  </target>

  <!-- ===================================================================== -->
  <!-- Artifacts for remote invocation of installResourceAdapter -->
  <!-- ===================================================================== -->
  <macrodef name="installResourceAdapter" uri="was_5_common" description="install a J2C Resource Adapter." >
    <attribute name="washome" description="the root of the WebSphere Application Server install (e.g. C:/Progra~1/WebSphere/AppServer)" />
    <attribute name="rarfile" description="Archive (.rar) containing the resource adapter." />
    <attribute name="name" description="resource adaptor name " />
    <attribute name="scope" default="Node" description="Specify on which scope to deploy WAS artifact" />
    <attribute name="node" default="" description="WAS node name." />
    <attribute name="cell" default="" description="WAS cell name." />
    <attribute name="agent" description="ASC agent handle for remoting execution." />
    <sequential>
      <_asc_init agent="@{agent}" />

      <invokeRemoteAnt fileName="library/was_5_common/was_5_common.xml" target="_was_5_common:installResourceAdapter" isPutFile="false" agent="@{agent}">
        <remoteAntProperty name="washome" value="@{washome}" />
        <remoteAntProperty name="rarfile" value="@{rarfile}" />
        <remoteAntProperty name="name" value="@{name}" />
        <remoteAntProperty name="scope" value="@{scope}" />
        <remoteAntProperty name="node" value="@{node}" />
        <remoteAntProperty name="cell" value="@{cell}" />
      </invokeRemoteAnt>
    </sequential>
  </macrodef>

  <target name="_was_5_common:installResourceAdapter" >
    <was_5_common.local:installResourceAdapter washome="${washome}" rarfile="${rarfile}" name="${name}" scope="${scope}" node="${node}" cell="${cell}" >
    </was_5_common.local:installResourceAdapter>
  </target>

  <!-- ===================================================================== -->
  <!-- Artifacts for remote invocation of installUpdateInstaller -->
  <!-- ===================================================================== -->
  <macrodef name="installUpdateInstaller" uri="was_5_common" >
    <attribute name="washome" description="the root of the WebSphere Application Server install (e.g. C:/Progra~1/WebSphere/AppServer)" />
    <attribute name="installimage" description="Directory that contains the install image." />
    <attribute name="agent" description="ASC agent handle for remoting execution." />
    <sequential>
      <_asc_init agent="@{agent}" />

      <invokeRemoteAnt fileName="library/was_5_common/was_5_common.xml" target="_was_5_common:installUpdateInstaller" isPutFile="false" agent="@{agent}">
        <remoteAntProperty name="washome" value="@{washome}" />
        <remoteAntProperty name="installimage" value="@{installimage}" />
      </invokeRemoteAnt>
    </sequential>
  </macrodef>

  <target name="_was_5_common:installUpdateInstaller" >
    <was_5_common.local:installUpdateInstaller washome="${washome}" installimage="${installimage}" >
    </was_5_common.local:installUpdateInstaller>
  </target>

  <!-- ===================================================================== -->
  <!-- Artifacts for remote invocation of installWAR -->
  <!-- ===================================================================== -->
  <macrodef name="installWAR" uri="was_5_common" description="Install a Web Application into WebSphere Application Server." >
    <attribute name="washome" description="the root of the WebSphere Application Server install (e.g. C:/Progra~1/WebSphere/AppServer)" />
    <attribute name="warfile" description="Archive (.war) containing the Web application to install." />
    <attribute name="appname" description="Name for the application." />
    <attribute name="contextroot" description="Web root for the application (e.g. /myApp)." />
    <attribute name="server" default="server1" description="WAS server name.  At least one of cell/node/server must be specified." />
    <attribute name="node" default="" description="WAS node name.  At least one of cell/node/server must be specified." />
    <attribute name="cell" default="" description="WAS cell name.  At least one of cell/node/server must be specified." />
    <attribute name="scope" default="Server" description="Specify on which scope to deploy WAS artifact" />
    <attribute name="agent" description="ASC agent handle for remoting execution." />
    <sequential>
      <_asc_init agent="@{agent}" />

      <invokeRemoteAnt fileName="library/was_5_common/was_5_common.xml" target="_was_5_common:installWAR" isPutFile="false" agent="@{agent}">
        <remoteAntProperty name="washome" value="@{washome}" />
        <remoteAntProperty name="warfile" value="@{warfile}" />
        <remoteAntProperty name="appname" value="@{appname}" />
        <remoteAntProperty name="contextroot" value="@{contextroot}" />
        <remoteAntProperty name="server" value="@{server}" />
        <remoteAntProperty name="node" value="@{node}" />
        <remoteAntProperty name="cell" value="@{cell}" />
        <remoteAntProperty name="scope" value="@{scope}" />
      </invokeRemoteAnt>
    </sequential>
  </macrodef>

  <target name="_was_5_common:installWAR" >
    <was_5_common.local:installWAR washome="${washome}" warfile="${warfile}" appname="${appname}" contextroot="${contextroot}" server="${server}" node="${node}" cell="${cell}" scope="${scope}" >
    </was_5_common.local:installWAR>
  </target>

  <!-- ===================================================================== -->
  <!-- Artifacts for remote invocation of install_CEI -->
  <!-- ===================================================================== -->
  <macrodef name="install_CEI" uri="was_5_common" >
    <attribute name="washome" />
    <attribute name="jdbcclasspath" />
    <attribute name="dbuser" />
    <attribute name="dbpassword" />
    <attribute name="node" />
    <attribute name="server" />
    <attribute name="dbnodename" default="" />
    <attribute name="agent" description="ASC agent handle for remoting execution." />
    <sequential>
      <_asc_init agent="@{agent}" />

      <invokeRemoteAnt fileName="library/was_5_common/was_5_common.xml" target="_was_5_common:install_CEI" isPutFile="false" agent="@{agent}">
        <remoteAntProperty name="washome" value="@{washome}" />
        <remoteAntProperty name="jdbcclasspath" value="@{jdbcclasspath}" />
        <remoteAntProperty name="dbuser" value="@{dbuser}" />
        <remoteAntProperty name="dbpassword" value="@{dbpassword}" />
        <remoteAntProperty name="node" value="@{node}" />
        <remoteAntProperty name="server" value="@{server}" />
        <remoteAntProperty name="dbnodename" value="@{dbnodename}" />
      </invokeRemoteAnt>
    </sequential>
  </macrodef>

  <target name="_was_5_common:install_CEI" >
    <was_5_common.local:install_CEI washome="${washome}" jdbcclasspath="${jdbcclasspath}" dbuser="${dbuser}" dbpassword="${dbpassword}" node="${node}" server="${server}" dbnodename="${dbnodename}" >
    </was_5_common.local:install_CEI>
  </target>

  <!-- ===================================================================== -->
  <!-- Artifacts for remote invocation of runWsadmin -->
  <!-- ===================================================================== -->
  <macrodef name="runWsadmin" uri="was_5_common" description="Run WebSphere Application Server's wsadmin scripting client." >
    <attribute name="washome" description="the root of the WebSphere Application Server install (e.g. C:/Progra~1/WebSphere/AppServer)" />
    <attribute name="jaclfile" description="the filename of the script to execute" />
    <attribute name="dir" default="." description="the directory in which to execute wsadmin. Defaults to the current directory." />
    <attribute name="agent" description="ASC agent handle for remoting execution." />
    <element name="args" optional="true" implicit="true" description="Contains nested arg elements for wsadmin." />
    <sequential>
      <_asc_init agent="@{agent}" />

      <invokeRemoteAnt fileName="library/was_5_common/was_5_common.xml" target="_was_5_common:runWsadmin" isPutFile="false" agent="@{agent}">
        <remoteAntProperty name="washome" value="@{washome}" />
        <remoteAntProperty name="jaclfile" value="@{jaclfile}" />
        <remoteAntProperty name="dir" value="@{dir}" />
        <remoteAntElement name="args" implicit="true">
          <args />
        </remoteAntElement>
      </invokeRemoteAnt>
    </sequential>
  </macrodef>

  <target name="_was_5_common:runWsadmin" >
    <was_5_common.local:runWsadmin washome="${washome}" jaclfile="${jaclfile}" dir="${dir}" >
      &elements;
    </was_5_common.local:runWsadmin>
  </target>

  <!-- ===================================================================== -->
  <!-- Artifacts for remote invocation of setAuthnData -->
  <!-- ===================================================================== -->
  <macrodef name="setAuthnData" uri="was_5_common" description="Configure a WebSphere Application Server authentication data entry.  Create the alias if it doesn't exist or modify its userid and password if it does." >
    <attribute name="washome" description="the root of the WebSphere Application Server install (e.g. C:/Progra~1/WebSphere/AppServer)" />
    <attribute name="alias" description="the name of the authentication data entry" />
    <attribute name="userid" description="the user id contained in the authentication data entry" />
    <attribute name="password" description="the password contained in the authentication data entry" />
    <attribute name="agent" description="ASC agent handle for remoting execution." />
    <sequential>
      <_asc_init agent="@{agent}" />

      <invokeRemoteAnt fileName="library/was_5_common/was_5_common.xml" target="_was_5_common:setAuthnData" isPutFile="false" agent="@{agent}">
        <remoteAntProperty name="washome" value="@{washome}" />
        <remoteAntProperty name="alias" value="@{alias}" />
        <remoteAntProperty name="userid" value="@{userid}" />
        <remoteAntProperty name="password" value="@{password}" />
      </invokeRemoteAnt>
    </sequential>
  </macrodef>

  <target name="_was_5_common:setAuthnData" >
    <was_5_common.local:setAuthnData washome="${washome}" alias="${alias}" userid="${userid}" password="${password}" >
    </was_5_common.local:setAuthnData>
  </target>

  <!-- ===================================================================== -->
  <!-- Artifacts for remote invocation of setDB2DataSourceV5 -->
  <!-- ===================================================================== -->
  <macrodef name="setDB2DataSourceV5" uri="was_5_common" description="Create a new WebSphere Application Server datasource for a given DB2 JDBC provider.  Do nothing is a data source already exists with the specified JNDI name." >
    <attribute name="washome" description="the root of the WebSphere Application Server install (e.g. C:/Progra~1/WebSphere/AppServer)" />
    <attribute name="providername" description="Name of the associated JDBC provider." />
    <attribute name="datasourcename" description="Name of the datasource." />
    <attribute name="server" default="server1" description="WAS server name associated with the DB2 JDBC provider.  At least one of cell/node/server must be specified." />
    <attribute name="node" default="" description="WAS node name associated with the DB2 JDBC provider.  At least one of cell/node/server must be specified." />
    <attribute name="cell" default="" description="WAS cell name associated with the DB2 JDBC provider.  At least one of cell/node/server must be specified." />
    <attribute name="scope" default="" description="Specify on which scope to deploy WAS artifact" />
    <attribute name="databasename" default="" description="database name of datasource " />
    <attribute name="jndiname" default="" description="Specify the jndiName of the datasource" />
    <attribute name="authenticationalias" default="" description="This alias is used for database authentication at run time" />
    <attribute name="agent" description="ASC agent handle for remoting execution." />
    <sequential>
      <_asc_init agent="@{agent}" />

      <invokeRemoteAnt fileName="library/was_5_common/was_5_common.xml" target="_was_5_common:setDB2DataSourceV5" isPutFile="false" agent="@{agent}">
        <remoteAntProperty name="washome" value="@{washome}" />
        <remoteAntProperty name="providername" value="@{providername}" />
        <remoteAntProperty name="datasourcename" value="@{datasourcename}" />
        <remoteAntProperty name="server" value="@{server}" />
        <remoteAntProperty name="node" value="@{node}" />
        <remoteAntProperty name="cell" value="@{cell}" />
        <remoteAntProperty name="scope" value="@{scope}" />
        <remoteAntProperty name="databasename" value="@{databasename}" />
        <remoteAntProperty name="jndiname" value="@{jndiname}" />
        <remoteAntProperty name="authenticationalias" value="@{authenticationalias}" />
      </invokeRemoteAnt>
    </sequential>
  </macrodef>

  <target name="_was_5_common:setDB2DataSourceV5" >
    <was_5_common.local:setDB2DataSourceV5 washome="${washome}" providername="${providername}" datasourcename="${datasourcename}" server="${server}" node="${node}" cell="${cell}" scope="${scope}" databasename="${databasename}" jndiname="${jndiname}" authenticationalias="${authenticationalias}" >
    </was_5_common.local:setDB2DataSourceV5>
  </target>

  <!-- ===================================================================== -->
  <!-- Artifacts for remote invocation of setDB2JdbcProvider -->
  <!-- ===================================================================== -->
  <macrodef name="setDB2JdbcProvider" uri="was_5_common" description="Configure a WebSphere Application Server DB2 JDBC provider. Create the DB2 JDBC provider if it doesn't exist.  If it does exist, no modifications are made." >
    <attribute name="washome" description="the root of the WebSphere Application Server install (e.g. C:/Progra~1/WebSphere/AppServer)" />
    <attribute name="providername" description="Name for this JDBC provider entry." />
    <attribute name="providertype" description="the name of the provider type to use when creating the JDBC provider" />
    <attribute name="implementationtype" description="the name of the implementation type to use when creating the JDBC provider" />
    <attribute name="server" default="server1" description="WAS server name.  At least one of cell/node/server must be specified." />
    <attribute name="node" default="" description="WAS node name.  At least one of cell/node/server must be specified." />
    <attribute name="cell" default="" description="WAS cell name.  At least one of cell/node/server must be specified." />
    <attribute name="scope" default="Node" description="Specify on which scope to deploy WAS artifact" />
    <attribute name="description" default="" description="Description of the DB2 JDBC provider" />
    <attribute name="agent" description="ASC agent handle for remoting execution." />
    <sequential>
      <_asc_init agent="@{agent}" />

      <invokeRemoteAnt fileName="library/was_5_common/was_5_common.xml" target="_was_5_common:setDB2JdbcProvider" isPutFile="false" agent="@{agent}">
        <remoteAntProperty name="washome" value="@{washome}" />
        <remoteAntProperty name="providername" value="@{providername}" />
        <remoteAntProperty name="providertype" value="@{providertype}" />
        <remoteAntProperty name="implementationtype" value="@{implementationtype}" />
        <remoteAntProperty name="server" value="@{server}" />
        <remoteAntProperty name="node" value="@{node}" />
        <remoteAntProperty name="cell" value="@{cell}" />
        <remoteAntProperty name="scope" value="@{scope}" />
        <remoteAntProperty name="description" value="@{description}" />
      </invokeRemoteAnt>
    </sequential>
  </macrodef>

  <target name="_was_5_common:setDB2JdbcProvider" >
    <was_5_common.local:setDB2JdbcProvider washome="${washome}" providername="${providername}" providertype="${providertype}" implementationtype="${implementationtype}" server="${server}" node="${node}" cell="${cell}" scope="${scope}" description="${description}" >
    </was_5_common.local:setDB2JdbcProvider>
  </target>

  <!-- ===================================================================== -->
  <!-- Artifacts for remote invocation of setDataSource -->
  <!-- ===================================================================== -->
  <macrodef name="setDataSource" uri="was_5_common" description="Create a new WebSphere Application Server datasource for a given JDBC provider.  Do nothing is a data source already exists with the specified JNDI name." >
    <attribute name="washome" description="the root of the WebSphere Application Server install (e.g. C:/Progra~1/WebSphere/AppServer)" />
    <attribute name="providername" description="Name of the associated JDBC provider." />
    <attribute name="providertemplatename" description="the name of the template to use to create the datasource" />
    <attribute name="name" description="Name of the datasource." />
    <attribute name="jndiname" description="the JNDI name of the datasource" />
    <attribute name="authdataalias" default="" description="Optional alias of the authentication data entry for the datasource.  Defaults to none." />
    <attribute name="databasename" description="database name" />
    <attribute name="server" default="server1" description="WAS server name associated with the JDBC provider.  At least one of cell/node/server must be specified." />
    <attribute name="node" default="" description="WAS node name associated with the JDBC provider.  At least one of cell/node/server must be specified." />
    <attribute name="cell" default="" description="WAS cell name associated with the JDBC provider.  At least one of cell/node/server must be specified." />
    <attribute name="scope" default="Server" description="Specify on which scope to deploy WAS artifact" />
    <attribute name="agent" description="ASC agent handle for remoting execution." />
    <sequential>
      <_asc_init agent="@{agent}" />

      <invokeRemoteAnt fileName="library/was_5_common/was_5_common.xml" target="_was_5_common:setDataSource" isPutFile="false" agent="@{agent}">
        <remoteAntProperty name="washome" value="@{washome}" />
        <remoteAntProperty name="providername" value="@{providername}" />
        <remoteAntProperty name="providertemplatename" value="@{providertemplatename}" />
        <remoteAntProperty name="name" value="@{name}" />
        <remoteAntProperty name="jndiname" value="@{jndiname}" />
        <remoteAntProperty name="authdataalias" value="@{authdataalias}" />
        <remoteAntProperty name="databasename" value="@{databasename}" />
        <remoteAntProperty name="server" value="@{server}" />
        <remoteAntProperty name="node" value="@{node}" />
        <remoteAntProperty name="cell" value="@{cell}" />
        <remoteAntProperty name="scope" value="@{scope}" />
      </invokeRemoteAnt>
    </sequential>
  </macrodef>

  <target name="_was_5_common:setDataSource" >
    <was_5_common.local:setDataSource washome="${washome}" providername="${providername}" providertemplatename="${providertemplatename}" name="${name}" jndiname="${jndiname}" authdataalias="${authdataalias}" databasename="${databasename}" server="${server}" node="${node}" cell="${cell}" scope="${scope}" >
    </was_5_common.local:setDataSource>
  </target>

  <!-- ===================================================================== -->
  <!-- Artifacts for remote invocation of setDataSourceCustomProperties -->
  <!-- ===================================================================== -->
  <macrodef name="setDataSourceCustomProperties" uri="was_5_common" description="Configure the properties of a WebSphere Application Server datasource.  Modify the value of a property if it exists, or create the property if it doesn't." >
    <attribute name="washome" description="the root of the WebSphere Application Server install (e.g. C:/Progra~1/WebSphere/AppServer)" />
    <attribute name="server" default="" description="WAS server name associated with the data source.  At least one of cell/node/server must be specified." />
    <attribute name="node" default="" description="WAS node name associated with the data source.  At least one of cell/node/server must be specified." />
    <attribute name="cell" default="" description="WAS cell name associated with the data source.  At least one of cell/node/server must be specified." />
    <attribute name="providername" description="Name of the associated JDBC provider." />
    <attribute name="dsname" description="Name of the datasource." />
    <attribute name="propertyname" description="the name of the property to set" />
    <attribute name="propertyvalue" description="the new value of the property" />
    <attribute name="agent" description="ASC agent handle for remoting execution." />
    <sequential>
      <_asc_init agent="@{agent}" />

      <invokeRemoteAnt fileName="library/was_5_common/was_5_common.xml" target="_was_5_common:setDataSourceCustomProperties" isPutFile="false" agent="@{agent}">
        <remoteAntProperty name="washome" value="@{washome}" />
        <remoteAntProperty name="server" value="@{server}" />
        <remoteAntProperty name="node" value="@{node}" />
        <remoteAntProperty name="cell" value="@{cell}" />
        <remoteAntProperty name="providername" value="@{providername}" />
        <remoteAntProperty name="dsname" value="@{dsname}" />
        <remoteAntProperty name="propertyname" value="@{propertyname}" />
        <remoteAntProperty name="propertyvalue" value="@{propertyvalue}" />
      </invokeRemoteAnt>
    </sequential>
  </macrodef>

  <target name="_was_5_common:setDataSourceCustomProperties" >
    <was_5_common.local:setDataSourceCustomProperties washome="${washome}" server="${server}" node="${node}" cell="${cell}" providername="${providername}" dsname="${dsname}" propertyname="${propertyname}" propertyvalue="${propertyvalue}" >
    </was_5_common.local:setDataSourceCustomProperties>
  </target>

  <!-- ===================================================================== -->
  <!-- Artifacts for remote invocation of setEventGroupProfile -->
  <!-- ===================================================================== -->
  <macrodef name="setEventGroupProfile" uri="was_5_common" description="Creates a new WebSphere Application Server event group profile in the given event group profile list. Event group profiles are part of the Common Event Infrastructure. Does not currently check to see if the event group profile already exists." >
    <attribute name="washome" description="the root of the WebSphere Application Server install (e.g. C:/Progra~1/WebSphere/AppServer)" />
    <attribute name="server" default="" description="WAS server name associated with the CEI Provider.  At least one of cell/node/server must be specified." />
    <attribute name="node" default="" description="WAS node name associated with the CEI Provider.  At least one of cell/node/server must be specified." />
    <attribute name="cell" default="" description="WAS cell name associated with the CEI Provider.  At least one of cell/node/server must be specified." />
    <attribute name="listname" description="the name of the event group profile list to create this profile in" />
    <attribute name="groupname" description="the name of the event group profile" />
    <attribute name="eventselectorstring" description="describes the events you want to include in the event group" />
    <attribute name="agent" description="ASC agent handle for remoting execution." />
    <sequential>
      <_asc_init agent="@{agent}" />

      <invokeRemoteAnt fileName="library/was_5_common/was_5_common.xml" target="_was_5_common:setEventGroupProfile" isPutFile="false" agent="@{agent}">
        <remoteAntProperty name="washome" value="@{washome}" />
        <remoteAntProperty name="server" value="@{server}" />
        <remoteAntProperty name="node" value="@{node}" />
        <remoteAntProperty name="cell" value="@{cell}" />
        <remoteAntProperty name="listname" value="@{listname}" />
        <remoteAntProperty name="groupname" value="@{groupname}" />
        <remoteAntProperty name="eventselectorstring" value="@{eventselectorstring}" />
      </invokeRemoteAnt>
    </sequential>
  </macrodef>

  <target name="_was_5_common:setEventGroupProfile" >
    <was_5_common.local:setEventGroupProfile washome="${washome}" server="${server}" node="${node}" cell="${cell}" listname="${listname}" groupname="${groupname}" eventselectorstring="${eventselectorstring}" >
    </was_5_common.local:setEventGroupProfile>
  </target>

  <!-- ===================================================================== -->
  <!-- Artifacts for remote invocation of setEventGroupProfileList -->
  <!-- ===================================================================== -->
  <macrodef name="setEventGroupProfileList" uri="was_5_common" description="Creates a new WebSphere Application Server event group profile list. Event group profile lists are part of the Common Event Infrastructure. Does not create the event group profile list if one of the given name already exists." >
    <attribute name="washome" description="the root of the WebSphere Application Server install (e.g. C:/Progra~1/WebSphere/AppServer)" />
    <attribute name="server" default="" description="WAS server name associated with the CEI Provider.  At least one of cell/node/server must be specified." />
    <attribute name="node" default="" description="WAS node name associated with the CEI Provider.  At least one of cell/node/server must be specified." />
    <attribute name="cell" default="" description="WAS cell name associated with the CEI Provider.  At least one of cell/node/server must be specified." />
    <attribute name="name" description="the name of the event group profile list" />
    <attribute name="jndiname" description="the JNDI name of the event group profile list" />
    <attribute name="agent" description="ASC agent handle for remoting execution." />
    <sequential>
      <_asc_init agent="@{agent}" />

      <invokeRemoteAnt fileName="library/was_5_common/was_5_common.xml" target="_was_5_common:setEventGroupProfileList" isPutFile="false" agent="@{agent}">
        <remoteAntProperty name="washome" value="@{washome}" />
        <remoteAntProperty name="server" value="@{server}" />
        <remoteAntProperty name="node" value="@{node}" />
        <remoteAntProperty name="cell" value="@{cell}" />
        <remoteAntProperty name="name" value="@{name}" />
        <remoteAntProperty name="jndiname" value="@{jndiname}" />
      </invokeRemoteAnt>
    </sequential>
  </macrodef>

  <target name="_was_5_common:setEventGroupProfileList" >
    <was_5_common.local:setEventGroupProfileList washome="${washome}" server="${server}" node="${node}" cell="${cell}" name="${name}" jndiname="${jndiname}" >
    </was_5_common.local:setEventGroupProfileList>
  </target>

  <!-- ===================================================================== -->
  <!-- Artifacts for remote invocation of setJdbcProvider -->
  <!-- ===================================================================== -->
  <macrodef name="setJdbcProvider" uri="was_5_common" description="Configure a WebSphere Application Server JDBC provider. Create the JDBC provider if it doesn't exist.  If it does exist, no modifications are made." >
    <attribute name="washome" description="the root of the WebSphere Application Server install (e.g. C:/Progra~1/WebSphere/AppServer)" />
    <attribute name="providername" description="Name for this JDBC provider entry." />
    <attribute name="providertemplatename" description="the name of the template to use when creating the JDBC provider" />
    <attribute name="server" default="server1" description="WAS server name.  At least one of cell/node/server must be specified." />
    <attribute name="node" default="" description="WAS node name.  At least one of cell/node/server must be specified." />
    <attribute name="cell" default="" description="WAS cell name.  At least one of cell/node/server must be specified." />
    <attribute name="scope" default="Server" description="Specify on which scope to deploy WAS artifact" />
    <attribute name="agent" description="ASC agent handle for remoting execution." />
    <sequential>
      <_asc_init agent="@{agent}" />

      <invokeRemoteAnt fileName="library/was_5_common/was_5_common.xml" target="_was_5_common:setJdbcProvider" isPutFile="false" agent="@{agent}">
        <remoteAntProperty name="washome" value="@{washome}" />
        <remoteAntProperty name="providername" value="@{providername}" />
        <remoteAntProperty name="providertemplatename" value="@{providertemplatename}" />
        <remoteAntProperty name="server" value="@{server}" />
        <remoteAntProperty name="node" value="@{node}" />
        <remoteAntProperty name="cell" value="@{cell}" />
        <remoteAntProperty name="scope" value="@{scope}" />
      </invokeRemoteAnt>
    </sequential>
  </macrodef>

  <target name="_was_5_common:setJdbcProvider" >
    <was_5_common.local:setJdbcProvider washome="${washome}" providername="${providername}" providertemplatename="${providertemplatename}" server="${server}" node="${node}" cell="${cell}" scope="${scope}" >
    </was_5_common.local:setJdbcProvider>
  </target>

  <!-- ===================================================================== -->
  <!-- Artifacts for remote invocation of setLibraryRef -->
  <!-- ===================================================================== -->
  <macrodef name="setLibraryRef" uri="was_5_common" description="Configure WebSphere Application Server library references.  Add the library to all existing classloaders or create a new classloader if none exist." >
    <attribute name="washome" description="Root of the WebSphere Application Server install (e.g. C:/Progra~1/WebSphere/AppServer)" />
    <attribute name="libname" description="Name of the shared library to add to the classloaders." />
    <attribute name="server" default="server1" description="WAS server name.  At least one of cell/node/server must be specified." />
    <attribute name="node" default="" description="WAS node name.  At least one of cell/node/server must be specified." />
    <attribute name="cell" default="" description="WAS cell name.  At least one of cell/node/server must be specified." />
    <attribute name="scope" default="Server" description="Specify on which scope to deploy WAS artifact" />
    <attribute name="agent" description="ASC agent handle for remoting execution." />
    <sequential>
      <_asc_init agent="@{agent}" />

      <invokeRemoteAnt fileName="library/was_5_common/was_5_common.xml" target="_was_5_common:setLibraryRef" isPutFile="false" agent="@{agent}">
        <remoteAntProperty name="washome" value="@{washome}" />
        <remoteAntProperty name="libname" value="@{libname}" />
        <remoteAntProperty name="server" value="@{server}" />
        <remoteAntProperty name="node" value="@{node}" />
        <remoteAntProperty name="cell" value="@{cell}" />
        <remoteAntProperty name="scope" value="@{scope}" />
      </invokeRemoteAnt>
    </sequential>
  </macrodef>

  <target name="_was_5_common:setLibraryRef" >
    <was_5_common.local:setLibraryRef washome="${washome}" libname="${libname}" server="${server}" node="${node}" cell="${cell}" scope="${scope}" >
    </was_5_common.local:setLibraryRef>
  </target>

  <!-- ===================================================================== -->
  <!-- Artifacts for remote invocation of setMessageListenerPort -->
  <!-- ===================================================================== -->
  <macrodef name="setMessageListenerPort" uri="was_5_common" description="Creates a new WebSphere Application Server message listener port.  Does nothing if a message listener pport of the given name already exists.  DOES NOT actually start the listener port as a restart is required to start the listener port." >
    <attribute name="washome" description="the root of the WebSphere Application Server install (e.g. C:/Progra~1/WebSphere/AppServer)" />
    <attribute name="server" description="WAS server name associated with the Listener Port." />
    <attribute name="node" description="WAS node name associated with the Listener Port." />
    <attribute name="cell" description="WAS cell name associated with the Listener Port." />
    <attribute name="lpname" description="the name of the message listener port" />
    <attribute name="destjndiname" description="the JNDI name for the destination to be used by the listener port" />
    <attribute name="qcfjndiname" description="the JNDI name for the JMS Connection factory to be used by the listener port" />
    <attribute name="maxretries" description="the maximum number of times the listener tries to deliver a message before the listener is stopped (must be in the range 0 through 2147483647)" />
    <attribute name="agent" description="ASC agent handle for remoting execution." />
    <sequential>
      <_asc_init agent="@{agent}" />

      <invokeRemoteAnt fileName="library/was_5_common/was_5_common.xml" target="_was_5_common:setMessageListenerPort" isPutFile="false" agent="@{agent}">
        <remoteAntProperty name="washome" value="@{washome}" />
        <remoteAntProperty name="server" value="@{server}" />
        <remoteAntProperty name="node" value="@{node}" />
        <remoteAntProperty name="cell" value="@{cell}" />
        <remoteAntProperty name="lpname" value="@{lpname}" />
        <remoteAntProperty name="destjndiname" value="@{destjndiname}" />
        <remoteAntProperty name="qcfjndiname" value="@{qcfjndiname}" />
        <remoteAntProperty name="maxretries" value="@{maxretries}" />
      </invokeRemoteAnt>
    </sequential>
  </macrodef>

  <target name="_was_5_common:setMessageListenerPort" >
    <was_5_common.local:setMessageListenerPort washome="${washome}" server="${server}" node="${node}" cell="${cell}" lpname="${lpname}" destjndiname="${destjndiname}" qcfjndiname="${qcfjndiname}" maxretries="${maxretries}" >
    </was_5_common.local:setMessageListenerPort>
  </target>

  <!-- ===================================================================== -->
  <!-- Artifacts for remote invocation of setMqQDest -->
  <!-- ===================================================================== -->
  <macrodef name="setMqQDest" uri="was_5_common" description="Create a WebSphere Application Server MQ queue destination. Do nothing if an MQ queue destination of the given name already exists." >
    <attribute name="washome" description="the root of the WebSphere Application Server install (e.g. C:/Progra~1/WebSphere/AppServer)" />
    <attribute name="destname" description="the name of the MQ Queue destination" />
    <attribute name="jndiname" description="the JNDI name of the MQ Queue destination" />
    <attribute name="qname" description="the name of the queue to which messages are sent" />
    <attribute name="qmname" description="the name of the queue manager to which messages are sent" />
    <attribute name="server" default="server1" description="WAS server name associated with the Queue Destination.  At least one of cell/node/server must be specified." />
    <attribute name="node" default="" description="WAS node name associated with the Queue Destination.  At least one of cell/node/server must be specified." />
    <attribute name="cell" default="" description="WAS cell name associated with the Queue Destination.  At least one of cell/node/server must be specified." />
    <attribute name="scope" default="Server" description="Specify on which scope to deploy WAS artifact" />
    <attribute name="agent" description="ASC agent handle for remoting execution." />
    <sequential>
      <_asc_init agent="@{agent}" />

      <invokeRemoteAnt fileName="library/was_5_common/was_5_common.xml" target="_was_5_common:setMqQDest" isPutFile="false" agent="@{agent}">
        <remoteAntProperty name="washome" value="@{washome}" />
        <remoteAntProperty name="destname" value="@{destname}" />
        <remoteAntProperty name="jndiname" value="@{jndiname}" />
        <remoteAntProperty name="qname" value="@{qname}" />
        <remoteAntProperty name="qmname" value="@{qmname}" />
        <remoteAntProperty name="server" value="@{server}" />
        <remoteAntProperty name="node" value="@{node}" />
        <remoteAntProperty name="cell" value="@{cell}" />
        <remoteAntProperty name="scope" value="@{scope}" />
      </invokeRemoteAnt>
    </sequential>
  </macrodef>

  <target name="_was_5_common:setMqQDest" >
    <was_5_common.local:setMqQDest washome="${washome}" destname="${destname}" jndiname="${jndiname}" qname="${qname}" qmname="${qmname}" server="${server}" node="${node}" cell="${cell}" scope="${scope}" >
    </was_5_common.local:setMqQDest>
  </target>

  <!-- ===================================================================== -->
  <!-- Artifacts for remote invocation of setMqQcfBindings -->
  <!-- ===================================================================== -->
  <macrodef name="setMqQcfBindings" uri="was_5_common" description="Create a new WebSphere Application Server MQ Queue Connection Factory using 'bindings' transport type.  Do nothing if a MQ Queue Connection Factory with the given name already exists." >
    <attribute name="washome" description="the root of the WebSphere Application Server install (e.g. C:/Progra~1/WebSphere/AppServer)" />
    <attribute name="qcfname" description="Name of the MQ Queue Connection Factory to create" />
    <attribute name="description" default="MQ Queue Connection Factory" description="Description of the MQ Queue Connection Factory. Defaults to 'MQ Queue Connection Factory'" />
    <attribute name="jndiname" description="JNDI name of the MQ Queue Connection Factory" />
    <attribute name="qmname" description="Name of the associated queue manager" />
    <attribute name="authdataalias" default="" description="Optional alias of the authentication data entry for this MQ Queue Connection Factory.  Defaults to none." />
    <attribute name="isxaenabled" default="true" description="whether the connection factory is for the XA coordination of messages.  Defaults to true." />
    <attribute name="server" default="server1" description="WAS server name associated with the QCF.  At least one of cell/node/server must be specified." />
    <attribute name="node" default="" description="WAS node name associated with the QCF.  At least one of cell/node/server must be specified." />
    <attribute name="cell" default="" description="WAS cell name associated with the QCF.  At least one of cell/node/server must be specified." />
    <attribute name="scope" default="Server" description="Specify on which scope to deploy WAS artifact" />
    <attribute name="agent" description="ASC agent handle for remoting execution." />
    <sequential>
      <_asc_init agent="@{agent}" />

      <invokeRemoteAnt fileName="library/was_5_common/was_5_common.xml" target="_was_5_common:setMqQcfBindings" isPutFile="false" agent="@{agent}">
        <remoteAntProperty name="washome" value="@{washome}" />
        <remoteAntProperty name="qcfname" value="@{qcfname}" />
        <remoteAntProperty name="description" value="@{description}" />
        <remoteAntProperty name="jndiname" value="@{jndiname}" />
        <remoteAntProperty name="qmname" value="@{qmname}" />
        <remoteAntProperty name="authdataalias" value="@{authdataalias}" />
        <remoteAntProperty name="isxaenabled" value="@{isxaenabled}" />
        <remoteAntProperty name="server" value="@{server}" />
        <remoteAntProperty name="node" value="@{node}" />
        <remoteAntProperty name="cell" value="@{cell}" />
        <remoteAntProperty name="scope" value="@{scope}" />
      </invokeRemoteAnt>
    </sequential>
  </macrodef>

  <target name="_was_5_common:setMqQcfBindings" >
    <was_5_common.local:setMqQcfBindings washome="${washome}" qcfname="${qcfname}" description="${description}" jndiname="${jndiname}" qmname="${qmname}" authdataalias="${authdataalias}" isxaenabled="${isxaenabled}" server="${server}" node="${node}" cell="${cell}" scope="${scope}" >
    </was_5_common.local:setMqQcfBindings>
  </target>

  <!-- ===================================================================== -->
  <!-- Artifacts for remote invocation of setMqQcfClient -->
  <!-- ===================================================================== -->
  <macrodef name="setMqQcfClient" uri="was_5_common" description="Create a new WebSphere Application Server MQ Queue Connection Factory using TCP/IP client connection. Do nothing if a MQ Queue Connection Factory with the given name already exists." >
    <attribute name="washome" description="the root of the WebSphere Application Server install (e.g. C:/Progra~1/WebSphere/AppServer)" />
    <attribute name="qcfname" description="the name of the MQ Queue Connection Factory to create" />
    <attribute name="description" default="'MQ Queue Connection Factory'" description="a description of the MQ Queue Connection Factory. Defaults to 'MQ Queue Connection Factory'" />
    <attribute name="jndiname" description="the JNDI name of the MQ Queue Connection Factory" />
    <attribute name="qmname" description="the queue manager name" />
    <attribute name="authdataalias" default="" description="Optional alias of the authentication data entry for this MQ Queue Connection Factory.  Defaults to none." />
    <attribute name="host" description="the name of the host where the queue manager runs" />
    <attribute name="port" description="the port of the queue manager" />
    <attribute name="channel" description="the name of the channel used for connecting to the queue manager" />
    <attribute name="isxaenabled" default="true" description="whether the connection factory is for the XA coordination of messages. Defaults to true." />
    <attribute name="server" default="server1" description="WAS server name associated with the QCF.  At least one of cell/node/server must be specified." />
    <attribute name="node" default="" description="WAS node name associated with the QCF.  At least one of cell/node/server must be specified." />
    <attribute name="cell" default="" description="WAS cell name associated with the QCF.  At least one of cell/node/server must be specified." />
    <attribute name="scope" default="Server" description="Specify on which scope to deploy WAS artifact" />
    <attribute name="agent" description="ASC agent handle for remoting execution." />
    <sequential>
      <_asc_init agent="@{agent}" />

      <invokeRemoteAnt fileName="library/was_5_common/was_5_common.xml" target="_was_5_common:setMqQcfClient" isPutFile="false" agent="@{agent}">
        <remoteAntProperty name="washome" value="@{washome}" />
        <remoteAntProperty name="qcfname" value="@{qcfname}" />
        <remoteAntProperty name="description" value="@{description}" />
        <remoteAntProperty name="jndiname" value="@{jndiname}" />
        <remoteAntProperty name="qmname" value="@{qmname}" />
        <remoteAntProperty name="authdataalias" value="@{authdataalias}" />
        <remoteAntProperty name="host" value="@{host}" />
        <remoteAntProperty name="port" value="@{port}" />
        <remoteAntProperty name="channel" value="@{channel}" />
        <remoteAntProperty name="isxaenabled" value="@{isxaenabled}" />
        <remoteAntProperty name="server" value="@{server}" />
        <remoteAntProperty name="node" value="@{node}" />
        <remoteAntProperty name="cell" value="@{cell}" />
        <remoteAntProperty name="scope" value="@{scope}" />
      </invokeRemoteAnt>
    </sequential>
  </macrodef>

  <target name="_was_5_common:setMqQcfClient" >
    <was_5_common.local:setMqQcfClient washome="${washome}" qcfname="${qcfname}" description="${description}" jndiname="${jndiname}" qmname="${qmname}" authdataalias="${authdataalias}" host="${host}" port="${port}" channel="${channel}" isxaenabled="${isxaenabled}" server="${server}" node="${node}" cell="${cell}" scope="${scope}" >
    </was_5_common.local:setMqQcfClient>
  </target>

  <!-- ===================================================================== -->
  <!-- Artifacts for remote invocation of setResourceAdapter -->
  <!-- ===================================================================== -->
  <macrodef name="setResourceAdapter" uri="was_5_common" description="install a J2C Resource Adapter." >
    <attribute name="washome" description="the root of the WebSphere Application Server install (e.g. C:/Progra~1/WebSphere/AppServer)" />
    <attribute name="rarfile" description="Archive (.rar) containing the resource adapter." />
    <attribute name="name" description="resource adaptor name " />
    <attribute name="node" description="WAS node name.  (wsadmin interface only installs RARs to nodes.)" />
    <attribute name="cell" default="" description="WAS cell name.  At least one of cell/node/server must be specified." />
    <attribute name="server" default="server1" description="WAS server name.  At least one of cell/node/server must be specified." />
    <attribute name="scope" default="Node" description="Specify on which scope to deploy WAS artifact" />
    <attribute name="agent" description="ASC agent handle for remoting execution." />
    <sequential>
      <_asc_init agent="@{agent}" />

      <invokeRemoteAnt fileName="library/was_5_common/was_5_common.xml" target="_was_5_common:setResourceAdapter" isPutFile="false" agent="@{agent}">
        <remoteAntProperty name="washome" value="@{washome}" />
        <remoteAntProperty name="rarfile" value="@{rarfile}" />
        <remoteAntProperty name="name" value="@{name}" />
        <remoteAntProperty name="node" value="@{node}" />
        <remoteAntProperty name="cell" value="@{cell}" />
        <remoteAntProperty name="server" value="@{server}" />
        <remoteAntProperty name="scope" value="@{scope}" />
      </invokeRemoteAnt>
    </sequential>
  </macrodef>

  <target name="_was_5_common:setResourceAdapter" >
    <was_5_common.local:setResourceAdapter washome="${washome}" rarfile="${rarfile}" name="${name}" node="${node}" cell="${cell}" server="${server}" scope="${scope}" >
    </was_5_common.local:setResourceAdapter>
  </target>

  <!-- ===================================================================== -->
  <!-- Artifacts for remote invocation of setSchedulerConfig -->
  <!-- ===================================================================== -->
  <macrodef name="setSchedulerConfig" uri="was_5_common" description="Create a new scheduler configuration. Do nothing if a scheduler configuration of the given name already exists." >
    <attribute name="washome" description="the root of the WebSphere Application Server install (e.g. C:/Progra~1/WebSphere/AppServer)" />
    <attribute name="server" default="" description="WAS server name associated with the Scheduler.  At least one of cell/node/server must be specified." />
    <attribute name="node" default="" description="WAS node name associated with the Scheduler.  At least one of cell/node/server must be specified." />
    <attribute name="cell" default="" description="WAS cell name associated with the Scheduler.  At least one of cell/node/server must be specified." />
    <attribute name="name" description="the name of the scheduler configuration" />
    <attribute name="jndiname" description="JNDI name of this scheduler" />
    <attribute name="category" description="a string that can be used to classify or group this scheduler" />
    <attribute name="dsauthnalias" description="alias to a username and password to access the datasource" />
    <attribute name="dsjndiname" description="JNDI name of datasource where persistent tasks will be stored" />
    <attribute name="pollinterval" description="the interval at which the scheduler daemon polls the database (in seconds)" />
    <attribute name="tableprefix" description="a prefix string used in the database so that multiple schedulers can share the same database" />
    <attribute name="workmanager" description="the work manager that serves this scheduler" />
    <attribute name="agent" description="ASC agent handle for remoting execution." />
    <sequential>
      <_asc_init agent="@{agent}" />

      <invokeRemoteAnt fileName="library/was_5_common/was_5_common.xml" target="_was_5_common:setSchedulerConfig" isPutFile="false" agent="@{agent}">
        <remoteAntProperty name="washome" value="@{washome}" />
        <remoteAntProperty name="server" value="@{server}" />
        <remoteAntProperty name="node" value="@{node}" />
        <remoteAntProperty name="cell" value="@{cell}" />
        <remoteAntProperty name="name" value="@{name}" />
        <remoteAntProperty name="jndiname" value="@{jndiname}" />
        <remoteAntProperty name="category" value="@{category}" />
        <remoteAntProperty name="dsauthnalias" value="@{dsauthnalias}" />
        <remoteAntProperty name="dsjndiname" value="@{dsjndiname}" />
        <remoteAntProperty name="pollinterval" value="@{pollinterval}" />
        <remoteAntProperty name="tableprefix" value="@{tableprefix}" />
        <remoteAntProperty name="workmanager" value="@{workmanager}" />
      </invokeRemoteAnt>
    </sequential>
  </macrodef>

  <target name="_was_5_common:setSchedulerConfig" >
    <was_5_common.local:setSchedulerConfig washome="${washome}" server="${server}" node="${node}" cell="${cell}" name="${name}" jndiname="${jndiname}" category="${category}" dsauthnalias="${dsauthnalias}" dsjndiname="${dsjndiname}" pollinterval="${pollinterval}" tableprefix="${tableprefix}" workmanager="${workmanager}" >
    </was_5_common.local:setSchedulerConfig>
  </target>

  <!-- ===================================================================== -->
  <!-- Artifacts for remote invocation of setSharedLib -->
  <!-- ===================================================================== -->
  <macrodef name="setSharedLib" uri="was_5_common" description="Create or modify a WebSphere Application Server shared library associated with the specified cell/node/server." >
    <attribute name="washome" description="the root of the WebSphere Application Server install (e.g. C:/Progra~1/WebSphere/AppServer)" />
    <attribute name="name" description="Name of the shared library." />
    <attribute name="classpath" description="Classpath for the shared library." />
    <attribute name="server" default="server1" description="WAS server name.  At least one of cell/node/server must be specified." />
    <attribute name="node" default="" description="WAS node name.  At least one of cell/node/server must be specified." />
    <attribute name="cell" default="" description="WAS cell name.  At least one of cell/node/server must be specified." />
    <attribute name="scope" default="Server" description="Specify on which scope to deploy WAS artifact" />
    <attribute name="agent" description="ASC agent handle for remoting execution." />
    <sequential>
      <_asc_init agent="@{agent}" />

      <invokeRemoteAnt fileName="library/was_5_common/was_5_common.xml" target="_was_5_common:setSharedLib" isPutFile="false" agent="@{agent}">
        <remoteAntProperty name="washome" value="@{washome}" />
        <remoteAntProperty name="name" value="@{name}" />
        <remoteAntProperty name="classpath" value="@{classpath}" />
        <remoteAntProperty name="server" value="@{server}" />
        <remoteAntProperty name="node" value="@{node}" />
        <remoteAntProperty name="cell" value="@{cell}" />
        <remoteAntProperty name="scope" value="@{scope}" />
      </invokeRemoteAnt>
    </sequential>
  </macrodef>

  <target name="_was_5_common:setSharedLib" >
    <was_5_common.local:setSharedLib washome="${washome}" name="${name}" classpath="${classpath}" server="${server}" node="${node}" cell="${cell}" scope="${scope}" >
    </was_5_common.local:setSharedLib>
  </target>

  <!-- ===================================================================== -->
  <!-- Artifacts for remote invocation of setSharedLibrary -->
  <!-- ===================================================================== -->
  <macrodef name="setSharedLibrary" uri="was_5_common" description="set shared library to the specified cell/node/server classloader." >
    <attribute name="washome" description="the root of the WebSphere Application Server install (e.g. C:/Progra~1/WebSphere/AppServer)" />
    <attribute name="name" description="A unique name (used internally for the shared library reference)." />
    <attribute name="classpath" description="Classpath for the shared library." />
    <attribute name="server" default="server1" description="WAS server name.  At least one of cell/node/server must be specified." />
    <attribute name="node" default="" description="WAS node name.  At least one of cell/node/server must be specified." />
    <attribute name="cell" default="" description="WAS cell name.  At least one of cell/node/server must be specified." />
    <attribute name="scope" default="Server" description="Specify on which scope to deploy WAS artifact" />
    <attribute name="agent" description="ASC agent handle for remoting execution." />
    <sequential>
      <_asc_init agent="@{agent}" />

      <invokeRemoteAnt fileName="library/was_5_common/was_5_common.xml" target="_was_5_common:setSharedLibrary" isPutFile="false" agent="@{agent}">
        <remoteAntProperty name="washome" value="@{washome}" />
        <remoteAntProperty name="name" value="@{name}" />
        <remoteAntProperty name="classpath" value="@{classpath}" />
        <remoteAntProperty name="server" value="@{server}" />
        <remoteAntProperty name="node" value="@{node}" />
        <remoteAntProperty name="cell" value="@{cell}" />
        <remoteAntProperty name="scope" value="@{scope}" />
      </invokeRemoteAnt>
    </sequential>
  </macrodef>

  <target name="_was_5_common:setSharedLibrary" >
    <was_5_common.local:setSharedLibrary washome="${washome}" name="${name}" classpath="${classpath}" server="${server}" node="${node}" cell="${cell}" scope="${scope}" >
    </was_5_common.local:setSharedLibrary>
  </target>

  <!-- ===================================================================== -->
  <!-- Artifacts for remote invocation of setSoapRequestTimeout -->
  <!-- ===================================================================== -->
  <macrodef name="setSoapRequestTimeout" uri="was_5_common" description="Set the timeout for the WebSphere Application Server JMX SOAP connector." >
    <attribute name="washome" description="the root of the WebSphere Application Server install (e.g. C:/Progra~1/WebSphere/AppServer)" />
    <attribute name="timeout" description="the new timeout (in seconds)" />
    <attribute name="agent" description="ASC agent handle for remoting execution." />
    <sequential>
      <_asc_init agent="@{agent}" />

      <invokeRemoteAnt fileName="library/was_5_common/was_5_common.xml" target="_was_5_common:setSoapRequestTimeout" isPutFile="false" agent="@{agent}">
        <remoteAntProperty name="washome" value="@{washome}" />
        <remoteAntProperty name="timeout" value="@{timeout}" />
      </invokeRemoteAnt>
    </sequential>
  </macrodef>

  <target name="_was_5_common:setSoapRequestTimeout" >
    <was_5_common.local:setSoapRequestTimeout washome="${washome}" timeout="${timeout}" >
    </was_5_common.local:setSoapRequestTimeout>
  </target>

  <!-- ===================================================================== -->
  <!-- Artifacts for remote invocation of setTransactionServiceLifetimeTimeout -->
  <!-- ===================================================================== -->
  <macrodef name="setTransactionServiceLifetimeTimeout" uri="was_5_common" description="Set the timeout for the WebSphere Application Server transaction service." >
    <attribute name="washome" description="the root of the WebSphere Application Server install (e.g. C:/Progra~1/WebSphere/AppServer)" />
    <attribute name="cell" description="the cell to set the timeout for" />
    <attribute name="node" description="the node to set the timeout for" />
    <attribute name="server" description="the server to set the timeout for" />
    <attribute name="timeout" description="the new timeout (in seconds)" />
    <attribute name="agent" description="ASC agent handle for remoting execution." />
    <sequential>
      <_asc_init agent="@{agent}" />

      <invokeRemoteAnt fileName="library/was_5_common/was_5_common.xml" target="_was_5_common:setTransactionServiceLifetimeTimeout" isPutFile="false" agent="@{agent}">
        <remoteAntProperty name="washome" value="@{washome}" />
        <remoteAntProperty name="cell" value="@{cell}" />
        <remoteAntProperty name="node" value="@{node}" />
        <remoteAntProperty name="server" value="@{server}" />
        <remoteAntProperty name="timeout" value="@{timeout}" />
      </invokeRemoteAnt>
    </sequential>
  </macrodef>

  <target name="_was_5_common:setTransactionServiceLifetimeTimeout" >
    <was_5_common.local:setTransactionServiceLifetimeTimeout washome="${washome}" cell="${cell}" node="${node}" server="${server}" timeout="${timeout}" >
    </was_5_common.local:setTransactionServiceLifetimeTimeout>
  </target>

  <!-- ===================================================================== -->
  <!-- Artifacts for remote invocation of setVarSub -->
  <!-- ===================================================================== -->
  <macrodef name="setVarSub" uri="was_5_common" description="Edit a variable in a WebSphere Application Server variable map. Create the variable if it doesn't exist or modify its value if it already does." >
    <attribute name="washome" description="the root of the WebSphere Application Server install (e.g. C:/Progra~1/WebSphere/AppServer)" />
    <attribute name="server" default="server1" description="WAS server name.  At least one of cell/node/server must be specified." />
    <attribute name="node" default="" description="WAS node name.  At least one of cell/node/server must be specified." />
    <attribute name="cell" default="" description="WAS cell name.  At least one of cell/node/server must be specified." />
    <attribute name="varname" description="the variable name to create or modify" />
    <attribute name="varvalue" description="the new value for the variable" />
    <attribute name="scope" default="Server" description="Specify on which scope to deploy WAS artifact" />
    <attribute name="agent" description="ASC agent handle for remoting execution." />
    <sequential>
      <_asc_init agent="@{agent}" />

      <invokeRemoteAnt fileName="library/was_5_common/was_5_common.xml" target="_was_5_common:setVarSub" isPutFile="false" agent="@{agent}">
        <remoteAntProperty name="washome" value="@{washome}" />
        <remoteAntProperty name="server" value="@{server}" />
        <remoteAntProperty name="node" value="@{node}" />
        <remoteAntProperty name="cell" value="@{cell}" />
        <remoteAntProperty name="varname" value="@{varname}" />
        <remoteAntProperty name="varvalue" value="@{varvalue}" />
        <remoteAntProperty name="scope" value="@{scope}" />
      </invokeRemoteAnt>
    </sequential>
  </macrodef>

  <target name="_was_5_common:setVarSub" >
    <was_5_common.local:setVarSub washome="${washome}" server="${server}" node="${node}" cell="${cell}" varname="${varname}" varvalue="${varvalue}" scope="${scope}" >
    </was_5_common.local:setVarSub>
  </target>

  <!-- ===================================================================== -->
  <!-- Artifacts for remote invocation of startApp -->
  <!-- ===================================================================== -->
  <macrodef name="startApp" uri="was_5_common" description="Start an application running on WebSphere Application Server." >
    <attribute name="washome" description="the root of the WebSphere Application Server install (e.g. C:/Progra~1/WebSphere/AppServer)" />
    <attribute name="appname" description="the name of the application to start" />
    <attribute name="server" default="server1" description="the (WAS) server where the application is installed" />
    <attribute name="node" description="WAS node name.  (wsadmin interface only installs RARs to nodes.)" />
    <attribute name="cell" default="" description="WAS cell name.  At least one of cell/node/server must be specified." />
    <attribute name="scope" default="Server" description="Specify on which scope to deploy WAS artifact" />
    <attribute name="agent" description="ASC agent handle for remoting execution." />
    <sequential>
      <_asc_init agent="@{agent}" />

      <invokeRemoteAnt fileName="library/was_5_common/was_5_common.xml" target="_was_5_common:startApp" isPutFile="false" agent="@{agent}">
        <remoteAntProperty name="washome" value="@{washome}" />
        <remoteAntProperty name="appname" value="@{appname}" />
        <remoteAntProperty name="server" value="@{server}" />
        <remoteAntProperty name="node" value="@{node}" />
        <remoteAntProperty name="cell" value="@{cell}" />
        <remoteAntProperty name="scope" value="@{scope}" />
      </invokeRemoteAnt>
    </sequential>
  </macrodef>

  <target name="_was_5_common:startApp" >
    <was_5_common.local:startApp washome="${washome}" appname="${appname}" server="${server}" node="${node}" cell="${cell}" scope="${scope}" >
    </was_5_common.local:startApp>
  </target>

  <!-- ===================================================================== -->
  <!-- Artifacts for remote invocation of startAppServer -->
  <!-- ===================================================================== -->
  <macrodef name="startAppServer" uri="was_5_common" description="Start a WebSphere Application Server server." >
    <attribute name="washome" description="WAS install directory (e.g. C:/Progra~1/WebSphere/AppServer)." />
    <attribute name="server" description="Name of the WAS server." />
    <attribute name="failonerror" default="true" description="Controls response to errors.  Example:  Set false if the server might already be started." />
    <attribute name="agent" description="ASC agent handle for remoting execution." />
    <sequential>
      <_asc_init agent="@{agent}" />

      <invokeRemoteAnt fileName="library/was_5_common/was_5_common.xml" target="_was_5_common:startAppServer" isPutFile="false" agent="@{agent}">
        <remoteAntProperty name="washome" value="@{washome}" />
        <remoteAntProperty name="server" value="@{server}" />
        <remoteAntProperty name="failonerror" value="@{failonerror}" />
      </invokeRemoteAnt>
    </sequential>
  </macrodef>

  <target name="_was_5_common:startAppServer" >
    <was_5_common.local:startAppServer washome="${washome}" server="${server}" failonerror="${failonerror}" >
    </was_5_common.local:startAppServer>
  </target>

  <!-- ===================================================================== -->
  <!-- Artifacts for remote invocation of stopAppServer -->
  <!-- ===================================================================== -->
  <macrodef name="stopAppServer" uri="was_5_common" description="Stop a WebSphere Application Server server." >
    <attribute name="washome" description="WAS install directory (e.g. C:/Progra~1/WebSphere/AppServer)" />
    <attribute name="server" description="Name of the WAS server." />
    <attribute name="username" default="" description="WAS admin user; required only if WAS security is enabled." />
    <attribute name="password" default="" description="WAS admin password; required only if WAS security is enabled." />
    <attribute name="agent" description="ASC agent handle for remoting execution." />
    <sequential>
      <_asc_init agent="@{agent}" />

      <invokeRemoteAnt fileName="library/was_5_common/was_5_common.xml" target="_was_5_common:stopAppServer" isPutFile="false" agent="@{agent}">
        <remoteAntProperty name="washome" value="@{washome}" />
        <remoteAntProperty name="server" value="@{server}" />
        <remoteAntProperty name="username" value="@{username}" />
        <remoteAntProperty name="password" value="@{password}" />
      </invokeRemoteAnt>
    </sequential>
  </macrodef>

  <target name="_was_5_common:stopAppServer" >
    <was_5_common.local:stopAppServer washome="${washome}" server="${server}" username="${username}" password="${password}" >
    </was_5_common.local:stopAppServer>
  </target>

  <!-- ===================================================================== -->
  <!-- Artifacts for remote invocation of unconfigureBpelContainer -->
  <!-- ===================================================================== -->
  <macrodef name="unconfigureBpelContainer" uri="was_5_common" description="Unconfigure the Business Process container." >
    <attribute name="washome" description="the root of the WebSphere Application Server install (e.g. C:/Progra~1/WebSphere/AppServer)" />
    <attribute name="node" description="Node containing the server running the Business Process container." />
    <attribute name="server" description="Server hosting the Business Process container." />
    <attribute name="agent" description="ASC agent handle for remoting execution." />
    <sequential>
      <_asc_init agent="@{agent}" />

      <invokeRemoteAnt fileName="library/was_5_common/was_5_common.xml" target="_was_5_common:unconfigureBpelContainer" isPutFile="false" agent="@{agent}">
        <remoteAntProperty name="washome" value="@{washome}" />
        <remoteAntProperty name="node" value="@{node}" />
        <remoteAntProperty name="server" value="@{server}" />
      </invokeRemoteAnt>
    </sequential>
  </macrodef>

  <target name="_was_5_common:unconfigureBpelContainer" >
    <was_5_common.local:unconfigureBpelContainer washome="${washome}" node="${node}" server="${server}" >
    </was_5_common.local:unconfigureBpelContainer>
  </target>

  <!-- ===================================================================== -->
  <!-- Wrapped macro for consolidated access to was_5_common.distributed.xml -->
  <!-- ===================================================================== -->
  <macrodef name="configureBpelContainer" uri="was_5_common" description="Configures the Business Process Choreography container with local or remote DB2.  Pre-req:  Queue manager already created.  Does not enable global security." >
    <attribute name="washome" description="WAS install directory (e.g. C:/Progra~1/WebSphere/AppServer)" />
    <attribute name="wasnode" description="Name of WAS node that contains the server to be configured with BPC" />
    <attribute name="wasserver" description="Name of WAS server to be configured with BPC" />
    <attribute name="wasdb2home" description="DB2 install directory on WAS host; can be different from db2Home for remote DB2" />
    <attribute name="mqhome" description="MQ install directory on WAS host" />
    <attribute name="wasmqadmin" description="(Linux only) User with MQ admin permissions" />
    <attribute name="wasqmgr" description="Already-defined Queue Manager on WAS host" />
    <attribute name="wasdbnode" default="" description="(Remote only) Local name for the cataloged remote node" />
    <attribute name="wasdbinst" default="" description="(Remote only) User with owner permissions for DB2 on WAS host" />
    <attribute name="wasagent" description="ASC agent handle for the WAS agent" />
    <attribute name="pcadminuser" description="User to have admin permissions for the Process Choreography container" />
    <attribute name="pcjmsrunasuser" description="Owner of the JMS process" />
    <attribute name="pcjmsrunaspwd" description="Password for pcJmsRunAsUser" />
    <attribute name="tokenlocation" description="Location where the container tablespaces are stored (e.g. mySolution)" />
    <attribute name="db2home" description="DB2 install directory on DB2 host; same as wasDb2Home for single-server configuration." />
    <attribute name="dbserver" description="Fully-qualified host name of the database server machine." />
    <attribute name="db2dbinst" description="Owner of the database instance" />
    <attribute name="db2dbinstpasswd" description="Password for db2DbInst" />
    <attribute name="db2ddldir" description="Directory on DB2 host into which the DDL files are copied" />
    <attribute name="db2agent" description="ASC agent handle for the DB2 agent" />
    <sequential>
      <antcall target="_was_5_common:configureBpelContainer" >
        <param name="washome" value="@{washome}" />
        <param name="wasnode" value="@{wasnode}" />
        <param name="wasserver" value="@{wasserver}" />
        <param name="wasdb2home" value="@{wasdb2home}" />
        <param name="mqhome" value="@{mqhome}" />
        <param name="wasmqadmin" value="@{wasmqadmin}" />
        <param name="wasqmgr" value="@{wasqmgr}" />
        <param name="wasdbnode" value="@{wasdbnode}" />
        <param name="wasdbinst" value="@{wasdbinst}" />
        <param name="wasagent" value="@{wasagent}" />
        <param name="pcadminuser" value="@{pcadminuser}" />
        <param name="pcjmsrunasuser" value="@{pcjmsrunasuser}" />
        <param name="pcjmsrunaspwd" value="@{pcjmsrunaspwd}" />
        <param name="tokenlocation" value="@{tokenlocation}" />
        <param name="db2home" value="@{db2home}" />
        <param name="dbserver" value="@{dbserver}" />
        <param name="db2dbinst" value="@{db2dbinst}" />
        <param name="db2dbinstpasswd" value="@{db2dbinstpasswd}" />
        <param name="db2ddldir" value="@{db2ddldir}" />
        <param name="db2agent" value="@{db2agent}" />
      </antcall>
    </sequential>
  </macrodef>

  <target name="_was_5_common:configureBpelContainer" >
    <was_5_common.distributed:configureBpelContainer washome="${washome}" wasnode="${wasnode}" wasserver="${wasserver}" wasdb2home="${wasdb2home}" mqhome="${mqhome}" wasmqadmin="${wasmqadmin}" wasqmgr="${wasqmgr}" wasdbnode="${wasdbnode}" wasdbinst="${wasdbinst}" wasagent="${wasagent}" pcadminuser="${pcadminuser}" pcjmsrunasuser="${pcjmsrunasuser}" pcjmsrunaspwd="${pcjmsrunaspwd}" tokenlocation="${tokenlocation}" db2home="${db2home}" dbserver="${dbserver}" db2dbinst="${db2dbinst}" db2dbinstpasswd="${db2dbinstpasswd}" db2ddldir="${db2ddldir}" db2agent="${db2agent}" />
  </target>

  <!-- ===================================================================== -->
  <!-- Wrapped macro for consolidated access to was_5_common.distributed.xml -->
  <!-- ===================================================================== -->
  <macrodef name="createSchedulerDatabaseDB2" uri="was_5_common" >
    <attribute name="washome" />
    <attribute name="wasdbinst" />
    <attribute name="wasdbnode" />
    <attribute name="wasagent" />
    <attribute name="tokenlocation" />
    <attribute name="tokenschedtablespace" />
    <attribute name="tokentableprefix" />
    <attribute name="dbname" />
    <attribute name="db2ddldir" />
    <attribute name="db2dbinst" />
    <attribute name="db2dbinstpassword" />
    <attribute name="db2agent" />
    <sequential>
      <antcall target="_was_5_common:createSchedulerDatabaseDB2" >
        <param name="washome" value="@{washome}" />
        <param name="wasdbinst" value="@{wasdbinst}" />
        <param name="wasdbnode" value="@{wasdbnode}" />
        <param name="wasagent" value="@{wasagent}" />
        <param name="tokenlocation" value="@{tokenlocation}" />
        <param name="tokenschedtablespace" value="@{tokenschedtablespace}" />
        <param name="tokentableprefix" value="@{tokentableprefix}" />
        <param name="dbname" value="@{dbname}" />
        <param name="db2ddldir" value="@{db2ddldir}" />
        <param name="db2dbinst" value="@{db2dbinst}" />
        <param name="db2dbinstpassword" value="@{db2dbinstpassword}" />
        <param name="db2agent" value="@{db2agent}" />
      </antcall>
    </sequential>
  </macrodef>

  <target name="_was_5_common:createSchedulerDatabaseDB2" >
    <was_5_common.distributed:createSchedulerDatabaseDB2 washome="${washome}" wasdbinst="${wasdbinst}" wasdbnode="${wasdbnode}" wasagent="${wasagent}" tokenlocation="${tokenlocation}" tokenschedtablespace="${tokenschedtablespace}" tokentableprefix="${tokentableprefix}" dbname="${dbname}" db2ddldir="${db2ddldir}" db2dbinst="${db2dbinst}" db2dbinstpassword="${db2dbinstpassword}" db2agent="${db2agent}" />
  </target>

  <!-- ===================================================================== -->
  <!-- Verification target for syntax checking -->
  <!-- ===================================================================== -->
  <target name="_verify" >
    <was_5_common:createJ2CAuthentication washome="test" alias="test" userid="test" password="test" description="test" agent="test" />
    <was_5_common:genPlugin washome="test" destinationroot="test" agent="test" />
    <was_5_common:installEAR washome="test" earfile="test" appname="test" server="test" node="test" cell="test" scope="test" agent="test" />
    <was_5_common:installFix washome="test" fixfile="test" fixid="test" agent="test" />
    <was_5_common:installFixPack washome="test" installerimage="test" fixpackidprefix="test" agent="test" />
    <was_5_common:installJAR washome="test" jarfile="test" appname="test" server="test" node="test" cell="test" agent="test" />
    <was_5_common:installResourceAdapter washome="test" rarfile="test" name="test" scope="test" node="test" cell="test" agent="test" />
    <was_5_common:installUpdateInstaller washome="test" installimage="test" agent="test" />
    <was_5_common:installWAR washome="test" warfile="test" appname="test" contextroot="test" server="test" node="test" cell="test" scope="test" agent="test" />
    <was_5_common:install_CEI washome="test" jdbcclasspath="test" dbuser="test" dbpassword="test" node="test" server="test" dbnodename="test" agent="test" />
    <was_5_common:runWsadmin washome="test" jaclfile="test" dir="test" agent="test" />
    <was_5_common:setAuthnData washome="test" alias="test" userid="test" password="test" agent="test" />
    <was_5_common:setDB2DataSourceV5 washome="test" providername="test" datasourcename="test" server="test" node="test" cell="test" scope="test" databasename="test" jndiname="test" authenticationalias="test" agent="test" />
    <was_5_common:setDB2JdbcProvider washome="test" providername="test" providertype="test" implementationtype="test" server="test" node="test" cell="test" scope="test" description="test" agent="test" />
    <was_5_common:setDataSource washome="test" providername="test" providertemplatename="test" name="test" jndiname="test" authdataalias="test" databasename="test" server="test" node="test" cell="test" scope="test" agent="test" />
    <was_5_common:setDataSourceCustomProperties washome="test" server="test" node="test" cell="test" providername="test" dsname="test" propertyname="test" propertyvalue="test" agent="test" />
    <was_5_common:setEventGroupProfile washome="test" server="test" node="test" cell="test" listname="test" groupname="test" eventselectorstring="test" agent="test" />
    <was_5_common:setEventGroupProfileList washome="test" server="test" node="test" cell="test" name="test" jndiname="test" agent="test" />
    <was_5_common:setJdbcProvider washome="test" providername="test" providertemplatename="test" server="test" node="test" cell="test" scope="test" agent="test" />
    <was_5_common:setLibraryRef washome="test" libname="test" server="test" node="test" cell="test" scope="test" agent="test" />
    <was_5_common:setMessageListenerPort washome="test" server="test" node="test" cell="test" lpname="test" destjndiname="test" qcfjndiname="test" maxretries="test" agent="test" />
    <was_5_common:setMqQDest washome="test" destname="test" jndiname="test" qname="test" qmname="test" server="test" node="test" cell="test" scope="test" agent="test" />
    <was_5_common:setMqQcfBindings washome="test" qcfname="test" description="test" jndiname="test" qmname="test" authdataalias="test" isxaenabled="test" server="test" node="test" cell="test" scope="test" agent="test" />
    <was_5_common:setMqQcfClient washome="test" qcfname="test" description="test" jndiname="test" qmname="test" authdataalias="test" host="test" port="test" channel="test" isxaenabled="test" server="test" node="test" cell="test" scope="test" agent="test" />
    <was_5_common:setResourceAdapter washome="test" rarfile="test" name="test" node="test" cell="test" server="test" scope="test" agent="test" />
    <was_5_common:setSchedulerConfig washome="test" server="test" node="test" cell="test" name="test" jndiname="test" category="test" dsauthnalias="test" dsjndiname="test" pollinterval="test" tableprefix="test" workmanager="test" agent="test" />
    <was_5_common:setSharedLib washome="test" name="test" classpath="test" server="test" node="test" cell="test" scope="test" agent="test" />
    <was_5_common:setSharedLibrary washome="test" name="test" classpath="test" server="test" node="test" cell="test" scope="test" agent="test" />
    <was_5_common:setSoapRequestTimeout washome="test" timeout="test" agent="test" />
    <was_5_common:setTransactionServiceLifetimeTimeout washome="test" cell="test" node="test" server="test" timeout="test" agent="test" />
    <was_5_common:setVarSub washome="test" server="test" node="test" cell="test" varname="test" varvalue="test" scope="test" agent="test" />
    <was_5_common:startApp washome="test" appname="test" server="test" node="test" cell="test" scope="test" agent="test" />
    <was_5_common:startAppServer washome="test" server="test" failonerror="test" agent="test" />
    <was_5_common:stopAppServer washome="test" server="test" username="test" password="test" agent="test" />
    <was_5_common:unconfigureBpelContainer washome="test" node="test" server="test" agent="test" />
    <was_5_common:configureBpelContainer washome="test" wasnode="test" wasserver="test" wasdb2home="test" mqhome="test" wasmqadmin="test" wasqmgr="test" wasdbnode="test" wasdbinst="test" wasagent="test" pcadminuser="test" pcjmsrunasuser="test" pcjmsrunaspwd="test" tokenlocation="test" db2home="test" dbserver="test" db2dbinst="test" db2dbinstpasswd="test" db2ddldir="test" db2agent="test" />
    <was_5_common:createSchedulerDatabaseDB2 washome="test" wasdbinst="test" wasdbnode="test" wasagent="test" tokenlocation="test" tokenschedtablespace="test" tokentableprefix="test" dbname="test" db2ddldir="test" db2dbinst="test" db2dbinstpassword="test" db2agent="test" />
  </target>
</project>
