<!-- Copyright (C), 2004, International Business Machines, Inc. -->
<project name="was_5_common.local" basedir="." xmlns:was_5_common.local="was_5_common.local" xmlns:os="os.local">
	<import file="../asc/asc.xml" />
	<import file="../os/os.local.xml" />
	
	<description>Library of common macros for WebSphere Application Server V5 (and beyond).
	Developers of orchestration processes should reference product-specific
	WAS libraries (e.g. was_5, was_6) instead of this library.</description>

	<!-- Relative file references must be relative to this buildfile;
		since this buildfile is typically imported by other buildfiles,
		a property that points to the directory containing this buildfile is created. -->
	<dirname file="${ant.file.was_5_common.local}" property="was_5_common.local.basedir" />


	<macrodef name="startAppServer" uri="was_5_common.local"
		description="Start a WebSphere Application Server server.">
		<attribute name="wasHome"
			description="WAS install directory (e.g. C:/Progra~1/WebSphere/AppServer)." />
		<attribute name="server" description="Name of the WAS server." />
		<attribute name="failonerror" default="true"
			description="Controls response to errors.  Example:  Set false if the server might already be started." />
		<sequential>
			<os:runShellScript shellScript="@{wasHome}/bin/startServer" dir="@{wasHome}/bin"
				failonerror="@{failonerror}">
				<arg value="@{server}" />
			</os:runShellScript>
		</sequential>
	</macrodef>

	<macrodef name="stopAppServer" uri="was_5_common.local"
		description="Stop a WebSphere Application Server server.">
		<attribute name="wasHome"
			description="WAS install directory (e.g. C:/Progra~1/WebSphere/AppServer)" />
		<attribute name="server" description="Name of the WAS server." />
		<attribute name="userName" default=""
			description="WAS admin user; required only if WAS security is enabled." />
		<attribute name="password" default=""
			description="WAS admin password; required only if WAS security is enabled." />
		<sequential>
			<if>
				<equals arg1="@{userName}" arg2="" trim="true" />
				<then>
					<os:runShellScript shellScript="@{wasHome}/bin/stopServer"
						dir="@{wasHome}/bin">
						<arg value="@{server}" />
					</os:runShellScript>
				</then>

				<else>
					<os:runShellScript shellScript="@{wasHome}/bin/stopServer"
						dir="@{wasHome}/bin">
						<arg value="@{server}" />
						<arg value="-username" />
						<arg value="@{userName}" />
						<arg value="-password" />
						<arg value="@{password}" />
					</os:runShellScript>
				</else>
			</if>
		</sequential>
	</macrodef>

	<macrodef name="runWsadmin" uri="was_5_common.local"
		description="Run WebSphere Application Server's wsadmin scripting client.">
		<attribute name="wasHome"
			description="the root of the WebSphere Application Server install (e.g. C:/Progra~1/WebSphere/AppServer)" />
		<attribute name="jaclFile" description="the filename of the script to execute" />
		<attribute name="dir" default="."
			description="the directory in which to execute wsadmin. Defaults to the current directory." />
		<element name="args" implicit="true" optional="true"
			description="Contains nested arg elements for wsadmin." />
		<sequential>
			<os:runShellScript shellScript="@{wasHome}/bin/wsadmin" dir="@{dir}">
				<arg value="-f" />
				<arg value="@{jaclFile}" />
				<args />
			</os:runShellScript>
		</sequential>
	</macrodef>


	<macrodef name="installEAR" uri="was_5_common.local"
		description="Install an Enterprise Application into WebSphere Application Server.">
		<attribute name="wasHome"
			description="the root of the WebSphere Application Server install (e.g. C:/Progra~1/WebSphere/AppServer)" />
		<attribute name="earFile"
			description="Archive (.ear) containing the application to install." />
		<attribute name="appname" description="Optional name for the application." />		
		<attribute name="server" default="server1"
			description="WAS server name.  At least one of cell/node/server must be specified." />
		<attribute name="node" default=""
			description="WAS node name.  At least one of cell/node/server must be specified." />
		<attribute name="cell" default=""
			description="WAS cell name.  At least one of cell/node/server must be specified." />
		<attribute name="scope" default="Server"
			description="Specify on which scope to deploy WAS artifact" />
		<sequential>
			<set name="args" value="" />
			
			<if>
				<not>
					<equals arg1="@{server}" arg2="" trim="true" />
				</not>
				<then>
					<set name="args" value="${args} -server @{server}" />
				</then>
			</if>

			<if>
				<not>
					<equals arg1="@{node}" arg2="" trim="true" />
				</not>
				<then>
					<set name="args" value="${args} -node @{node}" />
				</then>
			</if>

			<if>
				<not>
					<equals arg1="@{cell}" arg2="" trim="true" />
				</not>
				<then>
					<set name="args" value="${args} -cell @{cell}" />
				</then>
			</if>

			<pathconvert dirsep="/" property="_earFile">
				<path location="@{earFile}" />
			</pathconvert>

			<!-- dir attribute is required because JACL script "sources" another JACL file from the same directory. -->
			<was_5_common.local:runWsadmin wasHome="@{wasHome}"
				jaclFile="${was_5_common.local.basedir}${file.separator}jacl${file.separator}installEAR.jacl"
				dir="${was_5_common.local.basedir}${file.separator}jacl">
				<arg value="-app" />
				<arg value="${_earFile}" />
				<arg value="-appname" />
				<arg value="@{appName}" />
				<arg value="-scope" />
				<arg value="@{scope}" />
				<arg line="${args}" />
			</was_5_common.local:runWsadmin>

			<unset name="args" />
			<unset name="_earFile" />
		</sequential>
	</macrodef>

	<macrodef name="installWAR" uri="was_5_common.local"
		description="Install a Web Application into WebSphere Application Server.">
		<attribute name="wasHome"
			description="the root of the WebSphere Application Server install (e.g. C:/Progra~1/WebSphere/AppServer)" />
		<attribute name="warFile"
			description="Archive (.war) containing the Web application to install." />
		<attribute name="appName" description="Name for the application." />
		<attribute name="contextRoot" description="Web root for the application (e.g. /myApp)." />
		<attribute name="server" default="server1"
			description="WAS server name.  At least one of cell/node/server must be specified." />
		<attribute name="node" default=""
			description="WAS node name.  At least one of cell/node/server must be specified." />
		<attribute name="cell" default=""
			description="WAS cell name.  At least one of cell/node/server must be specified." />
		<attribute name="scope" default="Server"
			description="Specify on which scope to deploy WAS artifact" />
		
		<sequential>
			<set name="args" value="" />

			<if>
				<not>
					<equals arg1="@{server}" arg2="" trim="true" />
				</not>
				<then>
					<set name="args" value="${args} -server @{server}" />
				</then>
			</if>

			<if>
				<not>
					<equals arg1="@{node}" arg2="" trim="true" />
				</not>
				<then>
					<set name="args" value="${args} -node @{node}" />
				</then>
			</if>

			<if>
				<not>
					<equals arg1="@{cell}" arg2="" trim="true" />
				</not>
				<then>
					<set name="args" value="${args} -cell @{cell}" />
				</then>
			</if>
			
			<pathconvert dirsep="/" property="_warFile">
				<path location="@{warFile}" />
			</pathconvert>

			<!-- dir attribute is required because JACL script "sources" another JACL file from the same directory. -->
			<was_5_common.local:runWsadmin wasHome="@{wasHome}"
				jaclFile="${was_5_common.local.basedir}${file.separator}jacl${file.separator}installWAR.jacl"
				dir="${was_5_common.local.basedir}${file.separator}jacl">
				<arg value="-app" />
				<arg value="${_warFile}" />
				<arg value="-contextroot" />
				<arg value="@{contextRoot}" />
				<arg value="-appname" />
				<arg value="@{appName}" />
				<arg value="-scope" />
				<arg value="@{scope}" />
				<arg line="${args}" />
			</was_5_common.local:runWsadmin>

			<unset name="args" />
			<unset name="_warFile" />
		</sequential>
	</macrodef>
	
	<macrodef name="installJAR" uri="was_5_common.local"
			description="Install a EJB Application into WebSphere Application Server.">
			<attribute name="wasHome"
				description="the root of the WebSphere Application Server install (e.g. C:/Progra~1/WebSphere/AppServer)" />
			<attribute name="jarFile"
				description="Archive (.jar) containing the Ejb application to install." />
			<attribute name="appName" description="Name for the application." />			
			<attribute name="server" default="server1"
				description="WAS server name.  At least one of cell/node/server must be specified." />
			<attribute name="node" default=""
				description="WAS node name.  At least one of cell/node/server must be specified." />
			<attribute name="cell" default=""
				description="WAS cell name.  At least one of cell/node/server must be specified." />			
			
			<sequential>
				<set name="args" value="" />

				<if>
					<not>
						<equals arg1="@{server}" arg2="" trim="true" />
					</not>
					<then>
						<set name="args" value="${args} -server @{server}" />
					</then>
				</if>

				<if>
					<not>
						<equals arg1="@{node}" arg2="" trim="true" />
					</not>
					<then>
						<set name="args" value="${args} -node @{node}" />
					</then>
				</if>

				<if>
					<not>
						<equals arg1="@{cell}" arg2="" trim="true" />
					</not>
					<then>
						<set name="args" value="${args} -cell @{cell}" />
					</then>
				</if>
				
				<pathconvert dirsep="/" property="_jarFile">
					<path location="@{jarFile}" />
				</pathconvert>

				<!-- dir attribute is required because JACL script "sources" another JACL file from the same directory. -->
				<was_5_common.local:runWsadmin wasHome="@{wasHome}"
					jaclFile="${was_5_common.local.basedir}${file.separator}jacl${file.separator}installJAR.jacl"
					dir="${was_5_common.local.basedir}${file.separator}jacl">
					<arg value="-app" />
					<arg value="${_jarFile}" />					
					<arg value="-appname" />
					<arg value="@{appName}" />					
					<arg line="${args}" />
				</was_5_common.local:runWsadmin>
				
				<unset name="args" />
				<unset name="_jarFile" />
			</sequential>
		</macrodef>
	
	

	<macrodef name="setSharedLibrary" uri="was_5_common.local"
		description="set shared library to the specified cell/node/server classloader.">
		<attribute name="wasHome"
			description="the root of the WebSphere Application Server install (e.g. C:/Progra~1/WebSphere/AppServer)" />
		<attribute name="name"
			description="A unique name (used internally for the shared library reference)." />
		<attribute name="classpath" description="Classpath for the shared library." />
		<attribute name="server" default="server1"
			description="WAS server name.  At least one of cell/node/server must be specified." />
		<attribute name="node" default=""
			description="WAS node name.  At least one of cell/node/server must be specified." />
		<attribute name="cell" default=""
			description="WAS cell name.  At least one of cell/node/server must be specified." />
		<attribute name="scope" default="Server"
			description="Specify on which scope to deploy WAS artifact" />
		
		<sequential>
			<was_5_common.local:setSharedLib wasHome="@{wasHome}" name="@{name}" classpath="@{classpath}" scope="@{scope}"
				server="@{server}" node="@{node}" cell="@{cell}" />
			<was_5_common.local:setLibraryRef wasHome="@{wasHome}" libName="@{name}" server="@{server}" scope="@{scope}"
				node="@{node}" cell="@{cell}" />
		</sequential>
	</macrodef>
	
	<macrodef name="installResourceAdapter" uri="was_5_common.local" description="install a J2C Resource Adapter.">
		<attribute name="wasHome"
			description="the root of the WebSphere Application Server install (e.g. C:/Progra~1/WebSphere/AppServer)" />
		<attribute name="rarFile" description="Archive (.rar) containing the resource adapter." />
		<attribute name="name" description="resource adaptor name " />		
		<attribute name="scope" default="Node"
			description="Specify on which scope to deploy WAS artifact" />
		<attribute name="node" default=""
			description="WAS node name." />
		<attribute name="cell" default=""
			description="WAS cell name." />
			
		<sequential>			
			<set name="args" value="" />		

			<if>
				<not>
					<equals arg1="@{cell}" arg2="" trim="true" />
				</not>
				<then>
					<set name="args" value="${args} -cell @{cell}" />
				</then>
			</if>	
			
			<pathconvert dirsep="/" property="_rarFile">
				<path location="@{rarFile}" />
			</pathconvert>		
			
			<!-- dir attribute is required because JACL script "sources" another JACL file from the same directory. -->
			<was_5_common.local:runWsadmin wasHome="@{wasHome}"
				jaclFile="${was_5_common.local.basedir}${file.separator}jacl${file.separator}installResourceAdapter.jacl"
				dir="${was_5_common.local.basedir}${file.separator}jacl">
				<arg value="-rarFile" />
				<arg value="${_rarFile}" />
				<arg value="-name" />
				<arg value="@{name}" />				
				<arg value="-scope" />
				<arg value="@{scope}" />
				<arg value="-node" />
				<arg value="@{node}" />
				<arg line="${args}" />
			</was_5_common.local:runWsadmin>
			
			<unset name="args" />
			<unset name="_rarFile" /> 
		</sequential>
	</macrodef>

	<macrodef name="setResourceAdapter" uri="was_5_common.local" description="install a J2C Resource Adapter.">
		<attribute name="wasHome"
			description="the root of the WebSphere Application Server install (e.g. C:/Progra~1/WebSphere/AppServer)" />
		<attribute name="rarFile" description="Archive (.rar) containing the resource adapter." />
		<attribute name="name" description="resource adaptor name " />
		<attribute name="node"
			description="WAS node name.  (wsadmin interface only installs RARs to nodes.)" />
		<attribute name="cell" default=""
			description="WAS cell name.  At least one of cell/node/server must be specified." />
		<attribute name="server" default="server1"
			description="WAS server name.  At least one of cell/node/server must be specified." />
		<attribute name="scope" default="Node"
			description="Specify on which scope to deploy WAS artifact" />
		
		<sequential>
			<set name="args" value="" />

			<if>
				<not>
					<equals arg1="@{server}" arg2="" trim="true" />
				</not>
				<then>
					<set name="args" value="${args} -server @{server}" />
				</then>
			</if>

			<if>
				<not>
					<equals arg1="@{node}" arg2="" trim="true" />
				</not>
				<then>
					<set name="args" value="${args} -node @{node}" />
				</then>
			</if>

			<if>
				<not>
					<equals arg1="@{cell}" arg2="" trim="true" />
				</not>
				<then>
					<set name="args" value="${args} -cell @{cell}" />
				</then>
			</if>
			
			<pathconvert dirsep="/" property="_rarFile">
				<path location="@{rarFile}" />
			</pathconvert>			
			
			<!-- dir attribute is required because JACL script "sources" another JACL file from the same directory. -->
			<was_5_common.local:runWsadmin wasHome="@{wasHome}"
				jaclFile="${was_5_common.local.basedir}${file.separator}jacl${file.separator}setResourceAdapter.jacl"
				dir="${was_5_common.local.basedir}${file.separator}jacl">
				<arg value="-rarFile" />
				<arg value="${_rarFile}" />
				<arg value="-name" />
				<arg value="@{name}" />				
				<arg value="-scope" />
				<arg value="@{scope}" />
				<arg line="${args}" />	
			</was_5_common.local:runWsadmin>
			
			<unset name="args" />
			<unset name="_rarFile" />
		</sequential>
	</macrodef>

	<macrodef name="startApp" uri="was_5_common.local"
		description="Start an application running on WebSphere Application Server.">
		<attribute name="wasHome"
			description="the root of the WebSphere Application Server install (e.g. C:/Progra~1/WebSphere/AppServer)" />
		<attribute name="appName" description="the name of the application to start" />
		<attribute name="server" default= "server1" 
			description="the (WAS) server where the application is installed" />
		<attribute name="node"
			description="WAS node name.  (wsadmin interface only installs RARs to nodes.)" />
		<attribute name="cell" default=""
			description="WAS cell name.  At least one of cell/node/server must be specified." />
		<attribute name="scope" default="Server"
			description="Specify on which scope to deploy WAS artifact" />
		
		<sequential>
		
			<set name="args" value="" />
			

			<if>
				<not>
					<equals arg1="@{server}" arg2="" trim="true" />
				</not>
				<then>
					<set name="args" value="${args} -server @{server}" />
				</then>
			</if>

			<if>
				<not>
					<equals arg1="@{node}" arg2="" trim="true" />
				</not>
				<then>
					<set name="args" value="${args} -node @{node}" />
				</then>
			</if>

			<if>
				<not>
					<equals arg1="@{cell}" arg2="" trim="true" />
				</not>
				<then>
					<set name="args" value="${args} -cell @{cell}" />
				</then>
			</if>
		
			<was_5_common.local:runWsadmin wasHome="@{wasHome}"
				jaclFile="${was_5_common.local.basedir}${file.separator}jacl${file.separator}startApp.jacl"
				dir="${was_5_common.local.basedir}${file.separator}jacl">
				<arg value="-appName" />
				<arg value="@{appName}" />
				<arg value="-scope" />
				<arg value="@{scope}" />
				<arg line="${args}" />
			</was_5_common.local:runWsadmin>
			<unset name="args" />			
		</sequential>
	</macrodef>

	<macrodef name="setVarSub" uri="was_5_common.local"
		description="Edit a variable in a WebSphere Application Server variable map. Create the variable if it doesn't exist or modify its value if it already does.">
		<attribute name="wasHome"
			description="the root of the WebSphere Application Server install (e.g. C:/Progra~1/WebSphere/AppServer)" />
		<attribute name="server" default="server1"
			description="WAS server name.  At least one of cell/node/server must be specified." />
		<attribute name="node" default=""
			description="WAS node name.  At least one of cell/node/server must be specified." />
		<attribute name="cell" default=""
			description="WAS cell name.  At least one of cell/node/server must be specified." />
		<attribute name="varName" description="the variable name to create or modify" />
		<attribute name="varValue" description="the new value for the variable" />
		<attribute name="scope" default="Server"
			description="Specify on which scope to deploy WAS artifact" />
		
		<sequential>
			<set name="args" value="" />

			<if>
				<not>
					<equals arg1="@{server}" arg2="" trim="true" />
				</not>
				<then>
					<set name="args" value="${args} -server @{server}" />
				</then>
			</if>

			<if>
				<not>
					<equals arg1="@{node}" arg2="" trim="true" />
				</not>
				<then>
					<set name="args" value="${args} -node @{node}" />
				</then>
			</if>

			<if>
				<not>
					<equals arg1="@{cell}" arg2="" trim="true" />
				</not>
				<then>
					<set name="args" value="${args} -cell @{cell}" />
				</then>
			</if>

			<!-- dir attribute is required because JACL script "sources" another JACL file from the same directory. -->
			<was_5_common.local:runWsadmin wasHome="@{wasHome}"
				jaclFile="${was_5_common.local.basedir}${file.separator}jacl${file.separator}setVarSub.jacl"
				dir="${was_5_common.local.basedir}${file.separator}jacl">
				<arg value="-varName" />
				<arg value="@{varName}" />
				<arg value="-varValue" />
				<arg value="@{varValue}" />
				<arg value="-scope" />
				<arg value="@{scope}" />
				<arg line="${args}" />
			</was_5_common.local:runWsadmin>

			<unset name="args" />
		</sequential>
	</macrodef>

	<macrodef name="setSharedLib" uri="was_5_common.local"
		description="Create or modify a WebSphere Application Server shared library associated with the specified cell/node/server.">
		<attribute name="wasHome"
			description="the root of the WebSphere Application Server install (e.g. C:/Progra~1/WebSphere/AppServer)" />
		<attribute name="name" description="Name of the shared library." />
		<attribute name="classpath" description="Classpath for the shared library." />
		<attribute name="server" default="server1"
			description="WAS server name.  At least one of cell/node/server must be specified." />
		<attribute name="node" default=""
			description="WAS node name.  At least one of cell/node/server must be specified." />
		<attribute name="cell" default=""
			description="WAS cell name.  At least one of cell/node/server must be specified." />
		<attribute name="scope" default="Server"
			description="Specify on which scope to deploy WAS artifact" />
		
		<sequential>
			<set name="args" value="" />

			<if>
				<not>
					<equals arg1="@{server}" arg2="" trim="true" />
				</not>
				<then>
					<set name="args" value="${args} -server @{server}" />
				</then>
			</if>

			<if>
				<not>
					<equals arg1="@{node}" arg2="" trim="true" />
				</not>
				<then>
					<set name="args" value="${args} -node @{node}" />
				</then>
			</if>

			<if>
				<not>
					<equals arg1="@{cell}" arg2="" trim="true" />
				</not>
				<then>
					<set name="args" value="${args} -cell @{cell}" />
				</then>
			</if>

			<!-- dir attribute is required because JACL script "sources" another JACL file from the same directory. -->
			<was_5_common.local:runWsadmin wasHome="@{wasHome}"
				jaclFile="${was_5_common.local.basedir}${file.separator}jacl${file.separator}setSharedLib.jacl"
				dir="${was_5_common.local.basedir}${file.separator}jacl">
				<arg value="-name" />
				<arg value="@{name}" />
				<arg value="-classpath" />
				<arg value="@{classpath}" />
				<arg value="-scope" />
				<arg value="@{scope}" />
				<arg line="${args}" />
			</was_5_common.local:runWsadmin>

			<unset name="args" />
		</sequential>
	</macrodef>

	<macrodef name="setLibraryRef" uri="was_5_common.local"
		description="Configure WebSphere Application Server library references.  Add the library to all existing classloaders or create a new classloader if none exist.">
		<attribute name="wasHome"
			description="Root of the WebSphere Application Server install (e.g. C:/Progra~1/WebSphere/AppServer)" />
		<attribute name="libName"
			description="Name of the shared library to add to the classloaders." />
		<attribute name="server" default="server1"
			description="WAS server name.  At least one of cell/node/server must be specified." />
		<attribute name="node" default=""
			description="WAS node name.  At least one of cell/node/server must be specified." />
		<attribute name="cell" default=""
			description="WAS cell name.  At least one of cell/node/server must be specified." />
		<attribute name="scope" default="Server"
			description="Specify on which scope to deploy WAS artifact" />
		
		<sequential>
			<set name="args" value="" />

			<if>
				<not>
					<equals arg1="@{server}" arg2="" trim="true" />
				</not>
				<then>
					<set name="args" value="${args} -server @{server}" />
				</then>
			</if>

			<if>
				<not>
					<equals arg1="@{node}" arg2="" trim="true" />
				</not>
				<then>
					<set name="args" value="${args} -node @{node}" />
				</then>
			</if>

			<if>
				<not>
					<equals arg1="@{cell}" arg2="" trim="true" />
				</not>
				<then>
					<set name="args" value="${args} -cell @{cell}" />
				</then>
			</if>

			<!-- dir attribute is required because JACL script "sources" another JACL file from the same directory. -->
			<was_5_common.local:runWsadmin wasHome="@{wasHome}"
				jaclFile="${was_5_common.local.basedir}${file.separator}jacl${file.separator}setLibraryRef.jacl"
				dir="${was_5_common.local.basedir}${file.separator}jacl">
				<arg value="-libName" />
				<arg value="@{libName}" />
				<arg value="-scope" />
				<arg value="@{scope}" />
				<arg line="${args}" />
			</was_5_common.local:runWsadmin>

			<unset name="args" />
		</sequential>
	</macrodef>

	<macrodef name="setAuthnData" uri="was_5_common.local"
		description="Configure a WebSphere Application Server authentication data entry.  Create the alias if it doesn't exist or modify its userid and password if it does.">
		<attribute name="wasHome"
			description="the root of the WebSphere Application Server install (e.g. C:/Progra~1/WebSphere/AppServer)" />
		<attribute name="alias" description="the name of the authentication data entry" />
		<attribute name="userid"
			description="the user id contained in the authentication data entry" />
		<attribute name="password"
			description="the password contained in the authentication data entry" />
		<sequential>
			<was_5_common.local:runWsadmin wasHome="@{wasHome}"
				jaclFile="${was_5_common.local.basedir}${file.separator}jacl${file.separator}setAuthnData.jacl">
				<arg value="@{alias}" />
				<arg value="@{userid}" />
				<arg value="@{password}" />
			</was_5_common.local:runWsadmin>
		</sequential>
	</macrodef>

	<macrodef name="setJdbcProvider" uri="was_5_common.local"
		description="Configure a WebSphere Application Server JDBC provider. Create the JDBC provider if it doesn't exist.  If it does exist, no modifications are made.">
		<attribute name="wasHome"
			description="the root of the WebSphere Application Server install (e.g. C:/Progra~1/WebSphere/AppServer)" />
		<attribute name="providerName" description="Name for this JDBC provider entry." />
		<attribute name="providerTemplateName"
			description="the name of the template to use when creating the JDBC provider" />
		<attribute name="server" default="server1"
			description="WAS server name.  At least one of cell/node/server must be specified." />
		<attribute name="node" default=""
			description="WAS node name.  At least one of cell/node/server must be specified." />
		<attribute name="cell" default=""
			description="WAS cell name.  At least one of cell/node/server must be specified." />
		<attribute name="scope" default="Server"
			description="Specify on which scope to deploy WAS artifact" />
		
		<sequential>
			<set name="args" value="" />

			<if>
				<not>
					<equals arg1="@{server}" arg2="" trim="true" />
				</not>
				<then>
					<set name="args" value="${args} -server @{server}" />
				</then>
			</if>

			<if>
				<not>
					<equals arg1="@{node}" arg2="" trim="true" />
				</not>
				<then>
					<set name="args" value="${args} -node @{node}" />
				</then>
			</if>

			<if>
				<not>
					<equals arg1="@{cell}" arg2="" trim="true" />
				</not>
				<then>
					<set name="args" value="${args} -cell @{cell}" />
				</then>
			</if>

			<!-- dir attribute is required because JACL script "sources" another JACL file from the same directory. -->
			<was_5_common.local:runWsadmin wasHome="@{wasHome}"
				jaclFile="${was_5_common.local.basedir}${file.separator}jacl${file.separator}setJDBCProvider.jacl"
				dir="${was_5_common.local.basedir}${file.separator}jacl">
				<arg value="-name" />
				<arg value="@{providerName}" />
				<arg value="-providerTemplateName" />
				<arg value="@{providerTemplateName}" />
				<arg value="-scope" />
				<arg value="@{scope}" />
				<arg line="${args}" />
			</was_5_common.local:runWsadmin>

			<unset name="args" />
		</sequential>
	</macrodef>
	
	<macrodef name="setDB2JdbcProvider" uri="was_5_common.local"
		description="Configure a WebSphere Application Server DB2 JDBC provider. Create the DB2 JDBC provider if it doesn't exist.  If it does exist, no modifications are made.">
		<attribute name="wasHome"
			description="the root of the WebSphere Application Server install (e.g. C:/Progra~1/WebSphere/AppServer)" />
		<attribute name="providerName" description="Name for this JDBC provider entry." />
		<attribute name="providerType"
			description="the name of the provider type to use when creating the JDBC provider" />
		<attribute name="implementationType"
			description="the name of the implementation type to use when creating the JDBC provider" />
		<attribute name="server" default="server1"
			description="WAS server name.  At least one of cell/node/server must be specified." />
		<attribute name="node" default=""
			description="WAS node name.  At least one of cell/node/server must be specified." />
		<attribute name="cell" default=""
			description="WAS cell name.  At least one of cell/node/server must be specified." />
		<attribute name="scope" default="Node"
			description="Specify on which scope to deploy WAS artifact" />
		<attribute name="description" default=""
			description="Description of the DB2 JDBC provider" />
			
		<sequential>
			<set name="args" value="" />

			<if>
				<not>
					<equals arg1="@{server}" arg2="" trim="true" />
				</not>
				<then>
					<set name="args" value="${args} -server @{server}" />
				</then>
			</if>

			<if>
				<not>
					<equals arg1="@{node}" arg2="" trim="true" />
				</not>
				<then>
					<set name="args" value="${args} -node @{node}" />
				</then>
			</if>

			<if>
				<not>
					<equals arg1="@{cell}" arg2="" trim="true" />
				</not>
				<then>
					<set name="args" value="${args} -cell @{cell}" />
				</then>
			</if>
			
			<if>
				<not>
					<equals arg1="@{description}" arg2="" trim="true" />
				</not>
				<then>
					<set name="args" value="${args} -desc @{description}" />
				</then>
			</if>

			<!-- dir attribute is required because JACL script "sources" another JACL file from the same directory. -->
			<was_5_common.local:runWsadmin wasHome="@{wasHome}"
				jaclFile="${was_5_common.local.basedir}${file.separator}jacl${file.separator}setDB2JdbcProvider.jacl"
				dir="${was_5_common.local.basedir}${file.separator}jacl">
				<arg value="-name" />
				<arg value="@{providerName}" />
				<arg value="-provType" />
				<arg value="@{providerType}" />
				<arg value="-impleType" />
				<arg value="@{implementationType}" />
				<arg value="-scope" />
				<arg value="@{scope}" />
				<arg line="${args}" />
			</was_5_common.local:runWsadmin>
			
			<unset name="args" />
		</sequential>
	</macrodef>
	

	<macrodef name="setDataSource" uri="was_5_common.local"
		description="Create a new WebSphere Application Server datasource for a given JDBC provider.  Do nothing is a data source already exists with the specified JNDI name.">
		<attribute name="wasHome"
			description="the root of the WebSphere Application Server install (e.g. C:/Progra~1/WebSphere/AppServer)" />
		<attribute name="providerName" description="Name of the associated JDBC provider." />
		<attribute name="providerTemplateName"
			description="the name of the template to use to create the datasource" />
		<attribute name="name" description="Name of the datasource." />
		<attribute name="jndiName" description="the JNDI name of the datasource" />
		<attribute name="authDataAlias" default=""
			description="Optional alias of the authentication data entry for the datasource.  Defaults to none." />
		<attribute name="databaseName" description="database name" />
		<attribute name="server" default="server1"
			description="WAS server name associated with the JDBC provider.  At least one of cell/node/server must be specified." />
		<attribute name="node" default=""
			description="WAS node name associated with the JDBC provider.  At least one of cell/node/server must be specified." />
		<attribute name="cell" default=""
			description="WAS cell name associated with the JDBC provider.  At least one of cell/node/server must be specified." />		
		<attribute name="scope" default="Server"
			description="Specify on which scope to deploy WAS artifact" />
		
		<sequential>
			<set name="args" value="" />

			<if>
				<not>
					<equals arg1="@{server}" arg2="" trim="true" />
				</not>
				<then>
					<set name="args" value="${args} -server @{server}" />
				</then>
			</if>

			<if>
				<not>
					<equals arg1="@{node}" arg2="" trim="true" />
				</not>
				<then>
					<set name="args" value="${args} -node @{node}" />
				</then>
			</if>

			<if>
				<not>
					<equals arg1="@{cell}" arg2="" trim="true" />
				</not>
				<then>
					<set name="args" value="${args} -cell @{cell}" />
				</then>
			</if>

			<if>
				<not>
					<equals arg1="@{authDataAlias}" arg2="" trim="true" />
				</not>
				<then>
					<set name="args" value="${args} -authDataAlias @{authDataAlias}" />
				</then>
			</if>

			<!-- dir attribute is required because JACL script "sources" another JACL file from the same directory. -->
			<was_5_common.local:runWsadmin wasHome="@{wasHome}"
				jaclFile="${was_5_common.local.basedir}${file.separator}jacl${file.separator}setDataSource.jacl"
				dir="${was_5_common.local.basedir}${file.separator}jacl">
				<arg value="-providerName" />
				<arg value="@{providerName}" />
				<arg value="-dsTemplateProviderName" />
				<arg value="@{providerTemplateName}" />
				<arg value="-dsName" />
				<arg value="@{name}" />
				<arg value="-jndiName" />
				<arg value="@{jndiName}" />
				<arg value="-databaseName" />
				<arg value="@{databaseName}" />
				<arg value="-scope" />
				<arg value="@{scope}" />
				<arg line="${args}" />
			</was_5_common.local:runWsadmin>

			<unset name="args" />

			<was_5_common.local:setDataSourceCustomProperties wasHome="@{wasHome}" server="@{server}"
				node="@{node}" cell="@{cell}" providerName="@{providerName}" dsName="@{name}"
				propertyName="databaseName" propertyValue="@{databaseName}" />
		</sequential>
	</macrodef>
	
	<macrodef name="setDB2DataSourceV5" uri="was_5_common.local"
		description="Create a new WebSphere Application Server datasource for a given DB2 JDBC provider.  Do nothing is a data source already exists with the specified JNDI name.">
		<attribute name="wasHome"
			description="the root of the WebSphere Application Server install (e.g. C:/Progra~1/WebSphere/AppServer)" />
		<attribute name="providerName" description="Name of the associated JDBC provider." />		
		<attribute name="dataSourceName" description="Name of the datasource." />		
		<attribute name="server" default="server1"
			description="WAS server name associated with the DB2 JDBC provider.  At least one of cell/node/server must be specified." />
		<attribute name="node" default=""
			description="WAS node name associated with the DB2 JDBC provider.  At least one of cell/node/server must be specified." />
		<attribute name="cell" default=""
			description="WAS cell name associated with the DB2 JDBC provider.  At least one of cell/node/server must be specified." />		
		<attribute name="scope" default=""
			description="Specify on which scope to deploy WAS artifact" />
		<attribute name="databaseName" default=""
			description="database name of datasource " />
		<attribute name="jndiName" default=""
			description="Specify the jndiName of the datasource" />
		<attribute name="authenticationAlias" default=""
			description="This alias is used for database authentication at run time" />
		 	
		<sequential>
			<set name="args" value="" />

			<if>
				<not>
					<equals arg1="@{server}" arg2="" trim="true" />
				</not>
				<then>
					<set name="args" value="${args} -server @{server}" />
				</then>
			</if>

			<if>
				<not>
					<equals arg1="@{node}" arg2="" trim="true" />
				</not>
				<then>
					<set name="args" value="${args} -node @{node}" />
				</then>
			</if>

			<if>
				<not>
					<equals arg1="@{cell}" arg2="" trim="true" />
				</not>
				<then>
					<set name="args" value="${args} -cell @{cell}" />
				</then>
			</if>
			
			<if>
				<not>
					<equals arg1="@{authenticationAlias}" arg2="" trim="true" />
				</not>
				<then>
					<set name="args" value="${args} -authDataAlias @{authenticationAlias}" />
				</then>
			</if>	

			<!-- dir attribute is required because JACL script "sources" another JACL file from the same directory. -->
			<was_5_common.local:runWsadmin wasHome="@{wasHome}"
				jaclFile="${was_5_common.local.basedir}${file.separator}jacl${file.separator}setDB2DataSourceV5.jacl"
				dir="${was_5_common.local.basedir}${file.separator}jacl">
				<arg value="-provider" />
				<arg value="@{providerName}" />				
				<arg value="-name" />
				<arg value="@{dataSourceName}" />							
				<arg value="-scope" />
				<arg value="@{scope}" />
				<arg value="-dbname" />
				<arg value="@{databaseName}" />
				<arg value="-jndi" />
				<arg value="@{jndiName}" />				
				<arg line="${args}" />
				
			</was_5_common.local:runWsadmin>

			<unset name="args" />

			
		</sequential>
	</macrodef>	

	<macrodef name="setDataSourceCustomProperties" uri="was_5_common.local"
		description="Configure the properties of a WebSphere Application Server datasource.  Modify the value of a property if it exists, or create the property if it doesn't.">
		<attribute name="wasHome"
			description="the root of the WebSphere Application Server install (e.g. C:/Progra~1/WebSphere/AppServer)" />
		<attribute name="server" default=""
			description="WAS server name associated with the data source.  At least one of cell/node/server must be specified." />
		<attribute name="node" default=""
			description="WAS node name associated with the data source.  At least one of cell/node/server must be specified." />
		<attribute name="cell" default=""
			description="WAS cell name associated with the data source.  At least one of cell/node/server must be specified." />
		<attribute name="providerName" description="Name of the associated JDBC provider." />
		<attribute name="dsName" description="Name of the datasource." />
		<attribute name="propertyName" description="the name of the property to set" />
		<attribute name="propertyValue" description="the new value of the property" />
		<sequential>
			<set name="args" value="" />

			<if>
				<not>
					<equals arg1="@{server}" arg2="" trim="true" />
				</not>
				<then>
					<set name="args" value="${args} -server @{server}" />
				</then>
			</if>

			<if>
				<not>
					<equals arg1="@{node}" arg2="" trim="true" />
				</not>
				<then>
					<set name="args" value="${args} -node @{node}" />
				</then>
			</if>

			<if>
				<not>
					<equals arg1="@{cell}" arg2="" trim="true" />
				</not>
				<then>
					<set name="args" value="${args} -cell @{cell}" />
				</then>
			</if>

			<!-- dir attribute is required because JACL script "sources" another JACL file from the same directory. -->
			<was_5_common.local:runWsadmin wasHome="@{wasHome}"
				jaclFile="${was_5_common.local.basedir}${file.separator}jacl${file.separator}setDataSourceCustomProperties.jacl"
				dir="${was_5_common.local.basedir}${file.separator}jacl">
				<arg value="-providerName" />
				<arg value="@{providerName}" />
				<arg value="-dsName" />
				<arg value="@{dsName}" />
				<arg value="-propertyName" />
				<arg value="@{propertyName}" />
				<arg value="-propertyValue" />
				<arg value="@{propertyValue}" />
				<arg line="${args}" />
			</was_5_common.local:runWsadmin>

			<unset name="args" />
		</sequential>
	</macrodef>

	<macrodef name="setMqQcfBindings" uri="was_5_common.local"
		description="Create a new WebSphere Application Server MQ Queue Connection Factory using 'bindings' transport type.  Do nothing if a MQ Queue Connection Factory with the given name already exists.">
		<attribute name="wasHome"
			description="the root of the WebSphere Application Server install (e.g. C:/Progra~1/WebSphere/AppServer)" />
		<attribute name="qcfName" description="Name of the MQ Queue Connection Factory to create" />
		<attribute name="description" default="MQ Queue Connection Factory"
			description="Description of the MQ Queue Connection Factory. Defaults to 'MQ Queue Connection Factory'" />
		<attribute name="jndiName" description="JNDI name of the MQ Queue Connection Factory" />
		<attribute name="qmName" description="Name of the associated queue manager" />
		<attribute name="authDataAlias" default=""
			description="Optional alias of the authentication data entry for this MQ Queue Connection Factory.  Defaults to none." />
		<attribute name="isXAEnabled" default="true"
			description="whether the connection factory is for the XA coordination of messages.  Defaults to true." />
		<attribute name="server" default="server1"
			description="WAS server name associated with the QCF.  At least one of cell/node/server must be specified." />
		<attribute name="node" default=""
			description="WAS node name associated with the QCF.  At least one of cell/node/server must be specified." />
		<attribute name="cell" default=""
			description="WAS cell name associated with the QCF.  At least one of cell/node/server must be specified." />
		<attribute name="scope" default="Server"
			description="Specify on which scope to deploy WAS artifact" />
		
		<sequential>
			<set name="args" value="" />

			<if>
				<not>
					<equals arg1="@{server}" arg2="" trim="true" />
				</not>
				<then>
					<set name="args" value="${args} -server @{server}" />
				</then>
			</if>

			<if>
				<not>
					<equals arg1="@{node}" arg2="" trim="true" />
				</not>
				<then>
					<set name="args" value="${args} -node @{node}" />
				</then>
			</if>

			<if>
				<not>
					<equals arg1="@{cell}" arg2="" trim="true" />
				</not>
				<then>
					<set name="args" value="${args} -cell @{cell}" />
				</then>
			</if>

			<if>
				<not>
					<equals arg1="@{authDataAlias}" arg2="" trim="true" />
				</not>
				<then>
					<set name="args" value="${args} -authDataAlias @{authDataAlias}" />
				</then>
			</if>

			<!-- dir attribute is required because JACL script "sources" another JACL file from the same directory. -->
			<was_5_common.local:runWsadmin wasHome="@{wasHome}"
				jaclFile="${was_5_common.local.basedir}${file.separator}jacl${file.separator}setMqQcfBindings.jacl"
				dir="${was_5_common.local.basedir}${file.separator}jacl">
				<arg value="-qcfName" />
				<arg value="@{qcfName}" />
				<arg value="-description" />
				<arg value="@{description}" />
				<arg value="-jndiName" />
				<arg value="@{jndiName}" />
				<arg value="-qmName" />
				<arg value="@{qmName}" />
				<arg value="-isXAEnabled" />
				<arg value="@{isXAEnabled}" />
				<arg value="-scope" />
				<arg value="@{scope}" />
				<arg line="${args}" />
			</was_5_common.local:runWsadmin>

			<unset name="args" />
		</sequential>
	</macrodef>

	<macrodef name="setMqQcfClient" uri="was_5_common.local"
		description="Create a new WebSphere Application Server MQ Queue Connection Factory using TCP/IP client connection. Do nothing if a MQ Queue Connection Factory with the given name already exists.">
		<attribute name="wasHome"
			description="the root of the WebSphere Application Server install (e.g. C:/Progra~1/WebSphere/AppServer)" />
		<attribute name="qcfName"
			description="the name of the MQ Queue Connection Factory to create" />
		<attribute name="description" default="'MQ Queue Connection Factory'"
			description="a description of the MQ Queue Connection Factory. Defaults to 'MQ Queue Connection Factory'" />
		<attribute name="jndiName" description="the JNDI name of the MQ Queue Connection Factory" />
		<attribute name="qmName" description="the queue manager name" />
		<attribute name="authDataAlias" default=""
			description="Optional alias of the authentication data entry for this MQ Queue Connection Factory.  Defaults to none." />
		<attribute name="host" description="the name of the host where the queue manager runs" />
		<attribute name="port" description="the port of the queue manager" />
		<attribute name="channel"
			description="the name of the channel used for connecting to the queue manager" />
		<attribute name="isXAEnabled" default="true"
			description="whether the connection factory is for the XA coordination of messages. Defaults to true." />
		<attribute name="server" default="server1"
			description="WAS server name associated with the QCF.  At least one of cell/node/server must be specified." />
		<attribute name="node" default=""
			description="WAS node name associated with the QCF.  At least one of cell/node/server must be specified." />
		<attribute name="cell" default=""
			description="WAS cell name associated with the QCF.  At least one of cell/node/server must be specified." />		
		<attribute name="scope" default="Server"
			description="Specify on which scope to deploy WAS artifact" />
		
		<sequential>
			<set name="args" value="" />

			<if>
				<not>
					<equals arg1="@{server}" arg2="" trim="true" />
				</not>
				<then>
					<set name="args" value="${args} -server @{server}" />
				</then>
			</if>

			<if>
				<not>
					<equals arg1="@{node}" arg2="" trim="true" />
				</not>
				<then>
					<set name="args" value="${args} -node @{node}" />
				</then>
			</if>

			<if>
				<not>
					<equals arg1="@{cell}" arg2="" trim="true" />
				</not>
				<then>
					<set name="args" value="${args} -cell @{cell}" />
				</then>
			</if>

			<if>
				<not>
					<equals arg1="@{authDataAlias}" arg2="" trim="true" />
				</not>
				<then>
					<set name="args" value="${args} -authDataAlias @{authDataAlias}" />
				</then>
			</if>

			<!-- dir attribute is required because JACL script "sources" another JACL file from the same directory. -->
			<was_5_common.local:runWsadmin wasHome="@{wasHome}"
				jaclFile="${was_5_common.local.basedir}${file.separator}jacl${file.separator}setMqQcfClient.jacl"
				dir="${was_5_common.local.basedir}${file.separator}jacl">
				<arg value="-qcfName" />
				<arg value="@{qcfName}" />
				<arg value="-description" />
				<arg value="@{description}" />
				<arg value="-jndiName" />
				<arg value="@{jndiName}" />
				<arg value="-qmName" />
				<arg value="@{qmName}" />
				<arg value="-isXAEnabled" />
				<arg value="@{isXAEnabled}" />
				<arg value="-qmHost" />
				<arg value="@{host}" />
				<arg value="-qmPort" />
				<arg value="@{port}" />
				<arg value="-qmChannel" />
				<arg value="@{channel}" />
				<arg value="-scope" />
				<arg value="@{scope}" />
				<arg line="${args}" />
			</was_5_common.local:runWsadmin>

			<unset name="args" />
		</sequential>
	</macrodef>

	<macrodef name="setMqQDest" uri="was_5_common.local"
		description="Create a WebSphere Application Server MQ queue destination. Do nothing if an MQ queue destination of the given name already exists.">
		<attribute name="wasHome"
			description="the root of the WebSphere Application Server install (e.g. C:/Progra~1/WebSphere/AppServer)" />
		<attribute name="destName" description="the name of the MQ Queue destination" />
		<attribute name="jndiName" description="the JNDI name of the MQ Queue destination" />
		<attribute name="qName" description="the name of the queue to which messages are sent" />
		<attribute name="qmName"
			description="the name of the queue manager to which messages are sent" />
		<attribute name="server" default="server1"
			description="WAS server name associated with the Queue Destination.  At least one of cell/node/server must be specified." />
		<attribute name="node" default=""
			description="WAS node name associated with the Queue Destination.  At least one of cell/node/server must be specified." />
		<attribute name="cell" default=""
			description="WAS cell name associated with the Queue Destination.  At least one of cell/node/server must be specified." />
		<attribute name="scope" default="Server"
			description="Specify on which scope to deploy WAS artifact" />
		
		<sequential>
			<set name="args" value="" />

			<if>
				<not>
					<equals arg1="@{server}" arg2="" trim="true" />
				</not>
				<then>
					<set name="args" value="${args} -server @{server}" />
				</then>
			</if>

			<if>
				<not>
					<equals arg1="@{node}" arg2="" trim="true" />
				</not>
				<then>
					<set name="args" value="${args} -node @{node}" />
				</then>
			</if>

			<if>
				<not>
					<equals arg1="@{cell}" arg2="" trim="true" />
				</not>
				<then>
					<set name="args" value="${args} -cell @{cell}" />
				</then>
			</if>

			<!-- dir attribute is required because JACL script "sources" another JACL file from the same directory. -->
			<was_5_common.local:runWsadmin wasHome="@{wasHome}"
				jaclFile="${was_5_common.local.basedir}${file.separator}jacl${file.separator}setMqQDest.jacl"
				dir="${was_5_common.local.basedir}${file.separator}jacl">
				<arg value="-destName" />
				<arg value="@{destName}" />
				<arg value="-jndiName" />
				<arg value="@{jndiName}" />
				<arg value="-qName" />
				<arg value="@{qName}" />
				<arg value="-qmName" />
				<arg value="@{qmName}" />
				<arg value="-scope" />
				<arg value="@{scope}" />
				<arg line="${args}" />
			</was_5_common.local:runWsadmin>

			<unset name="args" />
		</sequential>
	</macrodef>

	<macrodef name="setSchedulerConfig" uri="was_5_common.local"
		description="Create a new scheduler configuration. Do nothing if a scheduler configuration of the given name already exists.">
		<attribute name="wasHome"
			description="the root of the WebSphere Application Server install (e.g. C:/Progra~1/WebSphere/AppServer)" />
		<attribute name="server" default=""
			description="WAS server name associated with the Scheduler.  At least one of cell/node/server must be specified." />
		<attribute name="node" default=""
			description="WAS node name associated with the Scheduler.  At least one of cell/node/server must be specified." />
		<attribute name="cell" default=""
			description="WAS cell name associated with the Scheduler.  At least one of cell/node/server must be specified." />
		<attribute name="name" description="the name of the scheduler configuration" />
		<attribute name="jndiName" description="JNDI name of this scheduler" />
		<attribute name="category"
			description="a string that can be used to classify or group this scheduler" />
		<attribute name="dsAuthnAlias"
			description="alias to a username and password to access the datasource" />
		<attribute name="dsJndiName"
			description="JNDI name of datasource where persistent tasks will be stored" />
		<attribute name="pollInterval"
			description="the interval at which the scheduler daemon polls the database (in seconds)" />
		<attribute name="tablePrefix"
			description="a prefix string used in the database so that multiple schedulers can share the same database" />
		<attribute name="workManager" description="the work manager that serves this scheduler" />
		<sequential>
			<set name="args" value="" />

			<if>
				<not>
					<equals arg1="@{server}" arg2="" trim="true" />
				</not>
				<then>
					<set name="args" value="${args} -server @{server}" />
				</then>
			</if>

			<if>
				<not>
					<equals arg1="@{node}" arg2="" trim="true" />
				</not>
				<then>
					<set name="args" value="${args} -node @{node}" />
				</then>
			</if>

			<if>
				<not>
					<equals arg1="@{cell}" arg2="" trim="true" />
				</not>
				<then>
					<set name="args" value="${args} -cell @{cell}" />
				</then>
			</if>

			<!-- dir attribute is required because JACL script "sources" another JACL file from the same directory. -->
			<was_5_common.local:runWsadmin wasHome="@{wasHome}"
				jaclFile="${was_5_common.local.basedir}${file.separator}jacl${file.separator}setSchedulerConfig.jacl"
				dir="${was_5_common.local.basedir}${file.separator}jacl">
				<arg value="-name" />
				<arg value="@{name}" />
				<arg value="-category" />
				<arg value="@{category}" />
				<arg value="-dsAuthnAlias" />
				<arg value="@{dsAuthnAlias}" />
				<arg value="-dsJndiName" />
				<arg value="@{dsJndiName}" />
				<arg value="-jndiName" />
				<arg value="@{jndiName}" />
				<arg value="-pollInterval" />
				<arg value="@{pollInterval}" />
				<arg value="-tablePrefix" />
				<arg value="@{tablePrefix}" />
				<arg value="-workManager" />
				<arg value="@{workManager}" />
				<arg line="${args}" />
			</was_5_common.local:runWsadmin>

			<unset name="args" />
		</sequential>
	</macrodef>

	<!-- Requires server restart to start listener port -->
	<macrodef name="setMessageListenerPort" uri="was_5_common.local"
		description="Creates a new WebSphere Application Server message listener port.  Does nothing if a message listener pport of the given name already exists.  DOES NOT actually start the listener port as a restart is required to start the listener port.">
		<attribute name="wasHome"
			description="the root of the WebSphere Application Server install (e.g. C:/Progra~1/WebSphere/AppServer)" />
		<attribute name="server" description="WAS server name associated with the Listener Port." />
		<attribute name="node" description="WAS node name associated with the Listener Port." />
		<attribute name="cell" description="WAS cell name associated with the Listener Port." />
		<attribute name="lpName" description="the name of the message listener port" />
		<attribute name="destJndiName"
			description="the JNDI name for the destination to be used by the listener port" />
		<attribute name="qcfJndiName"
			description="the JNDI name for the JMS Connection factory to be used by the listener port" />
		<attribute name="maxRetries"
			description="the maximum number of times the listener tries to deliver a message before the listener is stopped (must be in the range 0 through 2147483647)" />
		<sequential>
			<was_5_common.local:runWsadmin wasHome="@{wasHome}"
				jaclFile="${was_5_common.local.basedir}${file.separator}jacl${file.separator}setMessageListenerPort.jacl">
				<arg value="/Cell:${cell}/Node:@{node}/Server:@{server}/" />
				<arg value="@{lpName}" />
				<arg value="@{destJndiName}" />
				<arg value="@{qcfJndiName}" />
				<arg value="@{maxRetries}" />
			</was_5_common.local:runWsadmin>
		</sequential>
	</macrodef>


	<macrodef name="setEventGroupProfileList" uri="was_5_common.local"
		description="Creates a new WebSphere Application Server event group profile list. Event group profile lists are part of the Common Event Infrastructure. Does not create the event group profile list if one of the given name already exists.">
		<attribute name="wasHome"
			description="the root of the WebSphere Application Server install (e.g. C:/Progra~1/WebSphere/AppServer)" />
		<attribute name="server" default=""
			description="WAS server name associated with the CEI Provider.  At least one of cell/node/server must be specified." />
		<attribute name="node" default=""
			description="WAS node name associated with the CEI Provider.  At least one of cell/node/server must be specified." />
		<attribute name="cell" default=""
			description="WAS cell name associated with the CEI Provider.  At least one of cell/node/server must be specified." />
		<attribute name="name" description="the name of the event group profile list" />
		<attribute name="jndiName" description="the JNDI name of the event group profile list" />
		<sequential>
			<set name="args" value="" />

			<if>
				<not>
					<equals arg1="@{server}" arg2="" trim="true" />
				</not>
				<then>
					<set name="args" value="${args} -server @{server}" />
				</then>
			</if>

			<if>
				<not>
					<equals arg1="@{node}" arg2="" trim="true" />
				</not>
				<then>
					<set name="args" value="${args} -node @{node}" />
				</then>
			</if>

			<if>
				<not>
					<equals arg1="@{cell}" arg2="" trim="true" />
				</not>
				<then>
					<set name="args" value="${args} -cell @{cell}" />
				</then>
			</if>

			<!-- dir attribute is required because JACL script "sources" another JACL file from the same directory. -->
			<was_5_common.local:runWsadmin wasHome="@{wasHome}"
				jaclFile="${was_5_common.local.basedir}${file.separator}jacl${file.separator}setEventGroupProfileList.jacl"
				dir="${was_5_common.local.basedir}${file.separator}jacl">
				<arg value="-name" />
				<arg value="@{name}" />
				<arg value="-jndiName" />
				<arg value="@{jndiName}" />
				<arg line="${args}" />
			</was_5_common.local:runWsadmin>

			<unset name="args" />
		</sequential>
	</macrodef>


	<macrodef name="setEventGroupProfile" uri="was_5_common.local"
		description="Creates a new WebSphere Application Server event group profile in the given event group profile list. Event group profiles are part of the Common Event Infrastructure. Does not currently check to see if the event group profile already exists.">
		<attribute name="wasHome"
			description="the root of the WebSphere Application Server install (e.g. C:/Progra~1/WebSphere/AppServer)" />
		<attribute name="server" default=""
			description="WAS server name associated with the CEI Provider.  At least one of cell/node/server must be specified." />
		<attribute name="node" default=""
			description="WAS node name associated with the CEI Provider.  At least one of cell/node/server must be specified." />
		<attribute name="cell" default=""
			description="WAS cell name associated with the CEI Provider.  At least one of cell/node/server must be specified." />
		<attribute name="listName"
			description="the name of the event group profile list to create this profile in" />
		<attribute name="groupName" description="the name of the event group profile" />
		<attribute name="eventSelectorString"
			description="describes the events you want to include in the event group" />
		<sequential>
			<set name="args" value="" />

			<if>
				<not>
					<equals arg1="@{server}" arg2="" trim="true" />
				</not>
				<then>
					<set name="args" value="${args} -server @{server}" />
				</then>
			</if>

			<if>
				<not>
					<equals arg1="@{node}" arg2="" trim="true" />
				</not>
				<then>
					<set name="args" value="${args} -node @{node}" />
				</then>
			</if>

			<if>
				<not>
					<equals arg1="@{cell}" arg2="" trim="true" />
				</not>
				<then>
					<set name="args" value="${args} -cell @{cell}" />
				</then>
			</if>

			<!-- dir attribute is required because JACL script "sources" another JACL file from the same directory. -->
			<was_5_common.local:runWsadmin wasHome="@{wasHome}"
				jaclFile="${was_5_common.local.basedir}${file.separator}jacl${file.separator}setEventGroupProfile.jacl"
				dir="${was_5_common.local.basedir}${file.separator}jacl">
				<arg value="-name" />
				<arg value="@{name}" />
				<arg value="-jndiName" />
				<arg value="@{jndiName}" />
				<arg value="-listName" />
				<arg value="@{listName}" />
				<arg value="-groupName" />
				<arg value="@{groupName}" />
				<arg value="-eventSelectorString" />
				<arg value="@{eventSelectorString}" />
				<arg line="${args}" />
			</was_5_common.local:runWsadmin>

			<unset name="args" />
		</sequential>
	</macrodef>

	<macrodef name="genPlugin" uri="was_5_common.local"
		description="Update the WebSphere Application Server Web server plug-in configuration file.">
		<attribute name="wasHome"
			description="the root of the WebSphere Application Server install (e.g. C:/Progra~1/WebSphere/AppServer)" />
		<attribute name="destinationRoot" default=""
			description="Sets root directory for filesystem references (e.g. log is placed in {destinationRoot}/logs/http_plugin.log).  Defaults to the WAS install directory." />
		<sequential>
			<if>
				<equals arg1="@{destinationRoot}" arg2="" />
				<then>
					<os:runShellScript shellScript="@{wasHome}/bin/GenPluginCfg"
						dir="@{wasHome}/bin" />
				</then>

				<else>
					<os:runShellScript shellScript="@{wasHome}/bin/GenPluginCfg"
						dir="@{wasHome}/bin">
						<arg value="-destination.root" />
						<arg value="@{destinationRoot}" />
					</os:runShellScript>
				</else>
			</if>
		</sequential>
	</macrodef>

	<macrodef name="setSoapRequestTimeout" uri="was_5_common.local"
		description="Set the timeout for the WebSphere Application Server JMX SOAP connector.">
		<attribute name="wasHome"
			description="the root of the WebSphere Application Server install (e.g. C:/Progra~1/WebSphere/AppServer)" />
		<attribute name="timeout" description="the new timeout (in seconds)" />
		<sequential>
			<replace file="@{wasHome}/properties/soap.client.props">
				<replacetoken>
					<![CDATA[
com.ibm.SOAP.requestTimeout=]]>
				</replacetoken>
				<replacevalue>
					<![CDATA[
com.ibm.SOAP.requestTimeout=@SOAP_REQUEST_TIMEOUT@
#com.ibm.SOAP.requestTimeout=]]>
				</replacevalue>
			</replace>

			<replace file="@{wasHome}/properties/soap.client.props" token="@SOAP_REQUEST_TIMEOUT@"
				value="@{timeout}" />
		</sequential>
	</macrodef>

	<macrodef name="setTransactionServiceLifetimeTimeout" uri="was_5_common.local"
		description="Set the timeout for the WebSphere Application Server transaction service.">
		<attribute name="wasHome"
			description="the root of the WebSphere Application Server install (e.g. C:/Progra~1/WebSphere/AppServer)" />
		<attribute name="cell" description="the cell to set the timeout for" />
		<attribute name="node" description="the node to set the timeout for" />
		<attribute name="server" description="the server to set the timeout for" />
		<attribute name="timeout" description="the new timeout (in seconds)" />
		<sequential>
			<was_5_common.local:runWsadmin wasHome="@{wasHome}"
				jaclFile="${was_5_common.local.basedir}${file.separator}jacl${file.separator}setTransactionServiceLifetimeTimeout.jacl">
				<arg value="@{cell}" />
				<arg value="@{node}" />
				<arg value="@{server}" />
				<arg value="@{timeout}" />
			</was_5_common.local:runWsadmin>
		</sequential>
	</macrodef>

	<macrodef name="unconfigureBpelContainer" uri="was_5_common.local"
		description="Unconfigure the Business Process container.">
		<attribute name="wasHome"
			description="the root of the WebSphere Application Server install (e.g. C:/Progra~1/WebSphere/AppServer)" />
		<attribute name="node"
			description="Node containing the server running the Business Process container." />
		<attribute name="server" description="Server hosting the Business Process container." />
		<sequential>
			<was_5_common.local:runWsadmin wasHome="@{wasHome}"
				jaclFile="@{wasHome}/ProcessChoreographer/sample/bpeunconfig.jacl">
				<arg value="-node" />
				<arg value="@{node}" />
				<arg value="-server" />
				<arg value="@{server}" />
			</was_5_common.local:runWsadmin>
		</sequential>
	</macrodef>

	<macrodef name="install_CEI" uri="was_5_common.local">
		<attribute name="wasHome" />
		<attribute name="jdbcClasspath" />
		<attribute name="dbUser" />
		<attribute name="dbPassword" />
		<attribute name="node" />
		<attribute name="server" />
		<attribute name="dbNodeName" default="" />
		<sequential>
			<copy file="@{wasHome}/event/dbconfig/DB2ResponseFile.txt"
				tofile="@{wasHome}/event/dbconfig/DB2ResponseFile.msap.txt" />
			<replace file="@{wasHome}/event/dbconfig/DB2ResponseFile.msap.txt"
				token="UNIVERSAL_JDBC_CLASSPATH=" value="#UNIVERSAL_JDBCxCLASSPATH" />
			<replace file="@{wasHome}/event/dbconfig/DB2ResponseFile.msap.txt"
				token="JDBC_CLASSPATH=" value="#JDBCxCLASSPATH" />
			<replace file="@{wasHome}/event/dbconfig/DB2ResponseFile.msap.txt" token="DB_NODE_NAME="
				value="#DB_NODExNAME" />

			<!-- DB_USER, DB_PASSWORD, CEI_INSTALLER are set to drive silent operations. -->
			<echo file="@{wasHome}/event/dbconfig/DB2ResponseFile.msap.txt" append="true">
				JDBC_CLASSPATH=@{jdbcClasspath} UNIVERSAL_JDBC_CLASSPATH=@{jdbcClasspath}
				DB_NODE_NAME=@{dbNodeName} DB_USER=@{dbUser} DB_PASSWORD=@{dbPassword}
				CEI_INSTALLER=true
			</echo>

			<os:runShellScript shellScript="@{wasHome}/event/dbconfig/config_event_database">
				<arg value="@{wasHome}/event/dbconfig/DB2ResponseFile.msap.txt" />
			</os:runShellScript>

			<was_5_common.local:runWsadmin wasHome="@{wasHome}" jaclFile="event-application.jacl"
				dir="@{wasHome}/event/application">
				<arg value="-profile" />
				<arg value="event-profile.jacl" />
				<arg value="-wsadmin_classpath" />
				<arg value="@{wasHome}/event/lib/cei_installer.jar" />
				<arg value="-action" />
				<arg value="install" />
				<arg value="-earfile" />
				<arg value="event-application.ear" />
				<arg value="-backendid" />
				<arg value="DB2UDBNT_V8_1" />
				<arg value="-node" />
				<arg value="@{node}" />
				<arg value="-server" />
				<arg value="@{server}" />
				<arg value="-trace" />
			</was_5_common.local:runWsadmin>

			<!--
				<exec executable="/bin/sh" os="Linux" dir="@{wasHome}/event/application" failonerror="true">
				<arg value="@{wasHome}/bin/wsadmin.sh" />
				<arg value="-profile" />
				<arg value="event-profile.jacl" />
				<arg value="-wsadmin_classpath" />
				<arg value="@{wasHome}/event/lib/cei_installer.jar" />
				<arg value="-f" />
				<arg value="event-application.jacl" />
				<arg value="-action" />
				<arg value="install" />
				<arg value="-earfile" />
				<arg value="event-application.ear" />
				<arg value="-backendid" />
				<arg value="DB2UDBNT_V8_1" />
				<arg value="-node" />
				<arg value="@{node}" />
				<arg value="-server" />
				<arg value="@{server}" />
				<arg value="-trace" />
				</exec>
			-->
		</sequential>
	</macrodef>


	<macrodef name="installFixPack" uri="was_5_common.local" description="Install a WAS fixpack.">
		<attribute name="wasHome" description="Directory where WAS 5.1 was already installed." />
		<attribute name="installerImage" description="Directory that contains the install image." />
		<attribute name="fixpackIdPrefix"
			description="Platform-independent fixpack ID prefix.  Implementation appends platform-dependent suffix (e.g. _win, _linux)." />
		<sequential>
			<!-- Determine platform-specific suffix for fixpack ID. -->
			<if>
				<os family="windows" />
				<then>
					<set name="_pdir" value="win" />
				</then>

				<elseif>
					<os name="Linux" />
					<then>
						<set name="_pdir" value="linux" />
					</then>
				</elseif>

				<else>
					<fail
						message="ASC macro was_5_common.local:installFixPack invoked on an unsupported platform (os.name=${os.name})" />
				</else>
			</if>

			<!--  <mkdir dir="@{wasHome}/update" />-->
			<unzip src="@{installerImage}" dest="@{wasHome}" />
			
			<pathconvert targetos="${os.family}" property="_installerDir">
				<path location="@{installerImage}" />
			</pathconvert>

			<pathconvert targetos="${os.family}" property="_wasHome">
				<path location="@{wasHome}" />
			</pathconvert>

			<os:runCmd cmd="update.exe" dir="@{wasHome}/updateinstaller" failonerror="@{failonerror}">
				<arg value="-options" />
				<arg value="@{wasHome}/updateinstaller/responsefiles/install.txt" />
				<arg value="-silent" />
			</os:runCmd>
<!--  
			<os:runShellScript shellScript="${was_5_common.local.basedir}/files/installWasFp">
				<arg value="${_wasHome}" />
				<arg value="${_installerDir}" />
				<arg value="@{fixpackIdPrefix}_${_pdir}" />
			</os:runShellScript>
-->
			<unset name="_installerDir" />
			<unset name="_wasHome" />
			<unset name="_pdir" />
		</sequential>
	</macrodef>

	<macrodef name="installFix" uri="was_5_common.local" description="Install a WAS fix.">
		<attribute name="wasHome" description="Directory where WAS 5.1 was already installed." />
		<attribute name="fixFile" description="Archive (.jar) containing the fix." />
		<attribute name="fixId" description="Fix ID.  Required for WAS' update installer." />
		<sequential>
			<if>
				<not>
					<or>
						<os family="windows" />
						<os name="Linux" />
					</or>
				</not>

				<then>
					<fail
						message="ASC macro was_5_common.local:installFix invoked on an unsupported platform (os.name=${os.name})" />
				</then>
			</if>

			<pathconvert targetos="${os.family}" property="_fixFile">
				<path location="@{fixFile}" />
			</pathconvert>

			<pathconvert targetos="${os.family}" property="_wasHome">
				<path location="@{wasHome}" />
			</pathconvert>

			<os:runShellScript shellScript="${was_5_common.local.basedir}/files/installWasFix">
				<arg value="${_wasHome}" />
				<arg value="${_fixFile}" />
				<arg value="@{fixId}" />
			</os:runShellScript>

			<unset name="_fixFile" />
			<unset name="_wasHome" />
		</sequential>
	</macrodef>

	<macrodef name="installUpdateInstaller" uri="was_5_common.local">
		<attribute name="wasHome"
			description="the root of the WebSphere Application Server install (e.g. C:/Progra~1/WebSphere/AppServer)" />
		<attribute name="installImage" description="Directory that contains the install image." />
		<sequential>
			<mkdir dir="@{wasHome}/update" />
			<unzip src="@{installImage}" dest="@{wasHome}/update" />
		</sequential>
	</macrodef>
	
	<macrodef name="createJ2CAuthentication" uri="was_5_common.local"
		description="Define authentication data, which includes user identities and passwords">
		<attribute name="wasHome"
			description="the root of the WebSphere Application Server install (e.g. C:/Progra~1/WebSphere/AppServer)" />
		<attribute name="alias"
			description="Specifies the name of the authentication data entry" />
		<attribute name="userID" 
			description="Specifies the user identity" />
		<attribute name="password" 
			description="the pass word of the user" />
		<attribute name="description" default="JAAS Alias for WebSphere"
			description="Specifies an optional description of the authentication data entry" />
					
		<sequential>
				
			<was_5_common.local:runWsadmin wasHome="@{wasHome}"
				jaclFile="${was_5_common.local.basedir}${file.separator}jacl${file.separator}createJ2CAuthentication.jacl"
				dir="${was_5_common.local.basedir}${file.separator}jacl">
				<arg value="-alias" />
				<arg value="@{alias}" />
				<arg value="-userID" />
				<arg value="@{userID}" />
				<arg value="-passWord" />
				<arg value="@{password}" />
				<arg value="-desc" />
				<arg value="@{description}" />
			</was_5_common.local:runWsadmin>			
		</sequential>
	</macrodef>
</project>
