<!-- Copyright (C), 2004, International Business Machines, Inc. -->
<project name="was_5.local" basedir="." xmlns:was_5="was_5.local" xmlns:os="os.local">
	<import file="../asc/asc.xml" />
	<import file="../os/os.local.xml" />

	<!-- Relative file references must be relative to this buildfile;
		since this buildfile is typically imported by other buildfiles,
		a property that points to the directory containing this buildfile is created. -->
	<dirname file="${ant.file.was_5.local}" property="was_5.local.basedir" />


	<macrodef name="install_5_1" uri="was_5.local"
		description="Install WebSphere Application Server v5.1.">
		<attribute name="node" description="WAS node name when installed" />
		<attribute name="hostName" description="Resolveable hostname for the server when installed" />
		<attribute name="wasHome"
			description="Directory into which WAS is to be installed (e.g. C:/Progra~1/WebSphere/AppServer)." />
		<attribute name="installerDir" description="Directory that contains the install image." />
		<sequential>
			<copy file="${was_5.local.basedir}/files/was-5_1.rsp.template"
				tofile="${was_5.local.basedir}/files/was-5_1.rsp" overwrite="true">
				<filterset>
					<filter token="NODE_NAME" value="@{node}" />
					<filter token="HOST_NAME" value="@{hostName}" />
					<filter token="WAS_HOME" value="@{wasHome}" />
				</filterset>
			</copy>

			<if>
				<os name="Linux" />
				<then>
					<!-- The WAS 5.1 silent installer returns a 1 after successful install; prevent failonerror. -->
					<!-- Cannot directly execute ./install (get an error about it not being found). -->
					<os:runCmd cmd="/bin/sh" dir="@{installerDir}/linuxi386" failonerror="false">
						<arg value="-c" />
						<arg value="./install -options ${was_5.local.basedir}/files/was-5_1.rsp" />
					</os:runCmd>
				</then>

				<elseif>
					<os family="windows" />
					<then>
						<os:runCmd cmd="Install.exe" dir="@{installerDir}/win">
							<arg value="-options" />
							<arg value="${was_5.local.basedir}\files\was-5_1.rsp" />
						</os:runCmd>
					</then>
				</elseif>

				<else>
					<fail
						message="ASC macro was_5:install_5_1 invoked on an unsupported platform (os.name=${os.name})" />
				</else>
			</if>
		</sequential>
	</macrodef>

	<macrodef name="install_SF_5_1" uri="was_5.local"
		description="Installs WBI SF 5.1 onto an existing WAS 5.1.  BASE ONLY.  ND REQUIRES ANOTHER RESPONSE FILE.">
		<attribute name="wasHome" description="Directory where WAS 5.1 was already installed." />
		<attribute name="installerDir" description="Directory that contains the install image." />
		<attribute name="maxSeconds"
			description="Windows only.  On Windows, the SF installer spawns a separate process.  This macro waits as long as maxSeconds to find an indication of successful/failed installation in the SF installer log file."
			default="1800" />
		<sequential>
			<if>
				<os name="Linux" />
				<then>
					<copy file="${was_5.local.basedir}/files/wbisf-5_1.rsp.template"
						tofile="${was_5.local.basedir}/files/wbisf-5_1.rsp" overwrite="true">
						<filterset>
							<filter token="WAS_HOME" value="@{wasHome}" />
						</filterset>
					</copy>

					<!-- The WAS 5.1 silent installer returns a 1 after successful install; prevent failonerror. -->
					<!-- Cannot directly execute ./install (get an error about it not being found). -->
					<os:runCmd cmd="/bin/sh" dir="@{installerDir}/linuxi386" failonerror="false">
						<arg value="-c" />
						<arg value="./install -options ${was_5.local.basedir}/files/wbisf-5_1.rsp" />
					</os:runCmd>
				</then>

				<elseif>
					<os family="windows" />
					<then>
						<pathconvert dirsep="\\" property="_wasHome">
							<path location="@{wasHome}" />
						</pathconvert>

						<copy file="${was_5.local.basedir}/files/wbisf-5_1.rsp.template"
							tofile="${was_5.local.basedir}/files/wbisf-5_1.rsp" overwrite="true">
							<filterset>
								<filter token="WAS_HOME" value="${_wasHome}" />
							</filterset>
						</copy>

						<os:runShellScript shellScript="install" dir="@{installerDir}/win">
							<arg value="-options" />
							<arg value="${was_5.local.basedir}\files\wbisf-5_1.rsp" />
						</os:runShellScript>

						<!-- WBI SF installer spawns a separate process.  Block the Ant process on log messages output by the SF install process. -->
						<waitfor maxwait="@{maxSeconds}" maxwaitunit="second" checkevery="30"
							checkeveryunit="second">
							<and>
								<fileContains file="@{wasHome}/logs/WAS.WBISF.install.log"
									string="successfully installed IBM WebSphere Business Integration Server Foundation" />
								<fileContains file="@{wasHome}/logs/WAS.WBISF.install.log"
									string="INSTFIN: The installation is complete." />
							</and>
						</waitfor>

						<unset name="_wasHome" />
					</then>
				</elseif>

				<else>
					<fail
						message="ASC macro was_5:install_SF_5_1 invoked on an unsupported platform (os.name=${os.name})" />
				</else>
			</if>
		</sequential>
	</macrodef>
</project>
