<?xml version="1.0"?>

<!DOCTYPE project [
    <!ENTITY elements SYSTEM "elements.xml">
]>

<!-- Generated from was_5.local.xml. -->

<project name="was_5" xmlns:was_5="was_5" xmlns:was_5.local="was_5.local" xmlns:was_5_common="was_5_common">
  <import file="../asc/asc.xml" />
  <import file="was_5.local.xml" />
  <import file="../was_5_common/was_5_common.xml" />
  <description></description>

  <!-- ===================================================================== -->
  <!-- Artifacts for remote invocation of install_5_1 -->
  <!-- ===================================================================== -->
  <macrodef name="install_5_1" uri="was_5" description="Install WebSphere Application Server v5.1." >
    <attribute name="node" description="WAS node name when installed" />
    <attribute name="hostname" description="Resolveable hostname for the server when installed" />
    <attribute name="washome" description="Directory into which WAS is to be installed (e.g. C:/Progra~1/WebSphere/AppServer)." />
    <attribute name="installerdir" description="Directory that contains the install image." />
    <attribute name="agent" description="ASC agent handle for remoting execution." />
    <sequential>
      <_asc_init agent="@{agent}" />

      <invokeRemoteAnt fileName="library/was_5/was_5.xml" target="_was_5:install_5_1" isPutFile="false" agent="@{agent}">
        <remoteAntProperty name="node" value="@{node}" />
        <remoteAntProperty name="hostname" value="@{hostname}" />
        <remoteAntProperty name="washome" value="@{washome}" />
        <remoteAntProperty name="installerdir" value="@{installerdir}" />
      </invokeRemoteAnt>
    </sequential>
  </macrodef>

  <target name="_was_5:install_5_1" >
    <was_5.local:install_5_1 node="${node}" hostname="${hostname}" washome="${washome}" installerdir="${installerdir}" >
    </was_5.local:install_5_1>
  </target>

  <!-- ===================================================================== -->
  <!-- Artifacts for remote invocation of install_SF_5_1 -->
  <!-- ===================================================================== -->
  <macrodef name="install_SF_5_1" uri="was_5" description="Installs WBI SF 5.1 onto an existing WAS 5.1.  BASE ONLY.  ND REQUIRES ANOTHER RESPONSE FILE." >
    <attribute name="washome" description="Directory where WAS 5.1 was already installed." />
    <attribute name="installerdir" description="Directory that contains the install image." />
    <attribute name="maxseconds" default="1800" description="Windows only.  On Windows, the SF installer spawns a separate process.  This macro waits as long as maxSeconds to find an indication of successful/failed installation in the SF installer log file." />
    <attribute name="agent" description="ASC agent handle for remoting execution." />
    <sequential>
      <_asc_init agent="@{agent}" />

      <invokeRemoteAnt fileName="library/was_5/was_5.xml" target="_was_5:install_SF_5_1" isPutFile="false" agent="@{agent}">
        <remoteAntProperty name="washome" value="@{washome}" />
        <remoteAntProperty name="installerdir" value="@{installerdir}" />
        <remoteAntProperty name="maxseconds" value="@{maxseconds}" />
      </invokeRemoteAnt>
    </sequential>
  </macrodef>

  <target name="_was_5:install_SF_5_1" >
    <was_5.local:install_SF_5_1 washome="${washome}" installerdir="${installerdir}" maxseconds="${maxseconds}" >
    </was_5.local:install_SF_5_1>
  </target>

  <!-- ===================================================================== -->
  <!-- Extended macro for remote invocation of was_5_common:setVarSub -->
  <!-- ===================================================================== -->
  <macrodef name="setVarSub" uri="was_5" description="Edit a variable in a WebSphere Application Server variable map. Create the variable if it doesn't exist or modify its value if it already does." >
    <attribute name="washome" description="the root of the WebSphere Application Server install (e.g. C:/Progra~1/WebSphere/AppServer)" />
    <attribute name="server" default="server1" description="WAS server name.  At least one of cell/node/server must be specified." />
    <attribute name="node" default="" description="WAS node name.  At least one of cell/node/server must be specified." />
    <attribute name="cell" default="" description="WAS cell name.  At least one of cell/node/server must be specified." />
    <attribute name="varname" description="the variable name to create or modify" />
    <attribute name="varvalue" description="the new value for the variable" />
    <attribute name="scope" default="Server" description="Specify on which scope to deploy WAS artifact" />
    <attribute name="agent" description="ASC agent handle for remoting execution." />
    <sequential>
      <was_5_common:setVarSub washome="@{washome}" server="@{server}" node="@{node}" cell="@{cell}" varname="@{varname}" varvalue="@{varvalue}" scope="@{scope}" agent="@{agent}"></was_5_common:setVarSub>
    </sequential>
  </macrodef>

  <!-- ===================================================================== -->
  <!-- Extended macro for remote invocation of was_5_common:setMessageListenerPort -->
  <!-- ===================================================================== -->
  <macrodef name="setMessageListenerPort" uri="was_5" description="Creates a new WebSphere Application Server message listener port.  Does nothing if a message listener pport of the given name already exists.  DOES NOT actually start the listener port as a restart is required to start the listener port." >
    <attribute name="washome" description="the root of the WebSphere Application Server install (e.g. C:/Progra~1/WebSphere/AppServer)" />
    <attribute name="server" description="WAS server name associated with the Listener Port." />
    <attribute name="node" description="WAS node name associated with the Listener Port." />
    <attribute name="cell" description="WAS cell name associated with the Listener Port." />
    <attribute name="lpname" description="the name of the message listener port" />
    <attribute name="destjndiname" description="the JNDI name for the destination to be used by the listener port" />
    <attribute name="qcfjndiname" description="the JNDI name for the JMS Connection factory to be used by the listener port" />
    <attribute name="maxretries" description="the maximum number of times the listener tries to deliver a message before the listener is stopped (must be in the range 0 through 2147483647)" />
    <attribute name="agent" description="ASC agent handle for remoting execution." />
    <sequential>
      <was_5_common:setMessageListenerPort washome="@{washome}" server="@{server}" node="@{node}" cell="@{cell}" lpname="@{lpname}" destjndiname="@{destjndiname}" qcfjndiname="@{qcfjndiname}" maxretries="@{maxretries}" agent="@{agent}"></was_5_common:setMessageListenerPort>
    </sequential>
  </macrodef>

  <!-- ===================================================================== -->
  <!-- Extended macro for remote invocation of was_5_common:setSharedLib -->
  <!-- ===================================================================== -->
  <macrodef name="setSharedLib" uri="was_5" description="Create or modify a WebSphere Application Server shared library associated with the specified cell/node/server." >
    <attribute name="washome" description="the root of the WebSphere Application Server install (e.g. C:/Progra~1/WebSphere/AppServer)" />
    <attribute name="name" description="Name of the shared library." />
    <attribute name="classpath" description="Classpath for the shared library." />
    <attribute name="server" default="server1" description="WAS server name.  At least one of cell/node/server must be specified." />
    <attribute name="node" default="" description="WAS node name.  At least one of cell/node/server must be specified." />
    <attribute name="cell" default="" description="WAS cell name.  At least one of cell/node/server must be specified." />
    <attribute name="scope" default="Server" description="Specify on which scope to deploy WAS artifact" />
    <attribute name="agent" description="ASC agent handle for remoting execution." />
    <sequential>
      <was_5_common:setSharedLib washome="@{washome}" name="@{name}" classpath="@{classpath}" server="@{server}" node="@{node}" cell="@{cell}" scope="@{scope}" agent="@{agent}"></was_5_common:setSharedLib>
    </sequential>
  </macrodef>

  <!-- ===================================================================== -->
  <!-- Extended macro for remote invocation of was_5_common:setMqQcfClient -->
  <!-- ===================================================================== -->
  <macrodef name="setMqQcfClient" uri="was_5" description="Create a new WebSphere Application Server MQ Queue Connection Factory using TCP/IP client connection. Do nothing if a MQ Queue Connection Factory with the given name already exists." >
    <attribute name="washome" description="the root of the WebSphere Application Server install (e.g. C:/Progra~1/WebSphere/AppServer)" />
    <attribute name="qcfname" description="the name of the MQ Queue Connection Factory to create" />
    <attribute name="description" default="'MQ Queue Connection Factory'" description="a description of the MQ Queue Connection Factory. Defaults to 'MQ Queue Connection Factory'" />
    <attribute name="jndiname" description="the JNDI name of the MQ Queue Connection Factory" />
    <attribute name="qmname" description="the queue manager name" />
    <attribute name="authdataalias" default="" description="Optional alias of the authentication data entry for this MQ Queue Connection Factory.  Defaults to none." />
    <attribute name="host" description="the name of the host where the queue manager runs" />
    <attribute name="port" description="the port of the queue manager" />
    <attribute name="channel" description="the name of the channel used for connecting to the queue manager" />
    <attribute name="isxaenabled" default="true" description="whether the connection factory is for the XA coordination of messages. Defaults to true." />
    <attribute name="server" default="server1" description="WAS server name associated with the QCF.  At least one of cell/node/server must be specified." />
    <attribute name="node" default="" description="WAS node name associated with the QCF.  At least one of cell/node/server must be specified." />
    <attribute name="cell" default="" description="WAS cell name associated with the QCF.  At least one of cell/node/server must be specified." />
    <attribute name="scope" default="Server" description="Specify on which scope to deploy WAS artifact" />
    <attribute name="agent" description="ASC agent handle for remoting execution." />
    <sequential>
      <was_5_common:setMqQcfClient washome="@{washome}" qcfname="@{qcfname}" description="@{description}" jndiname="@{jndiname}" qmname="@{qmname}" authdataalias="@{authdataalias}" host="@{host}" port="@{port}" channel="@{channel}" isxaenabled="@{isxaenabled}" server="@{server}" node="@{node}" cell="@{cell}" scope="@{scope}" agent="@{agent}"></was_5_common:setMqQcfClient>
    </sequential>
  </macrodef>

  <!-- ===================================================================== -->
  <!-- Extended macro for remote invocation of was_5_common:setSchedulerConfig -->
  <!-- ===================================================================== -->
  <macrodef name="setSchedulerConfig" uri="was_5" description="Create a new scheduler configuration. Do nothing if a scheduler configuration of the given name already exists." >
    <attribute name="washome" description="the root of the WebSphere Application Server install (e.g. C:/Progra~1/WebSphere/AppServer)" />
    <attribute name="server" default="" description="WAS server name associated with the Scheduler.  At least one of cell/node/server must be specified." />
    <attribute name="node" default="" description="WAS node name associated with the Scheduler.  At least one of cell/node/server must be specified." />
    <attribute name="cell" default="" description="WAS cell name associated with the Scheduler.  At least one of cell/node/server must be specified." />
    <attribute name="name" description="the name of the scheduler configuration" />
    <attribute name="jndiname" description="JNDI name of this scheduler" />
    <attribute name="category" description="a string that can be used to classify or group this scheduler" />
    <attribute name="dsauthnalias" description="alias to a username and password to access the datasource" />
    <attribute name="dsjndiname" description="JNDI name of datasource where persistent tasks will be stored" />
    <attribute name="pollinterval" description="the interval at which the scheduler daemon polls the database (in seconds)" />
    <attribute name="tableprefix" description="a prefix string used in the database so that multiple schedulers can share the same database" />
    <attribute name="workmanager" description="the work manager that serves this scheduler" />
    <attribute name="agent" description="ASC agent handle for remoting execution." />
    <sequential>
      <was_5_common:setSchedulerConfig washome="@{washome}" server="@{server}" node="@{node}" cell="@{cell}" name="@{name}" jndiname="@{jndiname}" category="@{category}" dsauthnalias="@{dsauthnalias}" dsjndiname="@{dsjndiname}" pollinterval="@{pollinterval}" tableprefix="@{tableprefix}" workmanager="@{workmanager}" agent="@{agent}"></was_5_common:setSchedulerConfig>
    </sequential>
  </macrodef>

  <!-- ===================================================================== -->
  <!-- Extended macro for remote invocation of was_5_common:setResourceAdapter -->
  <!-- ===================================================================== -->
  <macrodef name="setResourceAdapter" uri="was_5" description="install a J2C Resource Adapter." >
    <attribute name="washome" description="the root of the WebSphere Application Server install (e.g. C:/Progra~1/WebSphere/AppServer)" />
    <attribute name="rarfile" description="Archive (.rar) containing the resource adapter." />
    <attribute name="name" description="resource adaptor name " />
    <attribute name="node" description="WAS node name.  (wsadmin interface only installs RARs to nodes.)" />
    <attribute name="cell" default="" description="WAS cell name.  At least one of cell/node/server must be specified." />
    <attribute name="server" default="server1" description="WAS server name.  At least one of cell/node/server must be specified." />
    <attribute name="scope" default="Node" description="Specify on which scope to deploy WAS artifact" />
    <attribute name="agent" description="ASC agent handle for remoting execution." />
    <sequential>
      <was_5_common:setResourceAdapter washome="@{washome}" rarfile="@{rarfile}" name="@{name}" node="@{node}" cell="@{cell}" server="@{server}" scope="@{scope}" agent="@{agent}"></was_5_common:setResourceAdapter>
    </sequential>
  </macrodef>

  <!-- ===================================================================== -->
  <!-- Extended macro for remote invocation of was_5_common:install_CEI -->
  <!-- ===================================================================== -->
  <macrodef name="install_CEI" uri="was_5" >
    <attribute name="washome" />
    <attribute name="jdbcclasspath" />
    <attribute name="dbuser" />
    <attribute name="dbpassword" />
    <attribute name="node" />
    <attribute name="server" />
    <attribute name="dbnodename" default="" />
    <attribute name="agent" description="ASC agent handle for remoting execution." />
    <sequential>
      <was_5_common:install_CEI washome="@{washome}" jdbcclasspath="@{jdbcclasspath}" dbuser="@{dbuser}" dbpassword="@{dbpassword}" node="@{node}" server="@{server}" dbnodename="@{dbnodename}" agent="@{agent}"></was_5_common:install_CEI>
    </sequential>
  </macrodef>

  <!-- ===================================================================== -->
  <!-- Extended macro for remote invocation of was_5_common:setLibraryRef -->
  <!-- ===================================================================== -->
  <macrodef name="setLibraryRef" uri="was_5" description="Configure WebSphere Application Server library references.  Add the library to all existing classloaders or create a new classloader if none exist." >
    <attribute name="washome" description="Root of the WebSphere Application Server install (e.g. C:/Progra~1/WebSphere/AppServer)" />
    <attribute name="libname" description="Name of the shared library to add to the classloaders." />
    <attribute name="server" default="server1" description="WAS server name.  At least one of cell/node/server must be specified." />
    <attribute name="node" default="" description="WAS node name.  At least one of cell/node/server must be specified." />
    <attribute name="cell" default="" description="WAS cell name.  At least one of cell/node/server must be specified." />
    <attribute name="scope" default="Server" description="Specify on which scope to deploy WAS artifact" />
    <attribute name="agent" description="ASC agent handle for remoting execution." />
    <sequential>
      <was_5_common:setLibraryRef washome="@{washome}" libname="@{libname}" server="@{server}" node="@{node}" cell="@{cell}" scope="@{scope}" agent="@{agent}"></was_5_common:setLibraryRef>
    </sequential>
  </macrodef>

  <!-- ===================================================================== -->
  <!-- Extended macro for remote invocation of was_5_common:createSchedulerDatabaseDB2 -->
  <!-- ===================================================================== -->
  <macrodef name="createSchedulerDatabaseDB2" uri="was_5" >
    <attribute name="washome" />
    <attribute name="wasdbinst" />
    <attribute name="wasdbnode" />
    <attribute name="wasagent" />
    <attribute name="tokenlocation" />
    <attribute name="tokenschedtablespace" />
    <attribute name="tokentableprefix" />
    <attribute name="dbname" />
    <attribute name="db2ddldir" />
    <attribute name="db2dbinst" />
    <attribute name="db2dbinstpassword" />
    <attribute name="db2agent" />
    <sequential>
      <was_5_common:createSchedulerDatabaseDB2 washome="@{washome}" wasdbinst="@{wasdbinst}" wasdbnode="@{wasdbnode}" wasagent="@{wasagent}" tokenlocation="@{tokenlocation}" tokenschedtablespace="@{tokenschedtablespace}" tokentableprefix="@{tokentableprefix}" dbname="@{dbname}" db2ddldir="@{db2ddldir}" db2dbinst="@{db2dbinst}" db2dbinstpassword="@{db2dbinstpassword}" db2agent="@{db2agent}"></was_5_common:createSchedulerDatabaseDB2>
    </sequential>
  </macrodef>

  <!-- ===================================================================== -->
  <!-- Extended macro for remote invocation of was_5_common:setEventGroupProfile -->
  <!-- ===================================================================== -->
  <macrodef name="setEventGroupProfile" uri="was_5" description="Creates a new WebSphere Application Server event group profile in the given event group profile list. Event group profiles are part of the Common Event Infrastructure. Does not currently check to see if the event group profile already exists." >
    <attribute name="washome" description="the root of the WebSphere Application Server install (e.g. C:/Progra~1/WebSphere/AppServer)" />
    <attribute name="server" default="" description="WAS server name associated with the CEI Provider.  At least one of cell/node/server must be specified." />
    <attribute name="node" default="" description="WAS node name associated with the CEI Provider.  At least one of cell/node/server must be specified." />
    <attribute name="cell" default="" description="WAS cell name associated with the CEI Provider.  At least one of cell/node/server must be specified." />
    <attribute name="listname" description="the name of the event group profile list to create this profile in" />
    <attribute name="groupname" description="the name of the event group profile" />
    <attribute name="eventselectorstring" description="describes the events you want to include in the event group" />
    <attribute name="agent" description="ASC agent handle for remoting execution." />
    <sequential>
      <was_5_common:setEventGroupProfile washome="@{washome}" server="@{server}" node="@{node}" cell="@{cell}" listname="@{listname}" groupname="@{groupname}" eventselectorstring="@{eventselectorstring}" agent="@{agent}"></was_5_common:setEventGroupProfile>
    </sequential>
  </macrodef>

  <!-- ===================================================================== -->
  <!-- Extended macro for remote invocation of was_5_common:runWsadmin -->
  <!-- ===================================================================== -->
  <macrodef name="runWsadmin" uri="was_5" description="Run WebSphere Application Server's wsadmin scripting client." >
    <attribute name="washome" description="the root of the WebSphere Application Server install (e.g. C:/Progra~1/WebSphere/AppServer)" />
    <attribute name="jaclfile" description="the filename of the script to execute" />
    <attribute name="dir" default="." description="the directory in which to execute wsadmin. Defaults to the current directory." />
    <attribute name="agent" description="ASC agent handle for remoting execution." />
    <element name="args" optional="true" implicit="true" description="Contains nested arg elements for wsadmin." />
    <sequential>
      <was_5_common:runWsadmin washome="@{washome}" jaclfile="@{jaclfile}" dir="@{dir}" agent="@{agent}"><args/></was_5_common:runWsadmin>
    </sequential>
  </macrodef>

  <!-- ===================================================================== -->
  <!-- Extended macro for remote invocation of was_5_common:installJAR -->
  <!-- ===================================================================== -->
  <macrodef name="installJAR" uri="was_5" description="Install a EJB Application into WebSphere Application Server." >
    <attribute name="washome" description="the root of the WebSphere Application Server install (e.g. C:/Progra~1/WebSphere/AppServer)" />
    <attribute name="jarfile" description="Archive (.jar) containing the Ejb application to install." />
    <attribute name="appname" description="Name for the application." />
    <attribute name="server" default="server1" description="WAS server name.  At least one of cell/node/server must be specified." />
    <attribute name="node" default="" description="WAS node name.  At least one of cell/node/server must be specified." />
    <attribute name="cell" default="" description="WAS cell name.  At least one of cell/node/server must be specified." />
    <attribute name="agent" description="ASC agent handle for remoting execution." />
    <sequential>
      <was_5_common:installJAR washome="@{washome}" jarfile="@{jarfile}" appname="@{appname}" server="@{server}" node="@{node}" cell="@{cell}" agent="@{agent}"></was_5_common:installJAR>
    </sequential>
  </macrodef>

  <!-- ===================================================================== -->
  <!-- Extended macro for remote invocation of was_5_common:setDataSourceCustomProperties -->
  <!-- ===================================================================== -->
  <macrodef name="setDataSourceCustomProperties" uri="was_5" description="Configure the properties of a WebSphere Application Server datasource.  Modify the value of a property if it exists, or create the property if it doesn't." >
    <attribute name="washome" description="the root of the WebSphere Application Server install (e.g. C:/Progra~1/WebSphere/AppServer)" />
    <attribute name="server" default="" description="WAS server name associated with the data source.  At least one of cell/node/server must be specified." />
    <attribute name="node" default="" description="WAS node name associated with the data source.  At least one of cell/node/server must be specified." />
    <attribute name="cell" default="" description="WAS cell name associated with the data source.  At least one of cell/node/server must be specified." />
    <attribute name="providername" description="Name of the associated JDBC provider." />
    <attribute name="dsname" description="Name of the datasource." />
    <attribute name="propertyname" description="the name of the property to set" />
    <attribute name="propertyvalue" description="the new value of the property" />
    <attribute name="agent" description="ASC agent handle for remoting execution." />
    <sequential>
      <was_5_common:setDataSourceCustomProperties washome="@{washome}" server="@{server}" node="@{node}" cell="@{cell}" providername="@{providername}" dsname="@{dsname}" propertyname="@{propertyname}" propertyvalue="@{propertyvalue}" agent="@{agent}"></was_5_common:setDataSourceCustomProperties>
    </sequential>
  </macrodef>

  <!-- ===================================================================== -->
  <!-- Extended macro for remote invocation of was_5_common:installFix -->
  <!-- ===================================================================== -->
  <macrodef name="installFix" uri="was_5" description="Install a WAS fix." >
    <attribute name="washome" description="Directory where WAS 5.1 was already installed." />
    <attribute name="fixfile" description="Archive (.jar) containing the fix." />
    <attribute name="fixid" description="Fix ID.  Required for WAS' update installer." />
    <attribute name="agent" description="ASC agent handle for remoting execution." />
    <sequential>
      <was_5_common:installFix washome="@{washome}" fixfile="@{fixfile}" fixid="@{fixid}" agent="@{agent}"></was_5_common:installFix>
    </sequential>
  </macrodef>

  <!-- ===================================================================== -->
  <!-- Extended macro for remote invocation of was_5_common:setDB2JdbcProvider -->
  <!-- ===================================================================== -->
  <macrodef name="setDB2JdbcProvider" uri="was_5" description="Configure a WebSphere Application Server DB2 JDBC provider. Create the DB2 JDBC provider if it doesn't exist.  If it does exist, no modifications are made." >
    <attribute name="washome" description="the root of the WebSphere Application Server install (e.g. C:/Progra~1/WebSphere/AppServer)" />
    <attribute name="providername" description="Name for this JDBC provider entry." />
    <attribute name="providertype" description="the name of the provider type to use when creating the JDBC provider" />
    <attribute name="implementationtype" description="the name of the implementation type to use when creating the JDBC provider" />
    <attribute name="server" default="server1" description="WAS server name.  At least one of cell/node/server must be specified." />
    <attribute name="node" default="" description="WAS node name.  At least one of cell/node/server must be specified." />
    <attribute name="cell" default="" description="WAS cell name.  At least one of cell/node/server must be specified." />
    <attribute name="scope" default="Node" description="Specify on which scope to deploy WAS artifact" />
    <attribute name="description" default="" description="Description of the DB2 JDBC provider" />
    <attribute name="agent" description="ASC agent handle for remoting execution." />
    <sequential>
      <was_5_common:setDB2JdbcProvider washome="@{washome}" providername="@{providername}" providertype="@{providertype}" implementationtype="@{implementationtype}" server="@{server}" node="@{node}" cell="@{cell}" scope="@{scope}" description="@{description}" agent="@{agent}"></was_5_common:setDB2JdbcProvider>
    </sequential>
  </macrodef>

  <!-- ===================================================================== -->
  <!-- Extended macro for remote invocation of was_5_common:startAppServer -->
  <!-- ===================================================================== -->
  <macrodef name="startAppServer" uri="was_5" description="Start a WebSphere Application Server server." >
    <attribute name="washome" description="WAS install directory (e.g. C:/Progra~1/WebSphere/AppServer)." />
    <attribute name="server" description="Name of the WAS server." />
    <attribute name="failonerror" default="true" description="Controls response to errors.  Example:  Set false if the server might already be started." />
    <attribute name="agent" description="ASC agent handle for remoting execution." />
    <sequential>
      <was_5_common:startAppServer washome="@{washome}" server="@{server}" failonerror="@{failonerror}" agent="@{agent}"></was_5_common:startAppServer>
    </sequential>
  </macrodef>

  <!-- ===================================================================== -->
  <!-- Extended macro for remote invocation of was_5_common:setJdbcProvider -->
  <!-- ===================================================================== -->
  <macrodef name="setJdbcProvider" uri="was_5" description="Configure a WebSphere Application Server JDBC provider. Create the JDBC provider if it doesn't exist.  If it does exist, no modifications are made." >
    <attribute name="washome" description="the root of the WebSphere Application Server install (e.g. C:/Progra~1/WebSphere/AppServer)" />
    <attribute name="providername" description="Name for this JDBC provider entry." />
    <attribute name="providertemplatename" description="the name of the template to use when creating the JDBC provider" />
    <attribute name="server" default="server1" description="WAS server name.  At least one of cell/node/server must be specified." />
    <attribute name="node" default="" description="WAS node name.  At least one of cell/node/server must be specified." />
    <attribute name="cell" default="" description="WAS cell name.  At least one of cell/node/server must be specified." />
    <attribute name="scope" default="Server" description="Specify on which scope to deploy WAS artifact" />
    <attribute name="agent" description="ASC agent handle for remoting execution." />
    <sequential>
      <was_5_common:setJdbcProvider washome="@{washome}" providername="@{providername}" providertemplatename="@{providertemplatename}" server="@{server}" node="@{node}" cell="@{cell}" scope="@{scope}" agent="@{agent}"></was_5_common:setJdbcProvider>
    </sequential>
  </macrodef>

  <!-- ===================================================================== -->
  <!-- Extended macro for remote invocation of was_5_common:configureBpelContainer -->
  <!-- ===================================================================== -->
  <macrodef name="configureBpelContainer" uri="was_5" description="Configures the Business Process Choreography container with local or remote DB2.  Pre-req:  Queue manager already created.  Does not enable global security." >
    <attribute name="washome" description="WAS install directory (e.g. C:/Progra~1/WebSphere/AppServer)" />
    <attribute name="wasnode" description="Name of WAS node that contains the server to be configured with BPC" />
    <attribute name="wasserver" description="Name of WAS server to be configured with BPC" />
    <attribute name="wasdb2home" description="DB2 install directory on WAS host; can be different from db2Home for remote DB2" />
    <attribute name="mqhome" description="MQ install directory on WAS host" />
    <attribute name="wasmqadmin" description="(Linux only) User with MQ admin permissions" />
    <attribute name="wasqmgr" description="Already-defined Queue Manager on WAS host" />
    <attribute name="wasdbnode" default="" description="(Remote only) Local name for the cataloged remote node" />
    <attribute name="wasdbinst" default="" description="(Remote only) User with owner permissions for DB2 on WAS host" />
    <attribute name="wasagent" description="ASC agent handle for the WAS agent" />
    <attribute name="pcadminuser" description="User to have admin permissions for the Process Choreography container" />
    <attribute name="pcjmsrunasuser" description="Owner of the JMS process" />
    <attribute name="pcjmsrunaspwd" description="Password for pcJmsRunAsUser" />
    <attribute name="tokenlocation" description="Location where the container tablespaces are stored (e.g. mySolution)" />
    <attribute name="db2home" description="DB2 install directory on DB2 host; same as wasDb2Home for single-server configuration." />
    <attribute name="dbserver" description="Fully-qualified host name of the database server machine." />
    <attribute name="db2dbinst" description="Owner of the database instance" />
    <attribute name="db2dbinstpasswd" description="Password for db2DbInst" />
    <attribute name="db2ddldir" description="Directory on DB2 host into which the DDL files are copied" />
    <attribute name="db2agent" description="ASC agent handle for the DB2 agent" />
    <sequential>
      <was_5_common:configureBpelContainer washome="@{washome}" wasnode="@{wasnode}" wasserver="@{wasserver}" wasdb2home="@{wasdb2home}" mqhome="@{mqhome}" wasmqadmin="@{wasmqadmin}" wasqmgr="@{wasqmgr}" wasdbnode="@{wasdbnode}" wasdbinst="@{wasdbinst}" wasagent="@{wasagent}" pcadminuser="@{pcadminuser}" pcjmsrunasuser="@{pcjmsrunasuser}" pcjmsrunaspwd="@{pcjmsrunaspwd}" tokenlocation="@{tokenlocation}" db2home="@{db2home}" dbserver="@{dbserver}" db2dbinst="@{db2dbinst}" db2dbinstpasswd="@{db2dbinstpasswd}" db2ddldir="@{db2ddldir}" db2agent="@{db2agent}"></was_5_common:configureBpelContainer>
    </sequential>
  </macrodef>

  <!-- ===================================================================== -->
  <!-- Extended macro for remote invocation of was_5_common:setDataSource -->
  <!-- ===================================================================== -->
  <macrodef name="setDataSource" uri="was_5" description="Create a new WebSphere Application Server datasource for a given JDBC provider.  Do nothing is a data source already exists with the specified JNDI name." >
    <attribute name="washome" description="the root of the WebSphere Application Server install (e.g. C:/Progra~1/WebSphere/AppServer)" />
    <attribute name="providername" description="Name of the associated JDBC provider." />
    <attribute name="providertemplatename" description="the name of the template to use to create the datasource" />
    <attribute name="name" description="Name of the datasource." />
    <attribute name="jndiname" description="the JNDI name of the datasource" />
    <attribute name="authdataalias" default="" description="Optional alias of the authentication data entry for the datasource.  Defaults to none." />
    <attribute name="databasename" description="database name" />
    <attribute name="server" default="server1" description="WAS server name associated with the JDBC provider.  At least one of cell/node/server must be specified." />
    <attribute name="node" default="" description="WAS node name associated with the JDBC provider.  At least one of cell/node/server must be specified." />
    <attribute name="cell" default="" description="WAS cell name associated with the JDBC provider.  At least one of cell/node/server must be specified." />
    <attribute name="scope" default="Server" description="Specify on which scope to deploy WAS artifact" />
    <attribute name="agent" description="ASC agent handle for remoting execution." />
    <sequential>
      <was_5_common:setDataSource washome="@{washome}" providername="@{providername}" providertemplatename="@{providertemplatename}" name="@{name}" jndiname="@{jndiname}" authdataalias="@{authdataalias}" databasename="@{databasename}" server="@{server}" node="@{node}" cell="@{cell}" scope="@{scope}" agent="@{agent}"></was_5_common:setDataSource>
    </sequential>
  </macrodef>

  <!-- ===================================================================== -->
  <!-- Extended macro for remote invocation of was_5_common:unconfigureBpelContainer -->
  <!-- ===================================================================== -->
  <macrodef name="unconfigureBpelContainer" uri="was_5" description="Unconfigure the Business Process container." >
    <attribute name="washome" description="the root of the WebSphere Application Server install (e.g. C:/Progra~1/WebSphere/AppServer)" />
    <attribute name="node" description="Node containing the server running the Business Process container." />
    <attribute name="server" description="Server hosting the Business Process container." />
    <attribute name="agent" description="ASC agent handle for remoting execution." />
    <sequential>
      <was_5_common:unconfigureBpelContainer washome="@{washome}" node="@{node}" server="@{server}" agent="@{agent}"></was_5_common:unconfigureBpelContainer>
    </sequential>
  </macrodef>

  <!-- ===================================================================== -->
  <!-- Extended macro for remote invocation of was_5_common:genPlugin -->
  <!-- ===================================================================== -->
  <macrodef name="genPlugin" uri="was_5" description="Update the WebSphere Application Server Web server plug-in configuration file." >
    <attribute name="washome" description="the root of the WebSphere Application Server install (e.g. C:/Progra~1/WebSphere/AppServer)" />
    <attribute name="destinationroot" default="" description="Sets root directory for filesystem references (e.g. log is placed in {destinationRoot}/logs/http_plugin.log).  Defaults to the WAS install directory." />
    <attribute name="agent" description="ASC agent handle for remoting execution." />
    <sequential>
      <was_5_common:genPlugin washome="@{washome}" destinationroot="@{destinationroot}" agent="@{agent}"></was_5_common:genPlugin>
    </sequential>
  </macrodef>

  <!-- ===================================================================== -->
  <!-- Extended macro for remote invocation of was_5_common:setMqQcfBindings -->
  <!-- ===================================================================== -->
  <macrodef name="setMqQcfBindings" uri="was_5" description="Create a new WebSphere Application Server MQ Queue Connection Factory using 'bindings' transport type.  Do nothing if a MQ Queue Connection Factory with the given name already exists." >
    <attribute name="washome" description="the root of the WebSphere Application Server install (e.g. C:/Progra~1/WebSphere/AppServer)" />
    <attribute name="qcfname" description="Name of the MQ Queue Connection Factory to create" />
    <attribute name="description" default="MQ Queue Connection Factory" description="Description of the MQ Queue Connection Factory. Defaults to 'MQ Queue Connection Factory'" />
    <attribute name="jndiname" description="JNDI name of the MQ Queue Connection Factory" />
    <attribute name="qmname" description="Name of the associated queue manager" />
    <attribute name="authdataalias" default="" description="Optional alias of the authentication data entry for this MQ Queue Connection Factory.  Defaults to none." />
    <attribute name="isxaenabled" default="true" description="whether the connection factory is for the XA coordination of messages.  Defaults to true." />
    <attribute name="server" default="server1" description="WAS server name associated with the QCF.  At least one of cell/node/server must be specified." />
    <attribute name="node" default="" description="WAS node name associated with the QCF.  At least one of cell/node/server must be specified." />
    <attribute name="cell" default="" description="WAS cell name associated with the QCF.  At least one of cell/node/server must be specified." />
    <attribute name="scope" default="Server" description="Specify on which scope to deploy WAS artifact" />
    <attribute name="agent" description="ASC agent handle for remoting execution." />
    <sequential>
      <was_5_common:setMqQcfBindings washome="@{washome}" qcfname="@{qcfname}" description="@{description}" jndiname="@{jndiname}" qmname="@{qmname}" authdataalias="@{authdataalias}" isxaenabled="@{isxaenabled}" server="@{server}" node="@{node}" cell="@{cell}" scope="@{scope}" agent="@{agent}"></was_5_common:setMqQcfBindings>
    </sequential>
  </macrodef>

  <!-- ===================================================================== -->
  <!-- Extended macro for remote invocation of was_5_common:startApp -->
  <!-- ===================================================================== -->
  <macrodef name="startApp" uri="was_5" description="Start an application running on WebSphere Application Server." >
    <attribute name="washome" description="the root of the WebSphere Application Server install (e.g. C:/Progra~1/WebSphere/AppServer)" />
    <attribute name="appname" description="the name of the application to start" />
    <attribute name="server" default="server1" description="the (WAS) server where the application is installed" />
    <attribute name="node" description="WAS node name.  (wsadmin interface only installs RARs to nodes.)" />
    <attribute name="cell" default="" description="WAS cell name.  At least one of cell/node/server must be specified." />
    <attribute name="scope" default="Server" description="Specify on which scope to deploy WAS artifact" />
    <attribute name="agent" description="ASC agent handle for remoting execution." />
    <sequential>
      <was_5_common:startApp washome="@{washome}" appname="@{appname}" server="@{server}" node="@{node}" cell="@{cell}" scope="@{scope}" agent="@{agent}"></was_5_common:startApp>
    </sequential>
  </macrodef>

  <!-- ===================================================================== -->
  <!-- Extended macro for remote invocation of was_5_common:installUpdateInstaller -->
  <!-- ===================================================================== -->
  <macrodef name="installUpdateInstaller" uri="was_5" >
    <attribute name="washome" description="the root of the WebSphere Application Server install (e.g. C:/Progra~1/WebSphere/AppServer)" />
    <attribute name="installimage" description="Directory that contains the install image." />
    <attribute name="agent" description="ASC agent handle for remoting execution." />
    <sequential>
      <was_5_common:installUpdateInstaller washome="@{washome}" installimage="@{installimage}" agent="@{agent}"></was_5_common:installUpdateInstaller>
    </sequential>
  </macrodef>

  <!-- ===================================================================== -->
  <!-- Extended macro for remote invocation of was_5_common:installResourceAdapter -->
  <!-- ===================================================================== -->
  <macrodef name="installResourceAdapter" uri="was_5" description="install a J2C Resource Adapter." >
    <attribute name="washome" description="the root of the WebSphere Application Server install (e.g. C:/Progra~1/WebSphere/AppServer)" />
    <attribute name="rarfile" description="Archive (.rar) containing the resource adapter." />
    <attribute name="name" description="resource adaptor name " />
    <attribute name="scope" default="Node" description="Specify on which scope to deploy WAS artifact" />
    <attribute name="node" default="" description="WAS node name." />
    <attribute name="cell" default="" description="WAS cell name." />
    <attribute name="agent" description="ASC agent handle for remoting execution." />
    <sequential>
      <was_5_common:installResourceAdapter washome="@{washome}" rarfile="@{rarfile}" name="@{name}" scope="@{scope}" node="@{node}" cell="@{cell}" agent="@{agent}"></was_5_common:installResourceAdapter>
    </sequential>
  </macrodef>

  <!-- ===================================================================== -->
  <!-- Extended macro for remote invocation of was_5_common:setEventGroupProfileList -->
  <!-- ===================================================================== -->
  <macrodef name="setEventGroupProfileList" uri="was_5" description="Creates a new WebSphere Application Server event group profile list. Event group profile lists are part of the Common Event Infrastructure. Does not create the event group profile list if one of the given name already exists." >
    <attribute name="washome" description="the root of the WebSphere Application Server install (e.g. C:/Progra~1/WebSphere/AppServer)" />
    <attribute name="server" default="" description="WAS server name associated with the CEI Provider.  At least one of cell/node/server must be specified." />
    <attribute name="node" default="" description="WAS node name associated with the CEI Provider.  At least one of cell/node/server must be specified." />
    <attribute name="cell" default="" description="WAS cell name associated with the CEI Provider.  At least one of cell/node/server must be specified." />
    <attribute name="name" description="the name of the event group profile list" />
    <attribute name="jndiname" description="the JNDI name of the event group profile list" />
    <attribute name="agent" description="ASC agent handle for remoting execution." />
    <sequential>
      <was_5_common:setEventGroupProfileList washome="@{washome}" server="@{server}" node="@{node}" cell="@{cell}" name="@{name}" jndiname="@{jndiname}" agent="@{agent}"></was_5_common:setEventGroupProfileList>
    </sequential>
  </macrodef>

  <!-- ===================================================================== -->
  <!-- Extended macro for remote invocation of was_5_common:installFixPack -->
  <!-- ===================================================================== -->
  <macrodef name="installFixPack" uri="was_5" description="Install a WAS fixpack." >
    <attribute name="washome" description="Directory where WAS 5.1 was already installed." />
    <attribute name="installerimage" description="Directory that contains the install image." />
    <attribute name="fixpackidprefix" description="Platform-independent fixpack ID prefix.  Implementation appends platform-dependent suffix (e.g. _win, _linux)." />
    <attribute name="agent" description="ASC agent handle for remoting execution." />
    <sequential>
      <was_5_common:installFixPack washome="@{washome}" installerimage="@{installerimage}" fixpackidprefix="@{fixpackidprefix}" agent="@{agent}"></was_5_common:installFixPack>
    </sequential>
  </macrodef>

  <!-- ===================================================================== -->
  <!-- Extended macro for remote invocation of was_5_common:setTransactionServiceLifetimeTimeout -->
  <!-- ===================================================================== -->
  <macrodef name="setTransactionServiceLifetimeTimeout" uri="was_5" description="Set the timeout for the WebSphere Application Server transaction service." >
    <attribute name="washome" description="the root of the WebSphere Application Server install (e.g. C:/Progra~1/WebSphere/AppServer)" />
    <attribute name="cell" description="the cell to set the timeout for" />
    <attribute name="node" description="the node to set the timeout for" />
    <attribute name="server" description="the server to set the timeout for" />
    <attribute name="timeout" description="the new timeout (in seconds)" />
    <attribute name="agent" description="ASC agent handle for remoting execution." />
    <sequential>
      <was_5_common:setTransactionServiceLifetimeTimeout washome="@{washome}" cell="@{cell}" node="@{node}" server="@{server}" timeout="@{timeout}" agent="@{agent}"></was_5_common:setTransactionServiceLifetimeTimeout>
    </sequential>
  </macrodef>

  <!-- ===================================================================== -->
  <!-- Extended macro for remote invocation of was_5_common:createJ2CAuthentication -->
  <!-- ===================================================================== -->
  <macrodef name="createJ2CAuthentication" uri="was_5" description="Define authentication data, which includes user identities and passwords" >
    <attribute name="washome" description="the root of the WebSphere Application Server install (e.g. C:/Progra~1/WebSphere/AppServer)" />
    <attribute name="alias" description="Specifies the name of the authentication data entry" />
    <attribute name="userid" description="Specifies the user identity" />
    <attribute name="password" description="the pass word of the user" />
    <attribute name="description" default="JAAS Alias for WebSphere" description="Specifies an optional description of the authentication data entry" />
    <attribute name="agent" description="ASC agent handle for remoting execution." />
    <sequential>
      <was_5_common:createJ2CAuthentication washome="@{washome}" alias="@{alias}" userid="@{userid}" password="@{password}" description="@{description}" agent="@{agent}"></was_5_common:createJ2CAuthentication>
    </sequential>
  </macrodef>

  <!-- ===================================================================== -->
  <!-- Extended macro for remote invocation of was_5_common:setSharedLibrary -->
  <!-- ===================================================================== -->
  <macrodef name="setSharedLibrary" uri="was_5" description="set shared library to the specified cell/node/server classloader." >
    <attribute name="washome" description="the root of the WebSphere Application Server install (e.g. C:/Progra~1/WebSphere/AppServer)" />
    <attribute name="name" description="A unique name (used internally for the shared library reference)." />
    <attribute name="classpath" description="Classpath for the shared library." />
    <attribute name="server" default="server1" description="WAS server name.  At least one of cell/node/server must be specified." />
    <attribute name="node" default="" description="WAS node name.  At least one of cell/node/server must be specified." />
    <attribute name="cell" default="" description="WAS cell name.  At least one of cell/node/server must be specified." />
    <attribute name="scope" default="Server" description="Specify on which scope to deploy WAS artifact" />
    <attribute name="agent" description="ASC agent handle for remoting execution." />
    <sequential>
      <was_5_common:setSharedLibrary washome="@{washome}" name="@{name}" classpath="@{classpath}" server="@{server}" node="@{node}" cell="@{cell}" scope="@{scope}" agent="@{agent}"></was_5_common:setSharedLibrary>
    </sequential>
  </macrodef>

  <!-- ===================================================================== -->
  <!-- Extended macro for remote invocation of was_5_common:installWAR -->
  <!-- ===================================================================== -->
  <macrodef name="installWAR" uri="was_5" description="Install a Web Application into WebSphere Application Server." >
    <attribute name="washome" description="the root of the WebSphere Application Server install (e.g. C:/Progra~1/WebSphere/AppServer)" />
    <attribute name="warfile" description="Archive (.war) containing the Web application to install." />
    <attribute name="appname" description="Name for the application." />
    <attribute name="contextroot" description="Web root for the application (e.g. /myApp)." />
    <attribute name="server" default="server1" description="WAS server name.  At least one of cell/node/server must be specified." />
    <attribute name="node" default="" description="WAS node name.  At least one of cell/node/server must be specified." />
    <attribute name="cell" default="" description="WAS cell name.  At least one of cell/node/server must be specified." />
    <attribute name="scope" default="Server" description="Specify on which scope to deploy WAS artifact" />
    <attribute name="agent" description="ASC agent handle for remoting execution." />
    <sequential>
      <was_5_common:installWAR washome="@{washome}" warfile="@{warfile}" appname="@{appname}" contextroot="@{contextroot}" server="@{server}" node="@{node}" cell="@{cell}" scope="@{scope}" agent="@{agent}"></was_5_common:installWAR>
    </sequential>
  </macrodef>

  <!-- ===================================================================== -->
  <!-- Extended macro for remote invocation of was_5_common:setAuthnData -->
  <!-- ===================================================================== -->
  <macrodef name="setAuthnData" uri="was_5" description="Configure a WebSphere Application Server authentication data entry.  Create the alias if it doesn't exist or modify its userid and password if it does." >
    <attribute name="washome" description="the root of the WebSphere Application Server install (e.g. C:/Progra~1/WebSphere/AppServer)" />
    <attribute name="alias" description="the name of the authentication data entry" />
    <attribute name="userid" description="the user id contained in the authentication data entry" />
    <attribute name="password" description="the password contained in the authentication data entry" />
    <attribute name="agent" description="ASC agent handle for remoting execution." />
    <sequential>
      <was_5_common:setAuthnData washome="@{washome}" alias="@{alias}" userid="@{userid}" password="@{password}" agent="@{agent}"></was_5_common:setAuthnData>
    </sequential>
  </macrodef>

  <!-- ===================================================================== -->
  <!-- Extended macro for remote invocation of was_5_common:installEAR -->
  <!-- ===================================================================== -->
  <macrodef name="installEAR" uri="was_5" description="Install an Enterprise Application into WebSphere Application Server." >
    <attribute name="washome" description="the root of the WebSphere Application Server install (e.g. C:/Progra~1/WebSphere/AppServer)" />
    <attribute name="earfile" description="Archive (.ear) containing the application to install." />
    <attribute name="appname" description="Optional name for the application." />
    <attribute name="server" default="server1" description="WAS server name.  At least one of cell/node/server must be specified." />
    <attribute name="node" default="" description="WAS node name.  At least one of cell/node/server must be specified." />
    <attribute name="cell" default="" description="WAS cell name.  At least one of cell/node/server must be specified." />
    <attribute name="scope" default="Server" description="Specify on which scope to deploy WAS artifact" />
    <attribute name="agent" description="ASC agent handle for remoting execution." />
    <sequential>
      <was_5_common:installEAR washome="@{washome}" earfile="@{earfile}" appname="@{appname}" server="@{server}" node="@{node}" cell="@{cell}" scope="@{scope}" agent="@{agent}"></was_5_common:installEAR>
    </sequential>
  </macrodef>

  <!-- ===================================================================== -->
  <!-- Extended macro for remote invocation of was_5_common:stopAppServer -->
  <!-- ===================================================================== -->
  <macrodef name="stopAppServer" uri="was_5" description="Stop a WebSphere Application Server server." >
    <attribute name="washome" description="WAS install directory (e.g. C:/Progra~1/WebSphere/AppServer)" />
    <attribute name="server" description="Name of the WAS server." />
    <attribute name="username" default="" description="WAS admin user; required only if WAS security is enabled." />
    <attribute name="password" default="" description="WAS admin password; required only if WAS security is enabled." />
    <attribute name="agent" description="ASC agent handle for remoting execution." />
    <sequential>
      <was_5_common:stopAppServer washome="@{washome}" server="@{server}" username="@{username}" password="@{password}" agent="@{agent}"></was_5_common:stopAppServer>
    </sequential>
  </macrodef>

  <!-- ===================================================================== -->
  <!-- Extended macro for remote invocation of was_5_common:setMqQDest -->
  <!-- ===================================================================== -->
  <macrodef name="setMqQDest" uri="was_5" description="Create a WebSphere Application Server MQ queue destination. Do nothing if an MQ queue destination of the given name already exists." >
    <attribute name="washome" description="the root of the WebSphere Application Server install (e.g. C:/Progra~1/WebSphere/AppServer)" />
    <attribute name="destname" description="the name of the MQ Queue destination" />
    <attribute name="jndiname" description="the JNDI name of the MQ Queue destination" />
    <attribute name="qname" description="the name of the queue to which messages are sent" />
    <attribute name="qmname" description="the name of the queue manager to which messages are sent" />
    <attribute name="server" default="server1" description="WAS server name associated with the Queue Destination.  At least one of cell/node/server must be specified." />
    <attribute name="node" default="" description="WAS node name associated with the Queue Destination.  At least one of cell/node/server must be specified." />
    <attribute name="cell" default="" description="WAS cell name associated with the Queue Destination.  At least one of cell/node/server must be specified." />
    <attribute name="scope" default="Server" description="Specify on which scope to deploy WAS artifact" />
    <attribute name="agent" description="ASC agent handle for remoting execution." />
    <sequential>
      <was_5_common:setMqQDest washome="@{washome}" destname="@{destname}" jndiname="@{jndiname}" qname="@{qname}" qmname="@{qmname}" server="@{server}" node="@{node}" cell="@{cell}" scope="@{scope}" agent="@{agent}"></was_5_common:setMqQDest>
    </sequential>
  </macrodef>

  <!-- ===================================================================== -->
  <!-- Extended macro for remote invocation of was_5_common:setDB2DataSourceV5 -->
  <!-- ===================================================================== -->
  <macrodef name="setDB2DataSourceV5" uri="was_5" description="Create a new WebSphere Application Server datasource for a given DB2 JDBC provider.  Do nothing is a data source already exists with the specified JNDI name." >
    <attribute name="washome" description="the root of the WebSphere Application Server install (e.g. C:/Progra~1/WebSphere/AppServer)" />
    <attribute name="providername" description="Name of the associated JDBC provider." />
    <attribute name="datasourcename" description="Name of the datasource." />
    <attribute name="server" default="server1" description="WAS server name associated with the DB2 JDBC provider.  At least one of cell/node/server must be specified." />
    <attribute name="node" default="" description="WAS node name associated with the DB2 JDBC provider.  At least one of cell/node/server must be specified." />
    <attribute name="cell" default="" description="WAS cell name associated with the DB2 JDBC provider.  At least one of cell/node/server must be specified." />
    <attribute name="scope" default="" description="Specify on which scope to deploy WAS artifact" />
    <attribute name="databasename" default="" description="database name of datasource " />
    <attribute name="jndiname" default="" description="Specify the jndiName of the datasource" />
    <attribute name="authenticationalias" default="" description="This alias is used for database authentication at run time" />
    <attribute name="agent" description="ASC agent handle for remoting execution." />
    <sequential>
      <was_5_common:setDB2DataSourceV5 washome="@{washome}" providername="@{providername}" datasourcename="@{datasourcename}" server="@{server}" node="@{node}" cell="@{cell}" scope="@{scope}" databasename="@{databasename}" jndiname="@{jndiname}" authenticationalias="@{authenticationalias}" agent="@{agent}"></was_5_common:setDB2DataSourceV5>
    </sequential>
  </macrodef>

  <!-- ===================================================================== -->
  <!-- Extended macro for remote invocation of was_5_common:setSoapRequestTimeout -->
  <!-- ===================================================================== -->
  <macrodef name="setSoapRequestTimeout" uri="was_5" description="Set the timeout for the WebSphere Application Server JMX SOAP connector." >
    <attribute name="washome" description="the root of the WebSphere Application Server install (e.g. C:/Progra~1/WebSphere/AppServer)" />
    <attribute name="timeout" description="the new timeout (in seconds)" />
    <attribute name="agent" description="ASC agent handle for remoting execution." />
    <sequential>
      <was_5_common:setSoapRequestTimeout washome="@{washome}" timeout="@{timeout}" agent="@{agent}"></was_5_common:setSoapRequestTimeout>
    </sequential>
  </macrodef>

  <!-- ===================================================================== -->
  <!-- Verification target for syntax checking -->
  <!-- ===================================================================== -->
  <target name="_verify" >
    <was_5:install_5_1 node="test" hostname="test" washome="test" installerdir="test" agent="test" />
    <was_5:install_SF_5_1 washome="test" installerdir="test" maxseconds="test" agent="test" />
  </target>
</project>
