<!-- Copyright (C), 2004, International Business Machines, Inc. -->
<project name="was_6_common.distributed" basedir="." xmlns:was_5_common.distributed="was_5_common.distributed">
	<import file="../was_5_common/was_5_common.distributed.xml" />
	
	<!-- Do not import was_6_common.xml because it causes circular processing
	     in the RemoteMacroBuilder utility.  (The utility uses Ant to instantiate
	     each buildfile, then APIs to extract the macrodef information.  The
	     problem is that Ant attempts to import was_6_common.xml, which is
	     only partially generated at the time.)
	     
	     One fix would be to rewrite the utility to parse buildfiles directly
	     (that is, do not use Ant).
	     
	     Another (simpler) fix is to not import was_6_common.xml here.  This works.
	     At run-time, was_6_common.distributed.xml is imported from was_6_common.xml, so
	     no need to import was_6_common.xml. -->


	<macrodef name="createSchedulerDatabaseDB2" uri="was_6_common.distributed">
		<attribute name="profileHome" />
		<attribute name="wasDbInst" />
		<attribute name="wasDbNode" />
		<attribute name="wasAgent" />
		<attribute name="tokenLocation" />
		<attribute name="tokenSchedTablespace" />
		<attribute name="tokenTablePrefix" />
		<attribute name="dbName" />
		<attribute name="db2DdlDir" />
		<attribute name="db2DbInst" />
		<attribute name="db2DbInstPassword" />
		<attribute name="db2Agent" />
		<sequential>
			<was_5_common.distributed:createSchedulerDatabaseDB2 wasHome="@{profileHome}" wasDbInst="@{wasDbInst}" wasDbNode="@{wasDbNode}" wasAgent="@{wasAgent}"
				tokenLocation="@{tokenLocation}" tokenSchedTablespace="@{tokenSchedTablespace}" tokenTablePrefix="@{tokenTablePrefix}"
				dbName="@{dbName}" db2DdlDir="@{db2DdlDir}" db2DbInst="@{db2DbInst}" db2DbInstPassword="@{db2DbInstPassword}" db2Agent="@{db2Agent}" />
		</sequential>
	</macrodef>
	

	<!-- Ref:  http://publib.boulder.ibm.com/infocenter/ws51help/index.jsp?topic=/com.ibm.wasee.doc/info/ee/workflow/tasks/t2co.html -->
	<macrodef name="configureBpelContainer" uri="was_5_common.distributed" description="Configures the Business Process Choreography container with local or remote DB2.  Pre-req:  Queue manager already created.  Does not enable global security.">
		<attribute name="profileHome" description="WAS install directory (e.g. C:/Progra~1/WebSphere/AppServer)" />
		<attribute name="wasNode" description="Name of WAS node that contains the server to be configured with BPC" />
		<attribute name="wasServer" description="Name of WAS server to be configured with BPC" />
		<attribute name="wasDb2Home" description="DB2 install directory on WAS host; can be different from db2Home for remote DB2" />
		<attribute name="mqHome" description="MQ install directory on WAS host" />
		<attribute name="wasMqAdmin" description="(Linux only) User with MQ admin permissions" />
		<attribute name="wasQmgr" description="Already-defined Queue Manager on WAS host" />
		<attribute name="wasDbNode" default="" description="(Remote only) Local name for the cataloged remote node" />
		<attribute name="wasDbInst" default="" description="(Remote only) User with owner permissions for DB2 on WAS host" />
		<attribute name="wasAgent" description="ASC agent handle for the WAS agent" />
		<attribute name="pcAdminUser" description="User to have admin permissions for the Process Choreography container" />
		<attribute name="pcJmsRunAsUser" description="Owner of the JMS process" />
		<attribute name="pcJmsRunAsPwd" description="Password for pcJmsRunAsUser" />
		<attribute name="tokenLocation" description="Location where the container tablespaces are stored (e.g. mySolution)" />
		<attribute name="db2Home" description="DB2 install directory on DB2 host; same as wasDb2Home for single-server configuration." />
		<attribute name="dbServer" description="Fully-qualified host name of the database server machine." />
		<attribute name="db2DbInst" description="Owner of the database instance" />
		<attribute name="db2DbInstPasswd" description="Password for db2DbInst" />
		<attribute name="db2DdlDir" description="Directory on DB2 host into which the DDL files are copied" />
		<attribute name="db2Agent" description="ASC agent handle for the DB2 agent" />
		<sequential>
			<was_5_common.distributed:configureBpelContainer wasHome="@{profileHome}" wasNode="@{wasNode}" wasServer="@{wasServer}" wasDb2Home="@{wasDb2Home}"
				mqHome="@{mqHome}" wasMqAdmin="@{wasMqAdmin}" wasQmgr="@{wasQmgr}" wasDbNode="@{wasDbNode}" wasDbInst="@{wasDbInst}" wasAgent="@{wasAgent}"
				pcAdminUser="@{pcAdminUser}" pcJmsRunAsUser="@{pcJmsRunAsUser}" pcJmsRunAsPwd="@{pcJmsRunAsPwd}" tokenLocation="@{tokenLocation}"
				db2Home="@{db2Home}" dbServer="@{dbServer}" db2DbInst="@{db2DbInst}" db2DbInstPasswd="@{db2DbInstPasswd}" db2DdlDir="@{db2DdlDir}"
				db2Agent="@{db2Agent}" />
		</sequential>
	</macrodef>
</project>
