<!-- Copyright (C), 2004, International Business Machines, Inc. -->
<project name="was_6_common.local" basedir="." xmlns:was_6_common.local="was_6_common.local" xmlns:was_5_common.local="was_5_common.local" xmlns:os="os.local">
	<import file="../was_5_common/was_5_common.local.xml" />
	<import file="../asc/asc.xml" />
	<import file="../os/os.local.xml" />
	
	<description>Library of common macros for WebSphere Application Server V6.
	Developers of orchestration processes should reference product-specific
	WAS libraries (e.g. was_5, was_6) instead of this library.</description>

	<!-- Relative file references must be relative to this buildfile;
		since this buildfile is typically imported by other buildfiles,
		a property that points to the directory containing this buildfile is created. -->
	<dirname file="${ant.file.was_6_common.local}" property="was_6_common.local.basedir" />


	<macrodef name="startAppServer" uri="was_6_common.local"
		description="Start a WebSphere Application Server server.">
		<attribute name="profileHome" description="Profile directory (e.g. C:/Progra~1/WebSphere/AppServer/profiles/profile_name)." />
		<attribute name="server" description="Name of the WAS server." />
		<attribute name="failonerror" default="true" description="Controls response to errors.  Example:  Set false if the server might already be started." />
		<sequential>
			<was_5_common.local:startAppServer wasHome="@{profileHome}" server="@{server}" failonerror="@{failonerror}" />
		</sequential>
	</macrodef>

	<macrodef name="stopAppServer" uri="was_6_common.local"
		description="Stop a WebSphere Application Server server.">
		<attribute name="profileHome" description="Profile directory (e.g. C:/Progra~1/WebSphere/AppServer/profiles/profile_name)." />
		<attribute name="server" description="Name of the WAS server." />
		<attribute name="userName" default="" description="WAS admin user; required only if WAS security is enabled." />
		<attribute name="password" default="" description="WAS admin password; required only if WAS security is enabled." />
		<sequential>
			<was_5_common.local:stopAppServer wasHome="@{profileHome}" server="@{server}" userName="@{userName}" password="@{password}" />
		</sequential>
	</macrodef>

	<macrodef name="runWsadmin" uri="was_6_common.local"
		description="Run WebSphere Application Server's wsadmin scripting client.">
		<attribute name="profileHome" description="Profile directory (e.g. C:/Progra~1/WebSphere/AppServer/profiles/profile_name)." />
		<attribute name="jaclFile" description="the filename of the script to execute" />
		<attribute name="dir" default="." description="the directory in which to execute wsadmin. Defaults to the current directory." />
		<element name="args" implicit="true" optional="true" description="Contains nested arg elements for wsadmin." />
		<sequential>
			<was_5_common.local:runWsadmin wasHome="@{profileHome}" jaclFile="@{jaclFile}" dir="@{dir}">
				<args />
			</was_5_common.local:runWsadmin>
		</sequential>
	</macrodef>


	<macrodef name="installEAR" uri="was_6_common.local"
		description="Install an Enterprise Application into WebSphere Application Server.">
		<attribute name="profileHome" description="Profile directory (e.g. C:/Progra~1/WebSphere/AppServer/profiles/profile_name)." />
		<attribute name="earFile" description="Archive (.ear) containing the application to install." />
		<attribute name="appname" description="Optional name for the application." />		
		<attribute name="server" default="" description="WAS server name.  At least one of cell/node/server must be specified." />
		<attribute name="node" default="" description="WAS node name.  At least one of cell/node/server must be specified." />
		<attribute name="cell" default="" description="WAS cell name.  At least one of cell/node/server must be specified." />
		<attribute name="scope" default="Server" description="Specify on which scope to deploy WAS artifact" />
		<sequential>
			<was_5_common.local:installEAR wasHome="@{profileHome}" earFile="@{earFile}" appname="@{appname}" server="@{server}" node="@{node}" cell="@{cell}" scope="@{scope}"/>
		</sequential>
	</macrodef>

	<macrodef name="installWAR" uri="was_6_common.local"
		description="Install a Web Application into WebSphere Application Server.">
		<attribute name="profileHome" description="Profile directory (e.g. C:/Progra~1/WebSphere/AppServer/profiles/profile_name)." />
		<attribute name="warFile" description="Archive (.war) containing the Web application to install." />
		<attribute name="appName" description="Name for the application." />
		<attribute name="contextRoot" description="Web root for the application (e.g. /myApp)." />
		<attribute name="server" default="" description="WAS server name.  At least one of cell/node/server must be specified." />
		<attribute name="node" default="" description="WAS node name.  At least one of cell/node/server must be specified." />
		<attribute name="cell" default="" description="WAS cell name.  At least one of cell/node/server must be specified." />
		<attribute name="scope" default="Server" description="Specify on which scope to deploy WAS artifact" />
		<sequential>
			<was_5_common.local:installWAR wasHome="@{profileHome}" warFile="@{warFile}" appName="@{appName}" contextRoot="@{contextRoot}" server="@{server}" node="@{node}" cell="@{cell}" scope="@{scope}"/>
		</sequential>
	</macrodef>
	<macrodef name="installJAR" uri="was_6_common.local"
			description="Install a Ejb Application into WebSphere Application Server.">
			<attribute name="profileHome" description="Profile directory (e.g. C:/Progra~1/WebSphere/AppServer/profiles/profile_name)." />
			<attribute name="jarFile" description="Archive (.jar) containing the Ejb application to install." />
			<attribute name="appName" description="Name for the application." />			
			<attribute name="server" default="" description="WAS server name.  At least one of cell/node/server must be specified." />
			<attribute name="node" default="" description="WAS node name.  At least one of cell/node/server must be specified." />
			<attribute name="cell" default="" description="WAS cell name.  At least one of cell/node/server must be specified." />			
			<sequential>
				<was_5_common.local:installJAR wasHome="@{profileHome}" jarFile="@{jarFile}" appName="@{appName}" server="@{server}" node="@{node}" cell="@{cell}"/>
			</sequential>
		</macrodef>

	<macrodef name="setSharedLibrary" uri="was_6_common.local"
		description="Add a shared library to the specified cell/node/server classloader.">
		<attribute name="profileHome" description="Profile directory (e.g. C:/Progra~1/WebSphere/AppServer/profiles/profile_name)." />
		<attribute name="name" description="A unique name (used internally for the shared library reference)." />
		<attribute name="classpath" description="Classpath for the shared library." />
		<attribute name="server" default="" description="WAS server name.  At least one of cell/node/server must be specified." />
		<attribute name="node" default="" description="WAS node name.  At least one of cell/node/server must be specified." />
		<attribute name="cell" default="" description="WAS cell name.  At least one of cell/node/server must be specified." />
		<attribute name="scope" default="Server" description="Specify on which scope to deploy WAS artifact" />
		<sequential>
			<was_5_common.local:setSharedLib wasHome="@{profileHome}" name="@{name}" classpath="@{classpath}" server="@{server}" node="@{node}" cell="@{cell}" scope="@{scope}"/>
		</sequential>
	</macrodef>
	
	<macrodef name="installResourceAdapter" uri="was_6_common.local" description="Install a J2C Resource Adapter.">
		<attribute name="profileHome" description="Profile directory (e.g. C:/Progra~1/WebSphere/AppServer/profiles/profile_name)." />
		<attribute name="rarFile" description="Archive (.rar) containing the resource adapter." />
		<attribute name="name" description="resource adaptor name " />
		<attribute name="node" default="" description="WAS node name. " />
		<attribute name="cell" default="" description="WAS cell name. " />
		<attribute name="scope" default="Node" description="Specify on which scope to deploy WAS artifact" />
		<sequential>
			<was_5_common.local:installResourceAdapter wasHome="@{profileHome}" rarFile="@{rarFile}" name="@{name}" node="@{node}" cell="@{cell}" scope="@{scope}"/>
		</sequential>
	</macrodef>

	<macrodef name="setResourceAdapter" uri="was_6_common.local" description="Install a J2C Resource Adapter.">
		<attribute name="profileHome" description="Profile directory (e.g. C:/Progra~1/WebSphere/AppServer/profiles/profile_name)." />
		<attribute name="rarFile" description="Archive (.rar) containing the resource adapter." />
		<attribute name="name" description="resource adaptor name " />
		<attribute name="node" default="node1" description="WAS node name.  (wsadmin interface only installs RARs to nodes.)" />
		<attribute name="cell" default=""  description="the (WAS) cell" />
		<attribute name="server" default="" description="WAS server name.  At least one of cell/node/server must be specified." />
		<attribute name="scope" default="Node" description="Specify on which scope to deploy WAS artifact" />
		<sequential>
			<was_5_common.local:setResourceAdapter wasHome="@{profileHome}" rarFile="@{rarFile}" name="@{name}" node="@{node}" cell="@{cell}" server="@{server}" scope="@{scope}"/>
		</sequential>
	</macrodef>

	<macrodef name="startApp" uri="was_6_common.local"
		description="Start an application running on WebSphere Application Server.">
		<attribute name="profileHome" description="Profile directory (e.g. C:/Progra~1/WebSphere/AppServer/profiles/profile_name)." />
		<attribute name="server" description="the (WAS) server where the application is installed" />
		<attribute name="node" description="the (WAS) node" />
		<attribute name="cell" description="the (WAS) cell" />
		<attribute name="appName" description="the name of the application to start" />
		<attribute name="scope" default="Server" description="Specify on which scope to deploy WAS artifact" />
		<sequential>
			<was_5_common.local:startApp wasHome="@{profileHome}" server="@{server}" node="@{node}" cell="@{cell}" appName="@{appName}" scope="@{scope}"/>
		</sequential>
	</macrodef>

	<macrodef name="setVarSub" uri="was_6_common.local"
		description="Edit a variable in a WebSphere Application Server variable map. Create the variable if it doesn't exist or modify its value if it already does.">
		<attribute name="profileHome" description="Profile directory (e.g. C:/Progra~1/WebSphere/AppServer/profiles/profile_name)." />
		<attribute name="server" default="" description="WAS server name.  At least one of cell/node/server must be specified." />
		<attribute name="node" default="" description="WAS node name.  At least one of cell/node/server must be specified." />
		<attribute name="cell" default="" description="WAS cell name.  At least one of cell/node/server must be specified." />
		<attribute name="varName" description="the variable name to create or modify" />
		<attribute name="varValue" description="the new value for the variable" />
		<attribute name="scope" default="Server" description="Specify on which scope to deploy WAS artifact" />
		<sequential>
			<was_5_common.local:setVarSub wasHome="@{profileHome}" server="@{server}" node="@{node}" cell="@{cell}" varName="@{varName}" varValue="@{varValue}" scope="@{scope}"/>
		</sequential>
	</macrodef>

	<macrodef name="setSharedLib" uri="was_6_common.local"
		description="Create or modify a WebSphere Application Server shared library associated with the specified cell/node/server.">
		<attribute name="profileHome" description="Profile directory (e.g. C:/Progra~1/WebSphere/AppServer/profiles/profile_name)." />
		<attribute name="name" description="Name of the shared library." />
		<attribute name="classpath" description="Classpath for the shared library." />
		<attribute name="server" default="" description="WAS server name.  At least one of cell/node/server must be specified." />
		<attribute name="node" default="" description="WAS node name.  At least one of cell/node/server must be specified." />
		<attribute name="cell" default="" description="WAS cell name.  At least one of cell/node/server must be specified." />
		<attribute name="scope" default="Server" description="Specify on which scope to deploy WAS artifact" />
		<sequential>
			<was_5_common.local:setSharedLib wasHome="@{profileHome}" name="@{name}" classpath="@{classpath}" server="@{server}" node="@{node}" cell="@{cell}" scope="@{scope}"/>
		</sequential>
	</macrodef>

	<macrodef name="setLibraryRef" uri="was_6_common.local"
		description="Configure WebSphere Application Server library references.  Add the library to all existing classloaders or create a new classloader if none exist.">
		<attribute name="profileHome" description="Profile directory (e.g. C:/Progra~1/WebSphere/AppServer/profiles/profile_name)." />
		<attribute name="libName" description="Name of the shared library to add to the classloaders." />
		<attribute name="server" default="" description="WAS server name.  At least one of cell/node/server must be specified." />
		<attribute name="node" default="" description="WAS node name.  At least one of cell/node/server must be specified." />
		<attribute name="cell" default="" description="WAS cell name.  At least one of cell/node/server must be specified." />
		<attribute name="scope" default="Server" description="Specify on which scope to deploy WAS artifact" />
		<sequential>
			<was_5_common.local:setLibraryRef wasHome="@{profileHome}" libName="@{libName}" server="@{server}" node="@{node}" cell="@{cell}" scope="@{scope}"/>
		</sequential>
	</macrodef>

	<macrodef name="setAuthnData" uri="was_6_common.local"
		description="Configure a WebSphere Application Server authentication data entry.  Create the alias if it doesn't exist or modify its userid and password if it does.">
		<attribute name="profileHome" description="Profile directory (e.g. C:/Progra~1/WebSphere/AppServer/profiles/profile_name)." />
		<attribute name="alias" description="the name of the authentication data entry" />
		<attribute name="userid" description="the user id contained in the authentication data entry" />
		<attribute name="password" description="the password contained in the authentication data entry" />
		<sequential>
			<was_5_common.local:setAuthnData wasHome="@{profileHome}" alias="@{alias}" userid="@{userid}" password="@{password}" />
		</sequential>
	</macrodef>

	<macrodef name="setJdbcProvider" uri="was_6_common.local"
		description="Configure a WebSphere Application Server JDBC provider. Create the JDBC provider if it doesn't exist.  If it does exist, no modifications are made.">
		<attribute name="profileHome" description="Profile directory (e.g. C:/Progra~1/WebSphere/AppServer/profiles/profile_name)." />
		<attribute name="providerName" description="Name for this JDBC provider entry." />
		<attribute name="providerTemplateName" description="the name of the template to use when creating the JDBC provider" />
		<attribute name="server" default="" description="WAS server name.  At least one of cell/node/server must be specified." />
		<attribute name="node" default="" description="WAS node name.  At least one of cell/node/server must be specified." />
		<attribute name="cell" default="" description="WAS cell name.  At least one of cell/node/server must be specified." />
		<attribute name="scope" default="Server" description="Specify on which scope to deploy WAS artifact" />
		<sequential>
			<was_5_common.local:setJdbcProvider wasHome="@{profileHome}" providerName="@{providerName}" providerTemplateName="@{providerTemplateName}" server="@{server}" node="@{node}" cell="@{cell}" scope="@{scope}"/>
		</sequential>
	</macrodef>
	
	<macrodef name="setDB2JdbcProvider" uri="was_6_common.local"
		description="Configure a WebSphere Application Server DB2 JDBC provider. Create the DB2 JDBC provider if it doesn't exist.  If it does exist, no modifications are made.">
		<attribute name="profileHome" description="Profile directory (e.g. C:/Progra~1/WebSphere/AppServer/profiles/profile_name)." />
		<attribute name="providerName" description="Name for this DB2 JDBC provider entry." />
		<attribute name="providerType" description="the name of the provider type to use when creating the JDBC provider" />
		<attribute name="server" default="" description="WAS server name.  At least one of cell/node/server must be specified." />
		<attribute name="node" default="" description="WAS node name.  At least one of cell/node/server must be specified." />
		<attribute name="cell" default="" description="WAS cell name.  At least one of cell/node/server must be specified." />
		<attribute name="scope" default="Node" description="Specify on which scope to deploy WAS artifact" />
		<attribute name="description" default="" description="Description of the DB2 JDBC provider" />
		<attribute name="implementationType"
			description="the name of the implementation type to use when creating the JDBC provider" />
		<sequential>
			<was_5_common.local:setDB2JdbcProvider wasHome="@{profileHome}" providerName="@{providerName}" providerType="@{providerType}" implementationType="@{implementationType}" server="@{server}" node="@{node}" cell="@{cell}" scope="@{scope}" description="@{description}"/>
		</sequential>
	</macrodef>

	<macrodef name="setDataSource" uri="was_6_common.local"
		description="Create a new WebSphere Application Server datasource for a given JDBC provider.  Do nothing is a data source already exists with the specified JNDI name.">
		<attribute name="profileHome" description="Profile directory (e.g. C:/Progra~1/WebSphere/AppServer/profiles/profile_name)." />
		<attribute name="server" default="" description="WAS server name associated with the JDBC provider.  At least one of cell/node/server must be specified." />
		<attribute name="node" default="" description="WAS node name associated with the JDBC provider.  At least one of cell/node/server must be specified." />
		<attribute name="cell" default="" description="WAS cell name associated with the JDBC provider.  At least one of cell/node/server must be specified." />
		<attribute name="providerName" description="Name of the associated JDBC provider." />
		<attribute name="providerTemplateName" description="the name of the template to use to create the datasource" />
		<attribute name="name" description="Name of the datasource." />
		<attribute name="jndiName" description="the JNDI name of the datasource" />
		<attribute name="authDataAlias" default="" description="Optional alias of the authentication data entry for the datasource.  Defaults to none." />
		<attribute name="databaseName" description="database name" />
		<attribute name="scope" default="Server" description="Specify on which scope to deploy WAS artifact" />
		<sequential>
			<was_5_common.local:setDataSource wasHome="@{profileHome}" server="@{server}" node="@{node}" cell="@{cell}" providerName="@{providerName}"
				providerTemplateName="@{providerTemplateName}" name="@{name}" jndiName="@{jndiName}" authDataAlias="@{authDataAlias}" databaseName="@{databaseName}" scope="@{scope}"/>
		</sequential>
	</macrodef>
	
	<macrodef name="setDB2DataSourceV5" uri="was_6_common.local"
		description="Create a new WebSphere Application Server datasource for a given DB2 JDBC provider.  Do nothing is a data source already exists with the specified JNDI name.">
		<attribute name="profileHome" description="Profile directory (e.g. C:/Progra~1/WebSphere/AppServer/profiles/profile_name)." />
		<attribute name="server" default="" description="WAS server name associated with the DB2 JDBC provider.  At least one of cell/node/server must be specified." />
		<attribute name="node" default="" description="WAS node name associated with the DB2 JDBC provider.  At least one of cell/node/server must be specified." />
		<attribute name="cell" default="" description="WAS cell name associated with the DB2 JDBC provider.  At least one of cell/node/server must be specified." />
		<attribute name="providerName" description="Name of the associated DB2 JDBC provider." />
		<attribute name="dataSourceName" description="Name of the datasource." />		
		<attribute name="scope" default="" description="Specify on which scope to deploy WAS artifact" />
		<attribute name="databaseName" description="database name in datasource" />		
		<attribute name="jndiName" description="Specify the jndiName of the datasource" />		
		<attribute name="authenticationAlias" default="" description="This alias is used for database authentication at run time" />
		<sequential>
			<was_5_common.local:setDB2DataSourceV5 wasHome="@{profileHome}" server="@{server}" node="@{node}" cell="@{cell}" providerName="@{providerName}"
				dataSourceName="@{dataSourceName}"  scope="@{scope}" databaseName="@{databaseName}" jndiName="@{jndiName}" authenticationAlias="@{authenticationAlias}" />
		</sequential>
	</macrodef>

	<macrodef name="setDataSourceCustomProperties" uri="was_6_common.local"
		description="Configure the properties of a WebSphere Application Server datasource.  Modify the value of a property if it exists, or create the property if it doesn't.">
		<attribute name="profileHome" description="Profile directory (e.g. C:/Progra~1/WebSphere/AppServer/profiles/profile_name)." />
		<attribute name="server" default="" description="WAS server name associated with the data source.  At least one of cell/node/server must be specified." />
		<attribute name="node" default="" description="WAS node name associated with the data source.  At least one of cell/node/server must be specified." />
		<attribute name="cell" default="" description="WAS cell name associated with the data source.  At least one of cell/node/server must be specified." />
		<attribute name="providerName" description="Name of the associated JDBC provider." />
		<attribute name="dsName" description="Name of the datasource." />
		<attribute name="propertyName" description="the name of the property to set" />
		<attribute name="propertyValue" description="the new value of the property" />
		<sequential>
			<was_5_common.local:setDataSourceCustomProperties wasHome="@{profileHome}" server="@{server}" node="@{node}" cell="@{cell}" providerName="@{providerName}"
				dsName="@{dsName}" propertyName="@{propertyName}" propertyValue="@{propertyValue}" />
		</sequential>
	</macrodef>

	<macrodef name="setMqQcfBindings" uri="was_6_common.local"
		description="Create a new WebSphere Application Server MQ Queue Connection Factory using 'bindings' transport type.  Do nothing if a MQ Queue Connection Factory with the given name already exists.">
		<attribute name="profileHome" description="Profile directory (e.g. C:/Progra~1/WebSphere/AppServer/profiles/profile_name)." />
		<attribute name="server" default="" description="WAS server name associated with the QCF.  At least one of cell/node/server must be specified." />
		<attribute name="node" default="" description="WAS node name associated with the QCF.  At least one of cell/node/server must be specified." />
		<attribute name="cell" default="" description="WAS cell name associated with the QCF.  At least one of cell/node/server must be specified." />
		<attribute name="qcfName" description="Name of the MQ Queue Connection Factory to create" />
		<attribute name="description" default="MQ Queue Connection Factory" description="Description of the MQ Queue Connection Factory. Defaults to 'MQ Queue Connection Factory'" />
		<attribute name="jndiName" description="JNDI name of the MQ Queue Connection Factory" />
		<attribute name="qmName" description="Name of the associated queue manager" />
		<attribute name="authDataAlias" default="" description="Optional alias of the authentication data entry for this MQ Queue Connection Factory.  Defaults to none." />
		<attribute name="isXAEnabled" default="true" description="whether the connection factory is for the XA coordination of messages.  Defaults to true." />
		<attribute name="scope" default="Server" description="Specify on which scope to deploy WAS artifact" />
		<sequential>
			<was_5_common.local:setMqQcfBindings wasHome="@{profileHome}" server="@{server}" node="@{node}" cell="@{cell}" qcfName="@{qcfName}"
				description="@{description}" jndiName="@{jndiName}" qmName="@{qmName}" authDataAlias="@{authDataAlias}" isXAEnabled="@{isXAEnabled}" scope="@{scope}"/>
		</sequential>
	</macrodef>

	<macrodef name="setMqQcfClient" uri="was_6_common.local"
		description="Create a new WebSphere Application Server MQ Queue Connection Factory using TCP/IP client connection. Do nothing if a MQ Queue Connection Factory with the given name already exists.">
		<attribute name="profileHome" description="Profile directory (e.g. C:/Progra~1/WebSphere/AppServer/profiles/profile_name)." />
		<attribute name="server" default="" description="WAS server name associated with the QCF.  At least one of cell/node/server must be specified." />
		<attribute name="node" default="" description="WAS node name associated with the QCF.  At least one of cell/node/server must be specified." />
		<attribute name="cell" default="" description="WAS cell name associated with the QCF.  At least one of cell/node/server must be specified." />
		<attribute name="qcfName" description="the name of the MQ Queue Connection Factory to create" />
		<attribute name="description" default="'MQ Queue Connection Factory'" description="a description of the MQ Queue Connection Factory. Defaults to 'MQ Queue Connection Factory'" />
		<attribute name="jndiName" description="the JNDI name of the MQ Queue Connection Factory" />
		<attribute name="qmName" description="the queue manager name" />
		<attribute name="authDataAlias" default="" description="Optional alias of the authentication data entry for this MQ Queue Connection Factory.  Defaults to none." />
		<attribute name="host" description="the name of the host where the queue manager runs" />
		<attribute name="port" description="the port of the queue manager" />
		<attribute name="channel" description="the name of the channel used for connecting to the queue manager" />
		<attribute name="isXAEnabled" default="true" description="whether the connection factory is for the XA coordination of messages. Defaults to true." />
		<attribute name="scope" default="Server" description="Specify on which scope to deploy WAS artifact" />
		<sequential>
			<was_5_common.local:setMqQcfClient wasHome="@{profileHome}" server="@{server}" node="@{node}" cell="@{cell}" qcfName="@{qcfName}"
				description="@{description}" jndiName="@{jndiName}" qmName="@{qmName}" authDataAlias="@{authDataAlias}"
				host="@{host}" port="@{port}" channel="@{channel}" isXAEnabled="@{isXAEnabled}" scope="@{scope}"/>
		</sequential>
	</macrodef>

	<macrodef name="setMqQDest" uri="was_6_common.local"
		description="Create a WebSphere Application Server MQ queue destination. Do nothing if an MQ queue destination of the given name already exists.">
		<attribute name="profileHome" description="Profile directory (e.g. C:/Progra~1/WebSphere/AppServer/profiles/profile_name)." />
		<attribute name="server" default="" description="WAS server name associated with the Queue Destination.  At least one of cell/node/server must be specified." />
		<attribute name="node" default="" description="WAS node name associated with the Queue Destination.  At least one of cell/node/server must be specified." />
		<attribute name="cell" default="" description="WAS cell name associated with the Queue Destination.  At least one of cell/node/server must be specified." />
		<attribute name="destName" description="the name of the MQ Queue destination" />
		<attribute name="jndiName" description="the JNDI name of the MQ Queue destination" />
		<attribute name="qName" description="the name of the queue to which messages are sent" />
		<attribute name="qmName" description="the name of the queue manager to which messages are sent" />
		<attribute name="scope" default="Server" description="Specify on which scope to deploy WAS artifact" />
		<sequential>
			<was_5_common.local:setMqQDest wasHome="@{profileHome}" server="@{server}" node="@{node}" cell="@{cell}" destName="@{destName}" jndiName="@{jndiName}"
				qName="@{qName}" qmName="@{qmName}" scope="@{scope}"/>
		</sequential>
	</macrodef>

	<macrodef name="setSchedulerConfig" uri="was_6_common.local"
		description="Create a new scheduler configuration. Do nothing if a scheduler configuration of the given name already exists.">
		<attribute name="profileHome" description="Profile directory (e.g. C:/Progra~1/WebSphere/AppServer/profiles/profile_name)." />
		<attribute name="server" default="" description="WAS server name associated with the Scheduler.  At least one of cell/node/server must be specified." />
		<attribute name="node" default="" description="WAS node name associated with the Scheduler.  At least one of cell/node/server must be specified." />
		<attribute name="cell" default="" description="WAS cell name associated with the Scheduler.  At least one of cell/node/server must be specified." />
		<attribute name="name" description="the name of the scheduler configuration" />
		<attribute name="jndiName" description="JNDI name of this scheduler" />
		<attribute name="category" description="a string that can be used to classify or group this scheduler" />
		<attribute name="dsAuthnAlias" description="alias to a username and password to access the datasource" />
		<attribute name="dsJndiName" description="JNDI name of datasource where persistent tasks will be stored" />
		<attribute name="pollInterval" description="the interval at which the scheduler daemon polls the database (in seconds)" />
		<attribute name="tablePrefix" description="a prefix string used in the database so that multiple schedulers can share the same database" />
		<attribute name="workManager" description="the work manager that serves this scheduler" />
		<sequential>
			<was_5_common.local:setSchedulerConfig wasHome="@{profileHome}" server="@{server}" node="@{node}" cell="@{cell}" name="@{name}" jndiName="@{jndiName}"
				category="@{category}" dsAuthnAlias="@{dsAuthnAlias}" dsJndiName="@{dsJndiName}" pollInterval="@{pollInterval}" tablePrefix="@{tablePrefix}"
				workManager="@{workManager}" />
		</sequential>
	</macrodef>

	<!-- Requires server restart to start listener port -->
	<macrodef name="setMessageListenerPort" uri="was_6_common.local"
		description="Creates a new WebSphere Application Server message listener port.  Does nothing if a message listener pport of the given name already exists.  DOES NOT actually start the listener port as a restart is required to start the listener port.">
		<attribute name="profileHome" description="Profile directory (e.g. C:/Progra~1/WebSphere/AppServer/profiles/profile_name)." />
		<attribute name="server" description="WAS server name associated with the Listener Port." />
		<attribute name="node" description="WAS node name associated with the Listener Port." />
		<attribute name="cell" description="WAS cell name associated with the Listener Port." />
		<attribute name="lpName" description="the name of the message listener port" />
		<attribute name="destJndiName" description="the JNDI name for the destination to be used by the listener port" />
		<attribute name="qcfJndiName" description="the JNDI name for the JMS Connection factory to be used by the listener port" />
		<attribute name="maxRetries" description="the maximum number of times the listener tries to deliver a message before the listener is stopped (must be in the range 0 through 2147483647)" />
		<sequential>
			<was_5_common.local:setMessageListenerPort wasHome="@{profileHome}" server="@{server}" node="@{node}" cell="@{cell}" lpName="@{lpName}"
				destJndiName="@{destJndiName}" qcfJndiName="@{qcfJndiName}" maxRetries="@{maxRetries}" />
		</sequential>
	</macrodef>


	<macrodef name="setEventGroupProfileList" uri="was_6_common.local"
		description="Creates a new WebSphere Application Server event group profile list. Event group profile lists are part of the Common Event Infrastructure. Does not create the event group profile list if one of the given name already exists.">
		<attribute name="profileHome" description="Profile directory (e.g. C:/Progra~1/WebSphere/AppServer/profiles/profile_name)." />
		<attribute name="server" default="" description="WAS server name associated with the CEI Provider.  At least one of cell/node/server must be specified." />
		<attribute name="node" default="" description="WAS node name associated with the CEI Provider.  At least one of cell/node/server must be specified." />
		<attribute name="cell" default="" description="WAS cell name associated with the CEI Provider.  At least one of cell/node/server must be specified." />
		<attribute name="name" description="the name of the event group profile list" />
		<attribute name="jndiName" description="the JNDI name of the event group profile list" />
		<sequential>
			<was_5_common.local:setEventGroupProfileList wasHome="@{profileHome}" server="@{server}" node="@{node}" cell="@{cell}" name="@{name}" jndiName="@{jndiName}" />
		</sequential>
	</macrodef>


	<macrodef name="setEventGroupProfile" uri="was_6_common.local"
		description="Creates a new WebSphere Application Server event group profile in the given event group profile list. Event group profiles are part of the Common Event Infrastructure. Does not currently check to see if the event group profile already exists.">
		<attribute name="profileHome" description="Profile directory (e.g. C:/Progra~1/WebSphere/AppServer/profiles/profile_name)." />
		<attribute name="server" default="" description="WAS server name associated with the CEI Provider.  At least one of cell/node/server must be specified." />
		<attribute name="node" default="" description="WAS node name associated with the CEI Provider.  At least one of cell/node/server must be specified." />
		<attribute name="cell" default="" description="WAS cell name associated with the CEI Provider.  At least one of cell/node/server must be specified." />
		<attribute name="listName" description="the name of the event group profile list to create this profile in" />
		<attribute name="groupName" description="the name of the event group profile" />
		<attribute name="eventSelectorString" description="describes the events you want to include in the event group" />
		<sequential>
			<was_5_common.local:setEventGroupProfile wasHome="@{profileHome}" server="@{server}" node="@{node}" cell="@{cell}" listName="@{listName}"
				groupName="@{groupName}" eventSelectorString="@{eventSelectorString}" />
		</sequential>
	</macrodef>

	<macrodef name="genPlugin" uri="was_6_common.local"
		description="Update the WebSphere Application Server Web server plug-in configuration file.">
		<attribute name="profileHome" description="Profile directory (e.g. C:/Progra~1/WebSphere/AppServer/profiles/profile_name)." />
		<attribute name="destinationRoot" default="" description="Sets root directory for filesystem references (e.g. log is placed in {destinationRoot}/logs/http_plugin.log).  Defaults to the WAS install directory." />
		<sequential>
			<was_5_common.local:genPlugin wasHome="@{profileHome}" destinationRoot="@{destinationRoot}" />
		</sequential>
	</macrodef>

	<macrodef name="setSoapRequestTimeout" uri="was_6_common.local"
		description="Set the timeout for the WebSphere Application Server JMX SOAP connector.">
		<attribute name="profileHome" description="Profile directory (e.g. C:/Progra~1/WebSphere/AppServer/profiles/profile_name)." />
		<attribute name="timeout" description="the new timeout (in seconds)" />
		<sequential>
			<was_5_common.local:setSoapRequestTimeout wasHome="@{profileHome}" timeout="@{timeout}" />
		</sequential>
	</macrodef>

	<macrodef name="setTransactionServiceLifetimeTimeout" uri="was_6_common.local"
		description="Set the timeout for the WebSphere Application Server transaction service.">
		<attribute name="profileHome" description="Profile directory (e.g. C:/Progra~1/WebSphere/AppServer/profiles/profile_name)." />
		<attribute name="cell" description="the cell to set the timeout for" />
		<attribute name="node" description="the node to set the timeout for" />
		<attribute name="server" description="the server to set the timeout for" />
		<attribute name="timeout" description="the new timeout (in seconds)" />
		<sequential>
			<was_5_common.local:setTransactionServiceLifetimeTimeout wasHome="@{profileHome}" server="@{server}" node="@{node}" cell="@{cell}" timeout="@{timeout}" />
		</sequential>
	</macrodef>

	<macrodef name="unconfigureBpelContainer" uri="was_6_common.local"
		description="Unconfigure the Business Process container.">
		<attribute name="profileHome" description="Profile directory (e.g. C:/Progra~1/WebSphere/AppServer/profiles/profile_name)." />
		<attribute name="node" description="Node containing the server running the Business Process container." />
		<attribute name="server" description="Server hosting the Business Process container." />
		<sequential>
			<was_5_common.local:unconfigureBpelContainer wasHome="@{profileHome}" node="@{node}" server="@{server}" />
		</sequential>
	</macrodef>

	<macrodef name="install_CEI" uri="was_6_common.local">
		<attribute name="profileHome" description="Profile directory (e.g. C:/Progra~1/WebSphere/AppServer/profiles/profile_name)." />
		<attribute name="jdbcClasspath" />
		<attribute name="dbUser" />
		<attribute name="dbPassword" />
		<attribute name="node" />
		<attribute name="server" />
		<attribute name="dbNodeName" default="" />
		<sequential>
			<was_5_common.local:install_CEI wasHome="@{profileHome}" jdbcClasspath="@{jdbcClasspath}" dbUser="@{dbUser}" dbPassword="@{dbPassword}"
				node="@{node" server="@{server}" dbNodeName="@{dbNodeName}" />
		</sequential>
	</macrodef>
	
	
	<macrodef name="createSIBus" uri="was_6_common.local"
		description="Create a SIBus on WAS6.">
		<attribute name="profileHome" description="WAS Home (e.g. C:/Progra~1/WebSphere/AppServer/profiles/profile_name)." />
		<attribute name="busName" description="bus name" />	
		<sequential>
			<set name="args" value="" />
			<if>
				<not>
					<equals arg1="@{busName}" arg2="" trim="true" />
				</not>
				<then>
					<set name="args" value="${args} -bus @{busName}" />
				</then>
			</if>			
			<!-- dir attribute is required because JACL script "sources" another JACL file from the same directory. -->
			<was_5_common.local:runWsadmin wasHome="@{profileHome}"
				jaclFile="${was_6_common.local.basedir}${file.separator}jacl${file.separator}createSIBus.jacl"
				dir="${was_6_common.local.basedir}${file.separator}jacl">				
				<arg line="${args}" />
			</was_5_common.local:runWsadmin>
			<unset name="args" />
		</sequential>
	</macrodef>
	
	
	<macrodef name="addAppServerToSIBus" uri="was_6_common.local"
		description="Add a bus member on SIBus.">
		<attribute name="profileHome" description="WAS Home (e.g. C:/Progra~1/WebSphere/AppServer/profiles/profile_name)." />
		<attribute name="busName"
			description="bus name" />
		<attribute name="node" default=""
			description="WAS node name. When add an appserver to bus, at least one of cell/node/server must be specified." />
		<attribute name="server" default=""
			description="WAS server name. When add an appserver to bus, at least one of cell/node/server must be specified." />	
		<attribute name="cell" default=""
			description="WAS cell name. When add an appserver to bus, at least one of cell/node/server must be specified." />
		<sequential>
			<set name="args" value="" />

			<if>
				<not>
					<equals arg1="@{cell}" arg2="" trim="true" />
				</not>
				<then>
					<if>
						<not>
							<equals arg1="@{node}" arg2="" trim="true" />
						</not>
						<then>					
							<if>
								<not>
									<equals arg1="@{server}" arg2="" trim="true" />
								</not>
								<then>
									<set name="args" value="${args} -cell @{cell}" />
									<set name="args" value="${args} -node @{node}" />
									<set name="args" value="${args} -server @{server}" />
								</then>
							</if>
						</then>	
					</if>
				</then>
			</if>

			<!-- dir attribute is required because JACL script "sources" another JACL file from the same directory. -->
			<was_5_common.local:runWsadmin wasHome="@{profileHome}"
				jaclFile="${was_6_common.local.basedir}${file.separator}jacl${file.separator}addAppServerToSIBus.jacl"
				dir="${was_6_common.local.basedir}${file.separator}jacl">
				<arg value="-bus" />
				<arg value="@{busName}" />
				<arg line="${args}" />
			</was_5_common.local:runWsadmin>
			<unset name="args" />			
		</sequential>
	</macrodef>
	
	<macrodef name="setEndpointListener" uri="was_6_common.local"
		description="Set an endpoint listener">	
		<attribute name="profileHome" description="WAS Home (e.g. C:/Progra~1/WebSphere/AppServer/profiles/profile_name)." />
		<attribute name="name"
			description="endpoint listener name" />
		<attribute name="urlRoot"
			description="endpoint listener urlRoot" />
		<attribute name="wsdlUrlRoot"
			description="endpoint listener wsdlUrlRoot" />
		<attribute name="node" default=""
			description="WAS node name. When add an appserver to bus, at least one of cell/node/server must be specified." />
		<attribute name="server" default=""
			description="WAS server name. When add an appserver to bus, at least one of cell/node/server must be specified." />	
		<attribute name="cell" default="" 
			description="WAS cell name. When add an appserver to bus, at least one of cell/node/server must be specified." />
		<attribute name="scope" default="Server"
			description="Specify on which scope to deploy WAS artifact" />		
		<sequential>
			
			<!-- dir attribute is required because JACL script "sources" another JACL file from the same directory. -->
			<was_6_common.local:runWsadmin profileHome="@{profileHome}"
				jaclFile="${was_6_common.local.basedir}${file.separator}jacl${file.separator}setEndpointListener.jacl"
				dir="${was_6_common.local.basedir}${file.separator}jacl">
				<arg value="-name" />
				<arg value="@{name}" />
				<arg value="-urlRoot" />
				<arg value="@{urlRoot}" />
				<arg value="-wsdlUrlRoot" />
				<arg value="@{wsdlUrlRoot}" />
				<arg value="-server" />
				<arg value="@{server}" />
				<arg value="-cell" />
				<arg value="@{cell}" />
				<arg value="-node" />
				<arg value="@{node}" />
				<arg value="-scope" />
				<arg value="@{scope}" />				
			</was_6_common.local:runWsadmin>					
		</sequential>
	</macrodef>
	
	<macrodef name="setSibMediation" uri="was_6_common.local"
		description="Creating a mediation">
		<attribute name="profileHome" description="WAS Home (e.g. C:/Progra~1/WebSphere/AppServer/profiles/profile_name)." />
        <attribute name="busName" 
                description="Name of bus which a mediation will be created on" />
        <attribute name="mediationName" 
                description="Name of mediation which will be created" />
        <attribute name="handlerListName" 
                description="Handler List Name" />
        <attribute name="description"  default=""       description="Mediation description" />
        <attribute name="globalTransaction"   default=""           description="Whether or not start globalTransaction for deal every message" />
        <attribute name="allowConcurrentMediation"   default=""             description="Whether or not allow concurrent mediation.true|false, default is false." />
        <attribute name="selector"   default=""          description="selector" />
        <attribute name="discriminator"   default=""                 description="discriminator" />	
		<sequential>
			<set name="args" value="" />
			<if>
				<not>
					<equals arg1="@{description}" arg2="" trim="true" />
				</not>
				<then>
					<set name="args" value="${args} -description @{description}" />
				</then>
			</if>	
			<if>
				<not>
					<equals arg1="@{globalTransaction}" arg2="" trim="true" />
				</not>
				<then>
					<set name="args" value="${args} -globalTransaction @{globalTransaction}" />
				</then>
			</if>	
			<if>
				<not>
					<equals arg1="@{allowConcurrentMediation}" arg2="" trim="true" />
				</not>
				<then>
					<set name="args" value="${args} -allowConcurrentMediation @{allowConcurrentMediation}" />
				</then>
			</if>	
			<if>
				<not>
					<equals arg1="@{selector}" arg2="" trim="true" />
				</not>
				<then>
					<set name="args" value="${args} -selector @{selector}" />
				</then>
			</if>	
			<if>
				<not>
					<equals arg1="@{discriminator}" arg2="" trim="true" />
				</not>
				<then>
					<set name="args" value="${args} -discriminator @{discriminator}" />
				</then>
			</if>				
			<!-- dir attribute is required because JACL script "sources" another JACL file from the same directory. -->
			<was_5_common.local:runWsadmin wasHome="@{profileHome}"
				jaclFile="${was_6_common.local.basedir}${file.separator}jacl${file.separator}setSibMediation.jacl"
				dir="${was_6_common.local.basedir}${file.separator}jacl">
				<arg value="-bus" />
				<arg value="@{busName}" />
				<arg value="-mediationName" />
				<arg value="@{mediationName}" />
				<arg value="-handlerListName" />
				<arg value="@{handlerListName}" />
				<arg line="${args}" />
			</was_5_common.local:runWsadmin>					
		</sequential>
	</macrodef>

	<macrodef name="mediateSIBDestination" uri="was_6_common.local"
		description="apply a mediation to destination">
		<attribute name="profileHome" description="WAS Home (e.g. C:/Progra~1/WebSphere/AppServer/profiles/profile_name)." />
        <attribute name="busName" 
            description="Bus name" />
        <attribute name="destinationName" 
            description="Destination name" />
        <attribute name="mediationName" 
            description="Mediation name" />
        <attribute name="node"    default=""           
            description="WAS node name." />
        <attribute name="server"   default="" 
            description="WAS server name." />
    	<sequential>
			<set name="args" value="" />
			<if>
				<not>
					<equals arg1="@{node}" arg2="" trim="true" />
				</not>
				<then>
					<set name="args" value="${args} -node @{node}" />
				</then>
			</if>	
			<if>
				<not>
					<equals arg1="@{server}" arg2="" trim="true" />
				</not>
				<then>
					<set name="args" value="${args} -server @{server}" />
				</then>
			</if>	
			<!-- dir attribute is required because JACL script "sources" another JACL file from the same directory. -->
			<was_5_common.local:runWsadmin wasHome="@{profileHome}"
				jaclFile="${was_6_common.local.basedir}${file.separator}jacl${file.separator}mediateSIBDestination.jacl"
				dir="${was_6_common.local.basedir}${file.separator}jacl">
				<arg value="-bus" />
				<arg value="@{busName}" />
				<arg value="-mediationName" />
				<arg value="@{mediationName}" />
				<arg value="-destinationName" />
				<arg value="@{destinationName}" />
				<arg line="${args}" />
			</was_5_common.local:runWsadmin>					
		</sequential>
	</macrodef>

	<macrodef name="setSibDestination" uri="was_6_common.local"
		description="Creating message destinations">
		<attribute name="profileHome" description="WAS Home (e.g. C:/Progra~1/WebSphere/AppServer/profiles/profile_name)." />
		<attribute name="busName"
			description="bus name" />
		<attribute name="destinationName"
			description="message destination name" />
		<attribute name="destinationType"
			description="message destination type" />
		<attribute name="cell" default=""
			description="WAS cell name. Only for Queue Type destination. To assign the queue to a bus member that will store and process the messages for the queue." />
		<attribute name="node" default=""
			description="WAS node name. Only for Queue Type destination. To assign the queue to a bus member that will store and process the messages for the queue." />
		<attribute name="server" default=""
			description="WAS server name. Only for Queue Type destination. To assign the queue to a bus member that will store and process the messages for the queue." />		
			
		<sequential>
				
			<!-- dir attribute is required because JACL script "sources" another JACL file from the same directory. -->
			<was_5_common.local:runWsadmin wasHome="@{profileHome}"
				jaclFile="${was_6_common.local.basedir}${file.separator}jacl${file.separator}setSibDestination.jacl"
				dir="${was_6_common.local.basedir}${file.separator}jacl">
				<arg value="-bus" />
				<arg value="@{busName}" />
				<arg value="-name" />
				<arg value="@{destinationName}" />
				<arg value="-type" />
				<arg value="@{destinationType}" />
				<arg value="-cell" />
				<arg value="@{cell}" />
				<arg value="-server" />
				<arg value="@{server}" />
				<arg value="-node" />
				<arg value="@{node}" />							
			</was_5_common.local:runWsadmin>					
		</sequential>
	</macrodef>
	<macrodef name="setOutboundService" uri="was_6_common.local"
		description="Creating outBound service">
		<attribute name="profileHome" description="WAS Home (e.g. C:/Progra~1/WebSphere/AppServer/profiles/profile_name)." />
		<attribute name="busName"
			description="bus name" />
		<attribute name="outBoundServName"
			description="outBound servName" />
		<attribute name="outBoundServDestName"
			description="outBound service destination name" />
		<attribute name="outBoundServURL"
			description="outBound servURL" />
		<attribute name="cell" default=""
			description="WAS cell name. The cell in which the port destination is localized. " />
		<attribute name="outBoundWSDLServName"
			description="outBound WSDL ServName" />		
		<attribute name="outBoundWSDLServNamespace"
			description="outBound WSDL ServiceNamespace" />
	
		
		<sequential>
			<set name="args" value="" />

			<if>
				<not>
					<equals arg1="@{outBoundWSDLServName}" arg2="" trim="true" />
				</not>
				<then>					
					<if>
						<not>
							<equals arg1="@{outBoundWSDLServNamespace}" arg2="" trim="true" />
						</not>
						<then>
							<set name="args" value="${args} -wsdlServiceName @{outBoundWSDLServName}" />
							<set name="args" value="${args} -wsdlServiceNamespace @{outBoundWSDLServNamespace}" />
						</then>
					</if>
				</then>				
			</if>
			
			<!-- dir attribute is required because JACL script "sources" another JACL file from the same directory. -->
			<was_5_common.local:runWsadmin wasHome="@{profileHome}"
				jaclFile="${was_6_common.local.basedir}${file.separator}jacl${file.separator}setOutboundService.jacl"
				dir="${was_6_common.local.basedir}${file.separator}jacl">
				<arg value="-name" />
				<arg value="@{outBoundServName}" />
				<arg value="-destination" />
				<arg value="@{outBoundServDestName}" />
				<arg value="-wsdlLocation" />
				<arg value="@{outBoundServURL}" />
				<arg value="-cell" />
				<arg value="@{cell}" />
				<arg value="-bus" />
				<arg value="@{busName}" />				
				<arg line="${args}" />
			</was_5_common.local:runWsadmin>			
			<unset name="args" />	
		</sequential>
	</macrodef>
	
	<macrodef name="setOutboundPort" uri="was_6_common.local"
		description="Creating outBound port">
		<attribute name="profileHome" description="WAS Home (e.g. C:/Progra~1/WebSphere/AppServer/profiles/profile_name)." />
		<attribute name="outBoundPortName"
			description="outBound PortName" />
		<attribute name="outBoundServName"
			description="outBound servName" />
		<attribute name="destinationName"
			description="destination name" />
		<attribute name="cell" default=""
			description="WAS cell name. The cell in which the port destination is located." />
		<attribute name="node" default=""
			description="WAS node name. The node in which the port destination is located." />
		<attribute name="server" default=""
			description="WAS server name. The server in which the port destination is located." />
		
				
		<sequential>
					
			<!-- dir attribute is required because JACL script "sources" another JACL file from the same directory. -->
			<was_5_common.local:runWsadmin wasHome="@{profileHome}"
				jaclFile="${was_6_common.local.basedir}${file.separator}jacl${file.separator}setOutboundPort.jacl"
				dir="${was_6_common.local.basedir}${file.separator}jacl">
				<arg value="-name" />
				<arg value="@{outBoundPortName}" />
				<arg value="-destination" />
				<arg value="@{destinationName}" />	
				<arg value="-obServName" />
				<arg value="@{outBoundServName}" />
				<arg value="-cell" />
				<arg value="@{cell}" />
				<arg value="-server" />
				<arg value="@{server}" />
				<arg value="-node" />
				<arg value="@{node}" />
			</was_5_common.local:runWsadmin>				
		</sequential>
	</macrodef>
	 
	<macrodef name="setInboundService" uri="was_6_common.local"
		description="Creating inBound service">
		<attribute name="profileHome" description="WAS Home (e.g. C:/Progra~1/WebSphere/AppServer/profiles/profile_name)." />
		<attribute name="busName"
			description="bus name" />
		<attribute name="inBoundServName"
			description="inBound servName" />
		<attribute name="inBoundServDestName"
			description="inBound service destination name" />
		<attribute name="inBoundServURL"
			description="inBound servURL" />		
		<attribute name="inBoundWSDLServName"
			description="inBound WSDL ServName" />		
		<attribute name="inBoundWSDLServNamespace"
			description="inBound WSDL ServiceNamespace" />
		 
		<sequential>
			<set name="args" value="" />

			<if>
				<not>
					<equals arg1="@{inBoundWSDLServName}" arg2="" trim="true" />
				</not>
				<then>					
					<if>
						<not>
							<equals arg1="@{inBoundWSDLServNamespace}" arg2="" trim="true" />
						</not>
						<then>
							<set name="args" value="${args} -wsdlServiceName @{inBoundWSDLServName}" />
							<set name="args" value="${args} -wsdlServiceNamespace @{inBoundWSDLServNamespace}" />
						</then>
					</if>
				</then>				
			</if>
			
			<!-- dir attribute is required because JACL script "sources" another JACL file from the same directory. -->
			<was_5_common.local:runWsadmin wasHome="@{profileHome}"
				jaclFile="${was_6_common.local.basedir}${file.separator}jacl${file.separator}setInboundService.jacl"
				dir="${was_6_common.local.basedir}${file.separator}jacl">
				<arg value="-name" />
				<arg value="@{inBoundServName}" />
				<arg value="-destination" />
				<arg value="@{inBoundServDestName}" />
				<arg value="-wsdlLocation" />
				<arg value="@{inBoundServURL}" />			
				<arg value="-bus" />
				<arg value="@{busName}" />	
				<arg line="${args}" />
			</was_5_common.local:runWsadmin>	
			<unset name="args" />	
		</sequential>
	</macrodef>
	
	<macrodef name="setInboundPort" uri="was_6_common.local"
		description="Creating inBound Port">
		<attribute name="profileHome" description="WAS Home (e.g. C:/Progra~1/WebSphere/AppServer/profiles/profile_name)." />
		<attribute name="inBoundPortName"
			description="inBound PortName" />
		<attribute name="inBoundServName"
			description="inBound servName" />
		<attribute name="cell" default=""
			description="WAS cell name. The cell in which the endpoint listener is located." />
		<attribute name="node" default=""
			description="WAS node name. The node in which the endpoint listener is located." />
		<attribute name="server" default=""
			description="WAS server name. The server in which the endpoint listener is located." />				
		<attribute name="endpointListenerName"
			description="endpointListener name" />	
			
		<sequential>
				
			<!-- dir attribute is required because JACL script "sources" another JACL file from the same directory. -->
			<was_5_common.local:runWsadmin wasHome="@{profileHome}"
				jaclFile="${was_6_common.local.basedir}${file.separator}jacl${file.separator}setInboundPort.jacl"
				dir="${was_6_common.local.basedir}${file.separator}jacl">
				<arg value="-name" />
				<arg value="@{inBoundPortName}" />
				<arg value="-ibServName" />
				<arg value="@{inBoundServName}" />	
				<arg value="-cell" />
				<arg value="@{cell}" />
				<arg value="-server" />
				<arg value="@{server}" />
				<arg value="-node" />
				<arg value="@{node}" />						
				<arg value="-endpointListener" />
				<arg value="@{endpointListenerName}" />									
			</was_5_common.local:runWsadmin>				
		</sequential>
	</macrodef>
	
	<macrodef name="createDefaultMessagingQueueDestination" uri="was_6_common.local"
		description="Creating default messaging queue destination">
		<attribute name="profileHome" description="WAS Home (e.g. C:/Progra~1/WebSphere/AppServer/profiles/profile_name)." />
		<attribute name="queueName"
			description="queue name" />
		<attribute name="queueJndiName"
			description="jndi name of queue" />			
		<attribute name="busName" default=""
			description="the name of bus on which the associated queue exists" />
		<attribute name="sibQueueName" default=""
			description="The name of the associated queue on the service integration bus." />				
		<attribute name="server" default="server1"
			description="WAS server name associated with the DB2 JDBC provider.  At least one of cell/node/server must be specified." />
		<attribute name="node" default=""
			description="WAS node name associated with the DB2 JDBC provider.  At least one of cell/node/server must be specified." />
		<attribute name="cell" default=""
			description="WAS cell name associated with the DB2 JDBC provider.  At least one of cell/node/server must be specified." />		
		<attribute name="scope" default=""
			description="Specify on which scope to deploy WAS artifact" />
					
		<sequential>
				
			<set name="args" value="" />

			<if>
				<not>
					<equals arg1="@{server}" arg2="" trim="true" />
				</not>
				<then>
					<set name="args" value="${args} -server @{server}" />
				</then>
			</if>

			<if>
				<not>
					<equals arg1="@{node}" arg2="" trim="true" />
				</not>
				<then>
					<set name="args" value="${args} -node @{node}" />
				</then>
			</if>

			<if>
				<not>
					<equals arg1="@{cell}" arg2="" trim="true" />
				</not>
				<then>
					<set name="args" value="${args} -cell @{cell}" />
				</then>
			</if>			
						
			<!-- dir attribute is required because JACL script "sources" another JACL file from the same directory. -->
			<was_5_common.local:runWsadmin wasHome="@{profileHome}"
				jaclFile="${was_6_common.local.basedir}${file.separator}jacl${file.separator}createDefaultMessagingQueueDestination.jacl"
				dir="${was_6_common.local.basedir}${file.separator}jacl">
				<arg value="-name" />
				<arg value="@{queueName}" />
				<arg value="-jndiName" />
				<arg value="@{queueJndiName}" />				
				<arg value="-bus" />
				<arg value="@{busName}" />
				<arg value="-scope" />
				<arg value="@{scope}" />						
				<arg value="-sibQueueName" />
				<arg value="@{sibQueueName}" />					
				<arg line="${args}" />
			</was_5_common.local:runWsadmin>
			<unset name="args" />	
		</sequential>
	</macrodef>
		
	<macrodef name="createDefaultMessagingActivationSpecification" uri="was_6_common.local"
		description="Creating default messaging queue destination">
		<attribute name="profileHome" description="WAS Home (e.g. C:/Progra~1/WebSphere/AppServer/profiles/profile_name)." />
		<attribute name="activationSpecificationName"
			description="The name of the activation specification that you want to create" />
		<attribute name="activationSpecificationJndiName"
			description="The Java Naming and Directory Interface (JNDI) of the activation specification" />			
		<attribute name="busName" default=""
			description="the name of bus on which the associated queue exists" />
		<attribute name="destinationJndiName" default=""
			description="JNDI Name of destination" />
		<attribute name="destinationType" default=""
			description="Indicates if the message-driven bean uses a queue or topic destination" />
		<attribute name="server" default="server1"
			description="WAS server name associated with the DB2 JDBC provider.  At least one of cell/node/server must be specified." />
		<attribute name="node" default=""
			description="WAS node name associated with the DB2 JDBC provider.  At least one of cell/node/server must be specified." />
		<attribute name="cell" default=""
			description="WAS cell name associated with the DB2 JDBC provider.  At least one of cell/node/server must be specified." />		
		<attribute name="scope" default=""
			description="Specify on which scope to deploy WAS artifact" />
						
		<sequential>
					
			<set name="args" value="" />

			<if>
				<not>
					<equals arg1="@{server}" arg2="" trim="true" />
				</not>
				<then>
					<set name="args" value="${args} -server @{server}" />
				</then>
			</if>

			<if>
				<not>
					<equals arg1="@{node}" arg2="" trim="true" />
				</not>
				<then>
					<set name="args" value="${args} -node @{node}" />
				</then>
			</if>

			<if>
				<not>
					<equals arg1="@{cell}" arg2="" trim="true" />
				</not>
				<then>
					<set name="args" value="${args} -cell @{cell}" />
				</then>
			</if>			
							
			<!-- dir attribute is required because JACL script "sources" another JACL file from the same directory. -->
			<was_5_common.local:runWsadmin wasHome="@{profileHome}"
				jaclFile="${was_6_common.local.basedir}${file.separator}jacl${file.separator}createDefaultMessagingActivationSpecification.jacl"
				dir="${was_6_common.local.basedir}${file.separator}jacl">
				<arg value="-name" />
				<arg value="@{activationSpecificationName}" />
				<arg value="-jndiName" />
				<arg value="@{activationSpecificationJndiName}" />				
				<arg value="-bus" />
				<arg value="@{busName}" />
				<arg value="-scope" />
				<arg value="@{scope}" />						
				<arg value="-destinationJndiName" />
				<arg value="@{destinationJndiName}" />
				<arg value="-destinationType" />
				<arg value="@{destinationType}" />	
				<arg line="${args}" />
			</was_5_common.local:runWsadmin>
			<unset name="args" />	
		</sequential>
	</macrodef>
		
	<macrodef name="createDefaultMessagingTopicDestination" uri="was_6_common.local"
		description="Creating default messaging queue destination">
		<attribute name="profileHome" description="WAS Home (e.g. C:/Progra~1/WebSphere/AppServer/profiles/profile_name)." />
		<attribute name="topicName"
			description="The name of the SIB JMS topic " />
		<attribute name="topicJndiName"
			description="The JNDI name of the SIB JMS topic" />			
		<attribute name="busName" default=""
			description="The name of the bus on which the topic resides" />
		<attribute name="topicSpaceName" default=""
			description="The name of the underlying SIB topic space to which the topic points. " />				
		<attribute name="server" default="server1"
			description="WAS server name associated with the DB2 JDBC provider.  At least one of cell/node/server must be specified." />
		<attribute name="node" default=""
			description="WAS node name associated with the DB2 JDBC provider.  At least one of cell/node/server must be specified." />
		<attribute name="cell" default=""
			description="WAS cell name associated with the DB2 JDBC provider.  At least one of cell/node/server must be specified." />		
		<attribute name="scope" default=""
			description="Specify on which scope to deploy WAS artifact" />
						
		<sequential>
					
			<set name="args" value="" />

			<if>
				<not>
					<equals arg1="@{server}" arg2="" trim="true" />
				</not>
				<then>
					<set name="args" value="${args} -server @{server}" />
				</then>
			</if>
			
			<if>
				<not>
					<equals arg1="@{node}" arg2="" trim="true" />
				</not>
				<then>
					<set name="args" value="${args} -node @{node}" />
				</then>
			</if>

			<if>
				<not>
					<equals arg1="@{cell}" arg2="" trim="true" />
				</not>
				<then>
					<set name="args" value="${args} -cell @{cell}" />
				</then>
			</if>			
							
			<!-- dir attribute is required because JACL script "sources" another JACL file from the same directory. -->
			<was_5_common.local:runWsadmin wasHome="@{profileHome}"
				jaclFile="${was_6_common.local.basedir}${file.separator}jacl${file.separator}createDefaultMessagingTopicDestination.jacl"
				dir="${was_6_common.local.basedir}${file.separator}jacl">
				<arg value="-name" />
				<arg value="@{topicName}" />
				<arg value="-jndiName" />
				<arg value="@{topicJndiName}" />				
				<arg value="-bus" />
				<arg value="@{busName}" />
				<arg value="-scope" />
				<arg value="@{scope}" />						
				<arg value="-topicSpace" />
				<arg value="@{topicSpaceName}" />					
				<arg line="${args}" />
			</was_5_common.local:runWsadmin>
			<unset name="args" />	
		</sequential>
	</macrodef>
	
	<macrodef name="createDefaultMessagingConnectionFactory" uri="was_6_common.local"
		description="Creating default messaging queue destination">
		<attribute name="profileHome" description="WAS Home (e.g. C:/Progra~1/WebSphere/AppServer/profiles/profile_name)." />
		<attribute name="connectionFactoryName"
			description="The name of the SIB JMS connection factory" />
		<attribute name="connectionFactoryJndiName"
			description="The JNDI name of the SIB JMS connection factory" />			
		<attribute name="busName" default=""
			description="The name of the bus on which the topic resides" />
		<attribute name="connectionFactoryType" default=""
			description="The type of connection factory to create" />				
		<attribute name="server" default="server1"
			description="WAS server name associated with the DB2 JDBC provider.  At least one of cell/node/server must be specified." />
		<attribute name="node" default=""
			description="WAS node name associated with the DB2 JDBC provider.  At least one of cell/node/server must be specified." />
		<attribute name="cell" default=""
			description="WAS cell name associated with the DB2 JDBC provider.  At least one of cell/node/server must be specified." />		
		<attribute name="scope" default=""
			description="Specify on which scope to deploy WAS artifact" />
							
		<sequential>
						
			<set name="args" value="" />

			<if>
				<not>
					<equals arg1="@{server}" arg2="" trim="true" />
				</not>
				<then>
					<set name="args" value="${args} -server @{server}" />
				</then>
			</if>

			<if>
				<not>
					<equals arg1="@{node}" arg2="" trim="true" />
				</not>
				<then>
					<set name="args" value="${args} -node @{node}" />
				</then>
			</if>

			<if>
				<not>
					<equals arg1="@{cell}" arg2="" trim="true" />
				</not>
				<then>
					<set name="args" value="${args} -cell @{cell}" />
				</then>
			</if>			
								
			<!-- dir attribute is required because JACL script "sources" another JACL file from the same directory. -->
			<was_5_common.local:runWsadmin wasHome="@{profileHome}"
				jaclFile="${was_6_common.local.basedir}${file.separator}jacl${file.separator}createDefaultMessagingConnectionFactory.jacl"
				dir="${was_6_common.local.basedir}${file.separator}jacl">
				<arg value="-name" />
				<arg value="@{connectionFactoryName}" />
				<arg value="-jndiName" />
				<arg value="@{connectionFactoryJndiName}" />				
				<arg value="-bus" />
				<arg value="@{busName}" />
				<arg value="-scope" />
				<arg value="@{scope}" />						
				<arg value="-type" />
				<arg value="@{connectionFactoryType}" />					
				<arg line="${args}" />
			</was_5_common.local:runWsadmin>
			<unset name="args" />	
		</sequential>
	</macrodef>
	
	<macrodef name="createJ2CAuthentication" uri="was_6_common.local"
		description="Define authentication data, which includes user identities and passwords">
		<attribute name="profileHome" description="Profile directory (e.g. C:/Progra~1/WebSphere/AppServer/profiles/profile_name)." />
		<attribute name="alias"
			description="Specifies the name of the authentication data entry" />
		<attribute name="userID" 
			description="Specifies the user identity" />
		<attribute name="password" 
			description="the pass word of the user" />
		<attribute name="description" default="JAAS Alias for WebSphere"
			description="Specifies an optional description of the authentication data entry" />
		<sequential>
			<was_5_common.local:createJ2CAuthentication wasHome="@{profileHome}" alias="@{alias}" userID="@{userID}" password="@{password}" description="@{description}" />
		</sequential>
	</macrodef>
	
	<macrodef name="WASProfile" uri="was_6_common.local"
		description="Create the run-time environment for a WebSphere Application Server process in a set of files called a profile">
		<attribute name="wasHome"
			description="Directory into which WAS is installed (e.g. C:/Progra~1/WebSphere/AppServer)." />
		<attribute name="profileName"
			description="Specifies the name of the profile. Use a unique value when creating a profile." />
		<attribute name="profileHome"
			description="Specifies the fully qualified path to the profile." />
		<attribute name="nodeName"
			description="Specifies the node name for the node that is created with the new profile. Use a unique value or on the machine." />
		<attribute name="hostName" 
			description="Specifies the host name where you are creating the profile. This should match the host name that you specified during installation of the initial product." />
		<attribute name="serverName" default="server1"
			description="Specifies the name of the application server." />
		<attribute name="cellName" 
			description="Specifies the cell name of the profile. Use a unique cell name for each profile." />		

		<sequential>
			<if>
				<os name="Linux" /><!-- BUGBUG: Not yet supported -->
				<then>
					<!-- The WAS 6 silent installer returns a 1 after successful install; prevent failonerror. -->
					<!-- Cannot directly execute ./install (get an error about it not being found). -->
					<os:runCmd cmd="/bin/sh" dir="@{installerDir}/linuxi386" failonerror="false">
						<arg value="-c" />
						<arg value="./install -options ${was_6_common.local.basedir}/files/was-6.rsp" />
					</os:runCmd>
				</then>

				<elseif>
					<os family="windows" />
					<then>
						<os:runCmd cmd="wasprofile" dir="@{wasHome}/bin">
							<arg value="-create" />							
							<arg value="-profileName" />
							<arg value="@{profileName}" />
							<arg value="-profilePath" />
							<arg value="@{profileHome}" />	
							<arg value="-templatePath" />
							<arg value="@{wasHome}/profileTemplates/default" />
							<arg value="-nodeName" />
							<arg value="@{nodeName}" />
							<arg value="-hostName" />
							<arg value="@{hostName}" />
							<arg value="-serverName" />
							<arg value="@{serverName}" />
							<arg value="-cellName" />
							<arg value="@{cellName}" />
							<arg value="-portsFile" />
							<arg value="@{wasHome}/portdef.props" />
														
						</os:runCmd>
					</then>
				</elseif>

				<else>
					<fail
						message="ASC macro was_6_common:addProfile invoked on an unsupported platform (os.name=${os.name})" />
				</else>
			</if>
		</sequential>
	</macrodef>
	
	<macrodef name="createPortsFile" uri="was_6_common.local"
		description="Create the file that defines port settings for the new profile">
		<attribute name="wasHome"
			description="Directory into which WAS is installed (e.g. C:/Progra~1/WebSphere/AppServer)." />		
		<attribute name="WCDefaultHost" default="9080"
			description="Thpe port of WC_defaulthost" />
		<attribute name="WCAdminHost" default="9060"
			description="Thpe port of WC_adminhost" />
		<attribute name="WCDHSecure" default="9443"
			description="Thpe port of WC_defaulthost_secure" />
		<attribute name="WCAHSecure" default="9043"
			description="Thpe port of WC_adminhost_secure" />
		<attribute name="bootStrapAddress" default="2809"
			description="Thpe port of BOOTSTRAP_ADDRESS" />
		<attribute name="SOAPConnectorAddress" default="8880"
			description="Thpe port of SOAP_CONNECTOR_ADDRESS" />
		<attribute name="SASSSAuthListenerAddress" default="9401"
			description="Thpe port of SAS_SSL_SERVERAUTH_LISTENER_ADDRESS" />
		<attribute name="CSIV2SSAuthListenerAddress" default="9403"
			description="Thpe port of CSIV2_SSL_SERVERAUTH_LISTENER_ADDRESS" />
		<attribute name="CSIV2SMAuthListenerAddress" default="9402"
			description="Thpe port of CSIV2_SSL_MUTUALAUTH_LISTENER_ADDRESS" />
		<attribute name="ORBListenerAddress" default="9100"
			description="Thpe port of ORB_LISTENER_ADDRESS" />
		<attribute name="DCSUnicastAddress" default="9353"
			description="Thpe port of DCS_UNICAST_ADDRESS" />
		<attribute name="SIBEndpointAddress" default="7276"
			description="Thpe port of SIB_ENDPOINT_ADDRESS" />
		<attribute name="SIBEndpointSAddress" default="7286"
			description="Thpe port of SIB_ENDPOINT_SECURE_ADDRESS" />
		<attribute name="SIBMQEndpointAddress" default="5558"
			description="Thpe port of SIB_MQ_ENDPOINT_ADDRESS" />
		<attribute name="SIBMQEndpointSAddress" default="5578"
			description="Thpe port of SIB_MQ_ENDPOINT_SECURE_ADDRESS" />
		<sequential>
			<propertyfile file="@{wasHome}/portdef.props" comment="Port Settings">
				<entry  key="WC_defaulthost" value="@{WCDefaultHost}"/>
				<entry  key="WC_adminhost" value="@{WCAdminHost}"/>
				<entry  key="WC_defaulthost_secure" value="@{WCDHSecure}"/>
				<entry  key="WC_adminhost_secure" value="@{WCAHSecure}"/>
				<entry  key="BOOTSTRAP_ADDRESS" value="@{bootStrapAddress}"/>
				<entry  key="SOAP_CONNECTOR_ADDRESS" value="@{SOAPConnectorAddress}"/>
				<entry  key="SAS_SSL_SERVERAUTH_LISTENER_ADDRESS" value="@{SASSSAuthListenerAddress}"/>
				<entry  key="CSIV2_SSL_SERVERAUTH_LISTENER_ADDRESS" value="@{CSIV2SSAuthListenerAddress}"/>
				<entry  key="CSIV2_SSL_MUTUALAUTH_LISTENER_ADDRESS" value="@{CSIV2SMAuthListenerAddress}"/>
				<entry  key="ORB_LISTENER_ADDRESS" value="@{ORBListenerAddress}"/>
				<entry  key="DCS_UNICAST_ADDRESS" value="@{DCSUnicastAddress}"/>
				<entry  key="SIB_ENDPOINT_ADDRESS" value="@{SIBEndpointAddress}"/>
				<entry  key="SIB_ENDPOINT_SECURE_ADDRESS" value="@{SIBEndpointSAddress}"/>
				<entry  key="SIB_MQ_ENDPOINT_ADDRESS" value="@{SIBMQEndpointAddress}"/>
				<entry  key="SIB_MQ_ENDPOINT_SECURE_ADDRESS" value="@{SIBMQEndpointSAddress}"/>
			</propertyfile>
		</sequential>
	</macrodef>
	
	<macrodef name="deletePortsFile" uri="was_6_common.local"
		description="Delete the file that defines port settings for the new profile">
		<attribute name="wasHome"
			description="Directory into which WAS is installed (e.g. C:/Progra~1/WebSphere/AppServer)." />
		
		<sequential>
			 <delete file="@{wasHome}/portdef.props"/>
		</sequential>
	</macrodef>
	
	<macrodef name="createProfile" uri="was_6_common.local"
		description="Create the run-time environment for a WebSphere Application Server process in a set of files called a profile">
		<attribute name="wasHome"
			description="Directory into which WAS is installed (e.g. C:/Progra~1/WebSphere/AppServer)." />
		<attribute name="profileName"
			description="Specifies the name of the profile. Use a unique value when creating a profile." />
		<attribute name="profileHome"
			description="Specifies the fully qualified path to the profile." />
		<attribute name="nodeName"
			description="Specifies the node name for the node that is created with the new profile. Use a unique value or on the machine." />
		<attribute name="hostName" 
			description="Specifies the host name where you are creating the profile. This should match the host name that you specified during installation of the initial product." />
		<attribute name="serverName" default="server1"
			description="Specifies the name of the application server." />
		<attribute name="cellName" 
			description="Specifies the cell name of the profile. Use a unique cell name for each profile." />		
		<attribute name="WCDefaultHost" default="9080"
			description="Thpe port of WC_defaulthost" />
		<attribute name="WCAdminHost" default="9060"
			description="Thpe port of WC_adminhost" />
		<attribute name="WCDHSecure" default="9443"
			description="Thpe port of WC_defaulthost_secure" />
		<attribute name="WCAHSecure" default="9043"
			description="Thpe port of WC_adminhost_secure" />
		<attribute name="bootStrapAddress" default="2809"
			description="Thpe port of BOOTSTRAP_ADDRESS" />
		<attribute name="SOAPConnectorAddress" default="8880"
			description="Thpe port of SOAP_CONNECTOR_ADDRESS" />
		<attribute name="SASSSAuthListenerAddress" default="9401"
			description="Thpe port of SAS_SSL_SERVERAUTH_LISTENER_ADDRESS" />
		<attribute name="CSIV2SSAuthListenerAddress" default="9403"
			description="Thpe port of CSIV2_SSL_SERVERAUTH_LISTENER_ADDRESS" />
		<attribute name="CSIV2SMAuthListenerAddress" default="9402"
			description="Thpe port of CSIV2_SSL_MUTUALAUTH_LISTENER_ADDRESS" />
		<attribute name="ORBListenerAddress" default="9100"
			description="Thpe port of ORB_LISTENER_ADDRESS" />
		<attribute name="DCSUnicastAddress" default="9353"
			description="Thpe port of DCS_UNICAST_ADDRESS" />
		<attribute name="SIBEndpointAddress" default="7276"
			description="Thpe port of SIB_ENDPOINT_ADDRESS" />
		<attribute name="SIBEndpointSAddress" default="7286"
			description="Thpe port of SIB_ENDPOINT_SECURE_ADDRESS" />
		<attribute name="SIBMQEndpointAddress" default="5558"
			description="Thpe port of SIB_MQ_ENDPOINT_ADDRESS" />
		<attribute name="SIBMQEndpointSAddress" default="5578"
			description="Thpe port of SIB_MQ_ENDPOINT_SECURE_ADDRESS" />

		<sequential> 		 	 
			   
			   
			<was_6_common.local:createPortsFile wasHome="@{wasHome}" WCDefaultHost="@{WCDefaultHost}" WCAdminHost="@{WCAdminHost}" WCDHSecure="@{WCDHSecure}" WCAHSecure="@{WCAHSecure}" 
				bootStrapAddress="@{bootStrapAddress}" SOAPConnectorAddress="@{SOAPConnectorAddress}" SASSSAuthListenerAddress="@{SASSSAuthListenerAddress}" CSIV2SSAuthListenerAddress="@{CSIV2SSAuthListenerAddress}" 
				CSIV2SMAuthListenerAddress="@{CSIV2SMAuthListenerAddress}" ORBListenerAddress="@{ORBListenerAddress}" DCSUnicastAddress="@{DCSUnicastAddress}" SIBEndpointAddress="@{SIBEndpointAddress}" SIBEndpointSAddress="@{SIBEndpointSAddress}"
				SIBMQEndpointAddress="@{SIBMQEndpointAddress}" SIBMQEndpointSAddress="@{SIBMQEndpointSAddress}" />
			<was_6_common.local:WASProfile wasHome="@{wasHome}" profileName="@{profileName}" profileHome="@{profileHome}" nodeName="@{nodeName}" hostName="@{hostName}" serverName="@{serverName}" cellName="@{cellName}"/>
			<was_6_common.local:deletePortsFile wasHome="@{wasHome}"/>
		</sequential>
	</macrodef>
	
	
</project>
